question_id,method,category,answer_score,retrieval_hit,formula_match,faithfulness,p_override,failure_type,overlap_gc,overlap_ca,overlap_ga,missing_symbols,extra_symbols,context_preview,answer
1,standard,text_only,90,1,1,1,No,没有明显错误,0,0,0,[],[],"1.1 多传感器数据融合基本描述 数据融合是一个多级、多层面的数据处理过程,主要完成对来自多个信息源的数据进行 自动检测、关联、相关及估计的融合处理“。数据融合是一个多学科交叉的研究领域,有 些学科相对成熟,有理论基础支持其具体应用,如贝叶斯推理、多传感器数据采集、多目标 跟踪方法等;也有些学科还在",数据融合是一个多级、多层面的数据处理过程，其主要任务是对来自多个信息源的数据进行自动检测、关联、相关及估计的融合处理。该过程不仅涉及对多传感器信息的处理，还具有多层次的特性，可以在不同的信息抽象层次上进行数据融合。具体来说，数据融合可以发生在以下几个层次上：  1. **传感器层（数据层）**：这是最底层的融合形式，直接对原始数据（如像素级或采样数据）进行融合处理，目的是提高数据的分辨率和精度。 2. **特征层**：在这一层，数据经过初步处理后，提取出一些特征（如形状、纹理等），并基于这些特征进行融合，以提高识别和分类的性能。 3. **决策层**：这是最高层的融合形式，对各个传感器或系统得出的决策结果进行融合，以得到一个更加准确和可靠的最终决策。  数据融合与经典的信号处理方法存在本质上的区别，主要在于它处理的多传感器信息具有更复杂的形式，并且可以在不同的信息层次上进行处理。数据融合不仅关注数据的获取和处理，还强调信息的关联和估计，以实现对复杂系统的更准确理解和决策支持。
2,standard,text_only,70,1,1,0,No,未准确反映参考上下文中的信息层次描述,0,0,0,[],[],"多传感器数据融合中的数据处理方法、与经典信号处理方法相比较存在本质上的区别 数据融合所处理的多传感器信息具有更复杂的形式,并且可以在不同的信息层次上出现,每 个层次都可以对检测数据进行不同程度的融合。例如,在数据层(像素级)、特征层和决策 层“都可以进行数据的融合处理。目前所提到的数据融合也主要包括",根据信息层次的不同，目前提到的数据融合主要分为传感器级、特征级和决策级三种方式。
3,standard,text_only,80,1,1,1,No,未完全覆盖参考上下文中的所有关键点，例如对合作性的定义和多源图像融合技术的重要性。,0,0,0,[],[],"际合,称补丁单一传感器获取的图像数据在儿何、光谱、时间和空同分辨率等万画所仔在时 局限性和差异性缺陷,满足现实应用中不同观测和研究对象的要求。 图像融合技术的主要研究内容是如何加工、处理以及协同利用多源图像数据信息,便得 不同形式的信息相互补充,从而最终获得对同一事物或目标的更客观、更本质的认识。与",多源图像数据所提供的信息与单源相比具有以下三种关键性质： 1. 冗余性：多源图像数据对同一目标或环境的描述可能存在重复的信息，这些信息来源于相同或不同的传感器。冗余信息能够降低误差和减少整体决策的不确定性，从而提高识别率和精确度。 2. 互补性：多源图像数据来源于不同的传感器，这些信息具有不同的特征和视角，相互之间是独立的。互补性保证了从多个角度获取信息，有助于更全面地理解目标或环境。 3. 合作性：多源图像数据能够通过一定的变换被映射到一个共同的数据空间，这些变换的结果反映了目标在某一方面的特征。通过合理地利用这些信息，可以实现信息的协同利用，从而获得更客观、更本质的认识。
4,standard,cross_segment_reasoning,80,1,1,1,No,没有完全展开说明,0,0,0,[],[],"图像融合技术的主要研究内容是如何加工、处理以及协同利用多源图像数据信息,便得 不同形式的信息相互补充,从而最终获得对同一事物或目标的更客观、更本质的认识。与单 源图像数据相比,多源图像数据所提供的信息具有冗余性、互补性及合作性。多源图像数据 的几余性表示它们对外境或日标的表不、描还或解析结果相同。几",在多源图像融合中，合理利用冗余信息能够提高识别率的原因主要体现在以下几个方面： 1. 通过多个传感器对同一目标进行观测，获得的冗余信息可以对目标特征进行更全面和更精确的描述。这些信息虽然在形式上可能存在差异，但通过适当的变换，可以将它们映射到一个共同的数据空间，从而实现对目标特征的多角度分析和理解。 2. 冗余信息的合理利用有助于降低误差和减少整体决策的不确定性。由于不同传感器在不同条件下对目标的观测可能会受到环境因素的影响，导致观测结果存在一定的误差。通过融合多个传感器的冗余信息，可以有效地消除或减弱这些误差，提高识别结果的准确性。 3. 冗余信息的利用还能够增强系统的鲁棒性。当部分传感器的数据因环境干扰或设备故障而失效时，其他传感器的冗余信息仍然可以保证系统的正常运行，从而避免因单一传感器失效而导致的识别失败。
5,standard,unanswerable,50,1,0,0,No,待评测回答未提供任何信息，而标准答案明确说明了无法解答的原因。待评测回答没有体现出对参考上下文和标准答案的理解和分析，也没有给出任何相关的内容。,0,0,0,[],[],"各发达国家也致力于为信息融合设计混合的传感器和处理器,同时进行各种信息融合系 统的研制。由于具有宽阔的时空覆盖区城、较高的测量维数、良好的目标空同分辨率,以及 较强的故障容错与系统重构能力,信息融合系统的概念一经提出、就引起西方各国国防部门 的高度重视,开将其列为车事高科技研究和发展领域中的一个重要",不知道
6,standard,text_only,80,0,1,1,No,部分信息缺失,0,0,0,[],[],"2.1多传感器的数据融合架构 多传感器信息融合孩结构划分,可以分为集中式、分布式以及混管式三大类。在空中日 标跟踪领域,集中式和分布式融合通常也分别被称为量测融合和航迹融合。集中式融合对融 合中心的处理能力及通信带宽要求较高,一旦融合中心失效则整个系统就会瘫痰。分布式融 合系统对通信带宽和融合中心计",多传感器集中式融合结构是指所有传感器的原始数据都传输到一个中央节点（即融合中心），由该中心进行数据的综合处理和融合，以得到最终的估计结果或决策。这种结构的特点包括：  1. **处理能力要求高**：由于所有传感器的数据都需要集中处理，因此对融合中心的计算能力和存储能力有较高要求。 2. **通信带宽需求大**：所有传感器的数据都需要传输到融合中心，这会占用较大的通信带宽。 3. **系统可靠性依赖中心**：如果融合中心发生故障，整个系统将无法正常运行。 4. **信息完整性保留**：由于所有原始数据在融合中心进行处理，因此能够保持较高的信息完整性。  这种结构适用于对数据处理要求高、通信条件较好的场景，但其在系统可靠性和扩展性方面存在一定的局限性。
7,standard,cross_segment_reasoning,90,1,1,1,No,未提到标准答案中的'融合速度快'优点,0,0,0,[],[],"2.1.1 集中式融合结构 集中式融合是将所有的传感器获得的测量信息,直接输送到中央处理单元进行统一处 理。例如,在便用雷达和红外等多类检测设备(传感器)对运动日标进行跟际的过程种 其跟际算法多数用的是卡尔曼滤波,集中式融合就是将所有雷达、红外等传感器所获得的效 据,不经过处理,直接传送给计算中心进",相对于集中式融合，分布式融合结构的主要优点包括：   （1）通信开销小：分布式融合中各传感器首先进行局部参数估计，仅将局部估计值传输给融合中心，相较于集中式融合将所有原始数据传输至中央处理单元，可显著降低通信负担。   （2）融合中心存储容量需求小：由于仅传输局部估计值，融合中心无需存储大量原始数据，从而减少对存储资源的需求。   （3）系统扩展性好：分布式结构允许各传感器独立运行并处理本地信息，便于系统的扩展和维护，提高了多传感器系统的灵活性。   （4）系统生存能力强：在部分传感器失效或通信链路中断的情况下，分布式融合仍能保持系统运行，增强了系统的鲁棒性。   （5）融合速度快：由于局部估计和融合过程在不同层次并行进行，可缩短整体的融合时间。    主要缺点包括：   （1）融合中心信息完整性降低：分布式融合仅传输局部估计值，会丢失部分原始数据信息，可能导致融合结果的精度和可靠性受到影响。   （2）局部估计误差累积：各传感器的局部估计可能存在误差，若误差未被有效抑制，可能在融合过程中累积，影响最终的融合性能。   （3）协调复杂性增加：为确保各传感器局部估计的一致性和融合结果的准确性，需设计复杂的协调机制和通信协议，增加了系统设计和实现的难度。
8,standard,text_only,85,1,1,1,No,没有,0,0,0,[],[],"2.1.3 混合式融合结构 在混合式融合中,既包含集中式融合,也包含分布式融合,它可以由两种融合方式组合 而成。混合式融合估计的流程示意图如图2.3所示 传感器1 跟踪滤波算法 传感器n 遥加母 跟踪滤波算法 融 传感器n+1 血什甘 跟踪 滤波 m 算法 传感器n十m 心 图2.3混合式融合估计流",混合式融合结构由集中式融合和分布式融合两种融合方式组成。
9,standard,cross_segment_reasoning,60,1,0,1,No,缺少具体公式和数学方程,0,5,0,[],"['V', 'A', 'W', 'K', '$ K(k) $']","X(t)=AX(t)+W(t) (2.1) (蒙(t)=HX(t)+V(t) 其中,A表示状态转移矩阵;日表示状态观测矩阵;W(4)表示状态噪声;V(1)表示噪声 根据卡尔曼滤波公式,则可以获得被跟踪目标的航迹状态估计值x。针对卡尔曼滤波这样有 确定性数学模型的跟踪滤波算法,计算中心对于来自多传感器",卡尔曼滤波器通过递归的方式获得系统的状态估计值。具体来说，它基于系统的动态模型和观测模型，利用前一时刻的状态估计和当前时刻的观测数据，通过预测和更新两个步骤来计算当前时刻的状态估计。  首先，卡尔曼滤波器利用状态转移矩阵 $ A $ 和观测矩阵 $ H $ 对当前时刻的状态进行预测，得到先验状态估计 $ \hat{x}(k/k-1) $。这个预测过程考虑了系统动态模型和状态噪声 $ W(k) $ 的影响。  其次，卡尔曼滤波器利用当前时刻的观测值 $ Z(k) $ 和观测噪声 $ V(k) $ 来更新先验状态估计，得到后验状态估计 $ \hat{x}(k/k) $。这个更新过程通过计算卡尔曼增益 $ K(k) $ 来权衡先验估计和观测值的可靠性，从而得到最优的状态估计。  在预测和更新过程中，卡尔曼滤波器还计算误差协方差矩阵 $ P(k) $ 来量化状态估计的不确定性，并利用这些信息来优化后续的估计过程。因此，卡尔曼滤波器能够以最小化均方误差的方式获得系统的状态估计值。
10,standard,cross_segment_reasoning,85,1,1,1,No,未提及卡尔曼滤波的具体公式推导过程,0,0,0,[],[],"如果雷达和红外传感器分别获得了空中目标的测量值,首先利用卡尔曼滤波求取雷达数据 的滤波误差协方差矩阵p(k/k)和状态滤波值X*(k/k),然后用p*(k/k)来替换红外传感器的 预测协方差矩阵p”(k/k-1),用x“(h/6)来替换红外传感器的状态预测值矩阵x“(k/k-1),最 终获得全局的状",在序贯式卡尔曼滤波中对雷达和红外传感器进行融合时，需要在红外数据中补充雷达的径向距离，主要是为了保证红外测量数据与雷达测量数据在形式和维度上保持一致，从而实现有效融合。  1. **数据维度一致性**：雷达传感器通常提供目标的径向距离、高低角和方位角等三维测量数据，而红外传感器由于硬件限制，通常仅能提供高低角和方位角的二维测量信息。为使两种传感器的数据能够在融合算法中进行统一处理，需要将雷达数据中作为补充信息的径向距离引入红外测量数据中，使其也具备三维测量信息。  2. **滤波算法的兼容性**：序贯式卡尔曼滤波算法通常基于高斯分布假设，并且要求传感器的测量数据与状态估计具有相同的维度和形式。为使红外测量数据能够被正确地用于更新状态估计和误差协方差矩阵，必须将雷达的径向距离作为红外测量数据的补充信息，从而保证两者在数学模型中具有相同的维度和物理意义。  3. **传感器信息的互补性**：尽管雷达和红外传感器在测量方式上存在差异，但它们的测量信息在目标跟踪中具有互补性。雷达的径向距离具有较高的精度和可靠性，而红外传感器的高低角和方位角在某些场景下（如存在强雷达干扰时）具有更好的表现。将雷达的径向距离补充到红外测量数据中，可以更全面地利用两种传感器的优势，提高融合算法的性能。  综上所述，将雷达的径向距离补充到红外测量数据中，是为了确保两种传感器的数据在形式和维度上保持一致，从而实现有效的融合。
11,standard,unanswerable,85,1,1,1,No,未提及温度对卡尔曼滤波器的影响,0,0,0,[],[],"(1)对雷达传来的数据进行卡尔曼滤波计算:  ... (文档跳转) ...  (X(k+1)=p(k+1,k)X(k)+U(k)a+W(k), (6.13) (Z(k)=H(k)X(k)+V(k) 设N是雷达采样周期△r与红外测量器的采样周△T之比,即N=Ar/A7。设雷达跟际滤 波器对目标状态的最",卡尔曼滤波器本质上是一种基于数学模型的递归滤波算法，其核心在于对系统的状态进行估计和预测，不直接依赖于环境温度等物理条件。因此，从算法本身的特性来看，卡尔曼滤波器理论上可以在任何温度环境下正常运行，包括零下50度的恶劣极地环境。  然而，实际应用中，卡尔曼滤波器的性能会受到一些与环境相关因素的影响。例如，雷达系统的硬件设备（如天线、发射器、接收器等）在极寒环境下可能会出现性能下降或故障，这可能会导致输入到卡尔曼滤波器的雷达信号失真或质量下降。如果输入信号的质量受到环境因素的影响而变得不可靠，那么卡尔曼滤波器的估计结果可能会受到影响，进而导致跟踪精度的降低。  此外，如果在极地环境中存在特殊的干扰源（如极端天气条件、电磁干扰等），这些因素也可能对雷达信号的采集和处理产生影响。因此，为了保证卡尔曼滤波器在极地环境下正常工作，需要确保雷达系统能够稳定地采集高质量的信号，并且滤波器的参数能够根据实际环境进行适当调整。  综上所述，卡尔曼滤波器本身能够处理雷达信号而不受温度的直接影响，但其实际性能会受到雷达系统和环境条件的制约。要确保其在零下50度的极地环境下正常工作，需要采取相应的技术和工程措施来保证信号质量和系统稳定性。
12,standard,text_only,85,1,1,1,No,无,0,0,0,[],[],"第3章贝叶斯推理方法 贝叶斯推理方法是一种统计方法,在数据融合中属于统计融合算法,其理论基础是贝叶 斯法则。在给定证据的条件下,贝叶斯推理能提供一种计算条件概率(即后验概率)的方 法。贝叶斯网络是一种源自图形化的建模工具,它将有向无环图与概率理论相结合,用于不 确定性推理。本章首先介绍贝叶斯法则与贝",贝叶斯推理方法在数据融合技术中属于统计融合算法，其理论基础是贝叶斯法则。
13,standard,cross_segment_reasoning,70,0,0,1,No,未提及贝叶斯法则和概率公式，但正确描述了数据融合的基本原理和方法,5,5,5,[],[],"例3.2金属粒测器(MD)能检测出大于1cm且只有儿克重的金属碎片的存在、地卜 探测雷达(GPR)能利用电磁波的差异从土壤和其他背最中发现大于10cm的物体。金属检 测器只能简单地区分物体中是否含有金属,而地下探测雷达却具有物体地分类功能,因为它 能对物体地多个属性有所响应,如尺寸、形状、物体类型及",在给定的矿物探测实例中，结合地下探测雷达(GPR)和金属探测器(MD)融合的核心原理是通过数据融合技术来提高对矿物的检测性能。GPR和MD分别利用不同的物理原理来探测目标：GPR通过电磁波的差异探测大于10cm的物体，而MD通过检测金属碎片的存在来识别金属物体。由于两种传感器具有不同的探测能力和局限性，因此通过融合它们的数据可以发挥各自的优势并弥补不足。  具体而言，GPR能够提供更详细的物体信息，如尺寸、形状、物体类型及内部结构等，而MD仅能检测是否存在金属。因此，在数据融合过程中，首先可以利用MD对目标进行初步筛选，识别出可能存在金属的区域，然后利用GPR对这些区域进行更精确的检测，从而提高矿物检测的效率和准确性。  为了实现数据融合，需要考虑雷达和红外传感器的采样周期不同，以及如何对数据进行滤波和融合。这通常涉及到先对红外传感器的数据进行滤波，然后再将滤波后的数据与雷达的测量值进行融合，以获得更准确的状态估计。最终的目标是通过融合算法，如最小二乘法等，提高系统对目标的检测性能和可靠性。
14,standard,cross_segment_reasoning,70,1,1,1,No,定义描述不完整,0,0,0,[],[],"定义3.3(贝叶斯网络)假设贝叶斯网络中的节点集为V=1V,V,⋯,V},则贝叶斯 网络N可以表示为二元组N=(G,)。其中,G=(V,E)表示节点关系的有同无环图,称之 为贝叶斯网络结构;0=10,6,⋯,9,表不每个节点V在它的父节点集pa(X)的条件卜的 条件概率,称之为贝叶斯网络参数。 根据",在贝叶斯网络图结构中，根节点和叶节点的区别在于它们的父节点和子节点数量。 根节点是没有父节点的节点，而叶节点是没有子节点的节点。
15,standard,text_only,70,1,0,1,No,待评测回答缺少对连接方式的详细描述，如头对尾、尾对尾、头对头的说明，以及未提及这些连接方式与有向分离的关系。,0,0,0,[],[],"如图3.3所示,考虑三类特殊的节点连接情况:第一类是顺序连接(X→X→X),其中 X为头对尾节点;第二类是发散连接(X一X→X),其中X为尾对尾节点;第三类是收敛 连接(X→X一X),其中X为头对头节点。  ... (文档跳转) ...  定义3.4(有向分离)对于贝叶斯网络N=(G,O),X,和X",顺序连接、发散连接、收敛连接
16,standard,cross_segment_reasoning,85,1,1,1,No,未详细说明的精度问题和约束方法的精度问题,2,2,2,[],[],"在贝叶斯网络应用中,每个节点的状态信息会保存在历史数据中,而通过这些历史数据 (训练数据)学习DAG结构则被称为结构学习。相比于专家知识的方法,基于数据学习的 方法更省资源且更高效,学习得到的结构也更贴近于实际应用,这也使得基于数据学习的方 法更适用于构建贝叶斯网络。由于贝叶斯网络结构空间的大小会随",基于数据学习贝叶斯网络结构时可能遇到的问题包括： 1. 结构空间的指数级增长：贝叶斯网络结构空间的大小会随着节点数目以及节点的状态数呈现指数级别增长，使得结构学习成为一个NP难问题。 2. 计算和搜索的复杂度高：由于结构空间的指数级增长，导致结构学习的计算和搜索复杂度很高。 3. 数据不足或存在噪声时的精度问题：当训练数据量不足或存在很多噪声时，所学习的贝叶斯网络结构可能与实际相差巨大。 4. 学习到的结构可能不合理或不符合实际：在数据学习过程中，可能会学习到不合理及不符合实际的有向边，需要专家知识进行修正以确保所构建的贝叶斯网络结构是符合实际应用的。 5. 精度较低的问题：基于约束的贝叶斯网络结构学习方法虽然求解效率高，能够适用于规模较大的网络结构学习，但会有精度较低的现象出现，一旦数据不足或存在噪声时，结果将会与实际偏差较大。
17,standard,cross_segment_reasoning,75,1,1,1,No,未完全覆盖标准答案提到的'精度较低'和'与实际偏差较大'，但补充了关于数据依赖性和统计检验敏感性的分析，且与上下文内容一致。,0,0,0,[],[],"结构学习的目的是通过对样本数据集的分析,从中发现节点与节点之同的依颗关系,从 而构建出与样本集最为吻合的网络结构,这也是学习和应用贝叶斯网络的基础和核心。根据 训练数据是否存在缺失,结构学习也分为完整数据结构学习以及缺失数据结构学习,本章主 要介绍完整训练集下的贝叶斯网络结构学习问题 对于一组随机变",基于约束的贝叶斯网络结构学习方法存在的一个容易被忽略的弱点是：对数据的依赖性和对统计检验的敏感性。这种方法通过统计检验来判断节点之间的独立性或相关性，从而进行图的构建。然而，当数据不足或数据中存在噪声时，统计检验的结果可能会变得不可靠，从而导致构建的网络结构与实际的数据分布存在较大偏差。此外，这种方法的精度较低，无法准确捕捉到复杂的关系和结构，特别是在数据的分布特性较为复杂或变量之间的依赖关系较为隐晦的情况下，这种方法的局限性会更加明显。
18,standard,unanswerable,0,1,0,0,No,待评测回答未提供任何内容，无法进行有效评估。,0,0,0,[],[],"定义3.2(马尔可夫条件)假设有向无环图G=(V,E),且V的联合概率分布为P(V) 对仕意的X∈V,在X的父节点集pa(X)已知的情况下,如果X强立于其非后代节点集 nd(X),即I(X,nd(X)|pa(X)),则称G=(V,E)符合马尔可夫条件。 贝叶斯网络同样满是马尔可天条件,它也是对联合概",不知道  贝叶斯网络中的马尔可夫条件描述的是概率图模型中变量之间的条件独立性关系，与量子力学中的量子纠缠机制属于完全不同的领域。马尔可夫条件是基于概率论和图论的条件独立性假设，用于刻画变量之间的依赖关系，而量子纠缠是量子力学中的一种非经典相关性现象。因此，贝叶斯网络中的马尔可夫条件并没有涉及或依赖于量子纠缠机制。
19,standard,cross_segment_reasoning,70,0,1,1,No,未提及指数爆炸计算问题,2,4,2,[],"['Dempster', 'K']","D-S算法的核心是一套Dempster合成规则(也称让据合成公式),这是Depster在研 究统计同题时盲先提出的,随后Shacr把它推)到更为一般的情形。该算法的优点在于证雅 理论中需要的先验数据比概率推理理论中的更为直观、更容易获得,再加上Dempser合成 公式可以综合不同专家或数据源的知识或",D-S证据理论中，Dempster合成规则在以下情况下不适用或受到局限： 1. **证据不独立**：Dempster合成规则要求输入的证据必须是独立的，而这个条件在实际应用中有时难以满足。当证据之间存在相关性或依赖性时，直接应用该规则可能导致结果不准确。 2. **冲突证据**：当多个证据源对同一命题的赋值存在高度冲突时，Dempster合成规则中的归一化常数K可能会趋近于零，从而导致计算不稳定或结果失去意义。 3. **归一化问题**：在某些情况下，归一化常数K可能为零，这使得合成结果无法计算，从而限制了Dempster合成规则的应用。 4. **不完全信息**：当证据源提供的信息不完整或存在不确定性时，Dempster合成规则可能无法准确综合这些信息，导致结果的可靠性降低。
20,standard,cross_segment_reasoning,85,0,1,1,No,部分概念表述不够准确,0,0,3,"['Bel', 'Pl']","['D', 'S']","予了该命题的反命题,因此a,的支持度为0,它的似然度1-Ba(a)也等于0(由于 Be(a)=1)。如果知道命题a,肯定为真,可以用[1,1]表示它的支持度和似然度,此时 不确定区间也为0,这是因为所有的概率分配值都赋予了命题α,因此α,的支持度为1 它的似然度1-Be(a)由于Ba(a)=0,所以","在D-S证据理论中，基本概率赋值(BPA)是定义不确定区间的基础。根据背景信息，支持度和似然度是通过基本概率赋值来计算的，并且不确定区间是通过这些支持度和似然度来表示的。具体来说：  1. **支持度的计算**：支持度是指支持该命题的传感器直接证据所对应的概率分配值的和。也就是说，支持度是直接分配给命题的基本概率赋值的总和。  2. **似然度的计算**：似然度是指支持该命题反命题的不是传感器直接证据所对应的概率分配值的和。也就是说，似然度是分配给命题反命题的基本概率赋值的总和。  3. **不确定区间的计算**：不确定区间是通过支持度和似然度来计算的。根据背景信息，如果支持度和似然度为[0.25,1]，说明证据部分支持命题a，支持的程度为0.25，此时的似然度为1说明了证据没有直接反驳命题a，此时位于宽为0.75的不确定区间里的概率分配值可以自由地转化为支持该命题。  因此，基本概率赋值(BPA)通过定义支持度和似然度，进而影响不确定区间的计算。具体来说，基本概率赋值的大小和分布直接决定了支持度和似然度的值，而支持度和似然度的值又决定了不确定区间的范围和位置。  综上所述，基本概率赋值(BPA)是影响不确定区间的关键因素，它决定了支持度和似然度的值，而支持度和似然度的值又决定了不确定区间的范围和位置。"
21,standard,cross_segment_reasoning,85,0,1,1,Suspected,部分表述不够严谨，如'不能区分'和'不能表示'的表述需要更准确。,2,0,0,"['D', 'S']",[],"4.3 证据理论与贝叶斯判决理论的比较 在证据(Dempster-shafer)理论中,可以把表示不确定概念的概率直接分配给不知道事 件,也就是能分配给识别框架θ里的任何命题,从这一点来说,证据理论比贝叶斯理论更 具一般性。而且在证据理论中,可以把传感器的分类错误,用直接分配给由不知道所引起的 不确","证据理论与贝叶斯理论在处理不确定性时最核心的差异在于对""不知道""引起的不确定性的处理能力。证据理论允许将概率分配给识别框架中的任何命题，包括整个识别框架本身，从而能够直接表示由于不知道引起的不确定性。而贝叶斯理论则只能将概率分配给原始的子命题，无法区分""缺乏信任""和""不信任""这两个不同的概念，并且不能表示由于不知道引起的不确定性。"
22,standard,cross_segment_reasoning,85,0,1,1,No,未完全提及空间域和时间域的融合顺序,0,6,0,['Dempster'],"['X', 'V', 'M', 'S', 'Y']","4.4 证据理论在图像融合中的应用举例 假定我们可以获取学生在听课时的图像信息,如何判断学生听课的专注度,这是一个很 富挑战性的课题。假定针对一个学生进行判别时,将人体识别框架设定为2=1左顾右盼,理 头,端坐,不确定1,分别用h、h、h,和V来表示,将人体的x轴质心变化、y轴质心变化、 面积变化和","DS证据理论在结合摄像头的多个特征进行决策时，首先将学生的行为分为不同的类别，并为每个类别建立一个独立的证据体。在学生端坐或左顾右盼的例子中，将人体识别框架设定为四种状态：左顾右盼、理头、端坐和不确定，分别用h₁、h₂、h₃和V表示。同时，将人体的x轴质心变化、y轴质心变化、面积变化和角度变化作为四个独立的证据体，记为M = {X, Y, S, θ}。  每个证据体的数值通过设定的阈值与实际的检测结果进行比较，得到相应的基本概率赋值。在实验中，摄像头的视频被处理得到四个证据体的关键信息，然后使用改进的D-S证据理论对信息进行融合。  首先，对视频按照时间分成不同的部分，并在每一部分对空间域进行融合。然后，将得到的结果进行时间域的融合，最终得到决策结果。在实验中，将四个证据体的数值和阈值进行比较，得到基本概率赋值，例如m(h₁) = 4.1001×10⁻⁴, m(h₂) = 2.1133×10⁻⁴, m(h₃) = 0.9999, m(V) = 4.7766×10⁻⁴。选取门限θ = 0.1，可以得到最终的决策结果是h₃，即学生处于端坐的状态。  因此，DS证据理论通过将多个特征的检测结果转化为基本概率赋值，并利用D-S证据理论进行信息融合，最终得到学生行为的决策结果。"
23,standard,unanswerable,85,1,1,1,No,未明确提及具体实验数据,0,0,0,[],"['A', 'B', 'P']","4.3 证据理论与贝叶斯判决理论的比较 在证据(Dempster-shafer)理论中,可以把表示不确定概念的概率直接分配给不知道事 件,也就是能分配给识别框架θ里的任何命题,从这一点来说,证据理论比贝叶斯理论更 具一般性。而且在证据理论中,可以把传感器的分类错误,用直接分配给由不知道所引起的 不确",根据提供的背景信息，没有提到任何与学生吃零食时BPA（概率分配）分配极度失衡相关的实验数据或研究。背景信息主要讨论了证据理论与贝叶斯理论的比较，以及它们在处理不确定性和概率分配方面的不同之处，并未涉及具体实验或案例分析，尤其是与学生吃零食相关的场景。因此，无法基于现有信息得出相关结论。  回答：不知道。
24,standard,text_only,60,0,0,1,No,待评测回答中将模糊推理机称为核心元件，而标准答案明确指出核心是模糊控制器，二者存在核心概念的偏差。,0,0,0,[],[],"(1)模糊化接口;模糊控制器的输入向量必须是一个经过模糊化的向量,因此需要将 系统原先的精确数字向量转换为一个模糊向量,该模糊向量可以用语言值(或者基于模糖 集合的标识符)来表示,而且可以万便地被模糊规则所辨识、计算。  ... (文档跳转) ...  (3)模糊推理机;是模糊控制器的核心,以模糊概",模糊计算原理中的核心元件是模糊推理机，它主要解决非线性系统、难以建立精确数学模型的系统以及需要人机交互的复杂系统问题。
25,standard,cross_segment_reasoning,85,0,1,1,No,未充分提及模糊积分控制器改进和模糊推理中的数据融合方法,3,3,3,[],[],"将上还模糊控制算法用于球秆系统实际控制,反复调整系统的参数使得系统达到稳定。  ... (文档跳转) ...  5.3.4 球秆系统楔砌控制器改进与伤具 常规模糊控制器本身的特点,决定了它不能消除系统静差。以简单一维模糊控制器为例 分析其原因;设输人变量e在论域E上的模糊子集为B(i=1,2,⋯,m",在球杆系统模糊控制器中，对传统PID进行模糊推论化改进的主要原因是为了解决传统PID控制在非线性系统中的不足，从而提高系统的控制性能。  首先，球杆系统本身是一个非线性系统，其动态特性复杂且具有不确定性。传统PID控制方法是基于线性系统理论设计的，适用于线性或近似线性的系统。然而，在非线性系统中，PID控制器的参数（比例系数、积分系数和微分系数）无法很好地适应系统动态特性的变化，导致控制效果不理想，甚至可能引起系统不稳定。  其次，模糊控制方法能够有效处理非线性和不确定性的系统。模糊推论化改进的PID控制器能够根据系统的实时状态，动态调整控制参数。这使得控制器能够更好地适应系统的变化，提高系统的鲁棒性和控制精度。  最后，模糊推论化改进的PID控制器可以更好地处理球杆系统的干扰和扰动。通过模糊推理，控制器能够根据误差和误差变化率等信息，合理分配比例、积分和微分作用，从而提高系统的响应速度和稳态性能。  综上所述，对传统PID进行模糊推论化改进是为了更好地适应球杆系统的非线性和不确定性，提高系统的控制性能和鲁棒性。
26,standard,cross_segment_reasoning,85,0,1,1,No,未提及多传感器数据融合中BP神经网络的具体应用场景,2,2,2,[],[],"多传感器数据融合中的数据处理方法、与经典信号处理方法相比较存在本质上的区别 数据融合所处理的多传感器信息具有更复杂的形式,并且可以在不同的信息层次上出现,每 个层次都可以对检测数据进行不同程度的融合。例如,在数据层(像素级)、特征层和决策 层“都可以进行数据的融合处理。目前所提到的数据融合也主要包括",在采用BP神经网络进行多传感器数据融合时，算法的致命收敛缺陷是容易陷入局部极小值。这是由于BP神经网络的训练过程依赖于梯度下降算法，而损失函数的非凸性导致梯度下降算法可能会收敛到局部极小值而非全局极小值。这种缺陷限制了网络的性能和泛化能力。
27,standard,text_only,85,0,1,1,No,未提及联想记忆修复和未具体说明能量函数的定义,3,4,3,[],['Hopfield'],"状态,那么Hopield神经网络就能够用于解决优化组合问题。Hopield神经网络模型是由一 系列互联的神经单元组成的反馈型网络,如图6.5所示[3 图6.5 Hopfield神经网络模型 对于Hopfield神经网络第i个神经元,采用微分方程建立其输人输出关系, dui L 十 Cid wgbj ",Hopfield神经网络相较于前馈网络，主要被应用于解决**优化路径问题**和**组合优化问题**等领域的融合难题。其作为一类反馈型网络，能够通过能量函数的最小化过程找到问题的近似最优解，尤其适用于具有复杂相互关系的优化问题。例如，在文档中提到的**旅行商问题（TSP）**就是一个典型的例子，Hopfield神经网络能够通过其动态演化过程寻找问题的有效解。  具体来说，Hopfield神经网络的特性使其在以下领域有广泛应用： 1. **优化路径问题**：如旅行商问题（TSP）等，Hopfield网络通过模拟物理系统的能量最小化过程，寻找近似最优解。 2. **组合优化问题**：Hopfield网络能够处理具有多个约束条件和复杂相互关系的组合优化问题，如资源分配、调度问题等。  这些应用与Hopfield网络的反馈结构和能量函数特性密切相关，使其能够通过网络的动态演化过程求解复杂问题。
28,standard,cross_segment_reasoning,85,0,1,1,No,未完全提及交叉和变异操作的具体方法,0,0,0,[],[],"(5)根据交义概率P。及变异概率P⋯,执行交叉和变异操作,在上一代群体的基础上产 生新一代的码串群体。这样反复执行第(1)步到第(5)步,使码单群体一代一代不断进 化,最后搜索到最适合问题环境的个体,求得问题的最优解。  ... (文档跳转) ...  在编码过程中,为了设计合适的染色体和相应的遗传",交叉操作通过将不同父代个体的基因片段进行组合，能够保持群体多样性，并且在保持原有优良基因的基础上，通过重组生成新的个体。这种机制有助于算法在搜索空间中找到更优的解，是遗传算法全局寻优的首要驱动力。变异操作则通过随机地改变个体的某些基因值，增加了群体的遗传多样性，从而防止算法陷入局部最优解，提高全局寻优能力。变异操作是算法全局寻优的次要驱动力。
29,standard,unanswerable,50,1,0,0,No,待评测回答未提供任何信息，而标准答案明确说明了参考资料中未提供相关信息，因此未能准确反映实际情况。,0,0,0,[],[],"(2)对参数进行编码。遗传算法是对待优化参数转化成的梁色体进行遗传操作的,所以 盲先要将参数编码为遗传空间中的基因甲。基本的编码方式有实数编码和二进制编码,实数 编码虽然不用解码,但是不便于进行遗传操作,二进制编码虽然需要解码,但是遗传操作 方便。  ... (文档跳转) ...  代表同一个目标,",不知道
30,standard,unanswerable,0,1,0,0,No,待评测回答与参考上下文和标准答案均无直接关联。参考上下文主要讨论粒子群算法中的参数调整、算法停滞判断以及粒子聚合程度的定义，而待评测回答则聚焦于局部最优解与多模态目标的冲突处理方法，这些内容在参考上下文中并未提及。标准答案也明确表示无法提供相关信息。因此，待评测回答偏离了参考上下文的核心内容，且未与标准答案形成对应关系。,0,3,0,[],"['G', 'A', 'I', 'N', 'S']","当经过若干次迭代后,a(x)值保持为1时则表明算法停滞或找到了最优值 定义8.2若第t代种群中的第i个粒子用x(4)1(i∈11,2,⋯,N1)表示,该粒子当前 最优适应度用元表示,当前时刻的个体极值用元⋯(4)表不,当丽所有粒于的平均值用 fve(t)表示,用β(x)表示粒子聚合的程度,则有 f,",在粒子群算法中，如果局部最优解(pbest)与多模态目标关联算法冲突，强行合并可能会影响算法的性能和结果的准确性。因此，通常不会直接强行合并，而是通过以下几种方法进行处理：  1. **动态调整参数**：可以根据粒子的分布情况和算法的收敛情况，动态调整算法的参数，如惯性权重、学习因子等，以保持粒子群的多样性，避免过早收敛到局部最优解。例如，当检测到粒子群的聚合程度较高时，可以适当增加惯性权重，以提高粒子的探索能力，防止陷入局部最优解。  2. **引入多样性保持机制**：可以在算法中引入多样性保持机制，如随机扰动、变异操作等，以防止粒子群过早收敛到局部最优解。这些机制可以确保粒子群在搜索过程中保持一定的多样性，从而提高找到全局最优解的可能性。  3. **多目标优化策略**：如果问题涉及多目标优化，可以采用多目标粒子群算法，如NSGA-II等，以同时考虑多个目标函数，避免因局部最优解与多模态目标的冲突而导致的优化问题。这些算法通常会维护一个非支配解集，以平衡多个目标之间的关系。  4. **外部存档机制**：可以引入外部存档机制，将非支配解存储在一个外部存档中，并在每次迭代中利用这些存档解来指导粒子的搜索。这种方法可以有效保持种群的多样性，并避免过早收敛到局部最优解。  5. **启发式规则**：可以根据问题的具体特点和约束条件，设计一些启发式规则，将局部最优解与多模态目标进行合理匹配。例如，可以通过评估局部最优解的适应度和多样性指标，选择性地保留或替换某些解，以达到更好的优化效果。  总之，强行合并局部最优解与多模态目标可能会导致算法性能下降，因此更推荐通过动态调整参数、引入多样性保持机制、多目标优化策略、外部存档机制和启发式规则等方法来处理这种冲突。这些方法可以有效保持粒子群的多样性，提高找到全局最优解的可能性。
31,standard,formula_dependent,70,0,0,1,Suspected,公式不完整且未包含噪声项,2,2,1,"['X_{k', 'W', 'W_{k', 'X_k']",['A'],"X(t)=AX(t)+W(t) (2.1) (蒙(t)=HX(t)+V(t) 其中,A表示状态转移矩阵;日表示状态观测矩阵;W(4)表示状态噪声;V(1)表示噪声 根据卡尔曼滤波公式,则可以获得被跟踪目标的航迹状态估计值x。针对卡尔曼滤波这样有 确定性数学模型的跟踪滤波算法,计算中心对于来自多传感器",卡尔曼滤波器的状态更新方程（又称为状态预测方程）的完整数学表达式为：X(k/k-1)=AX(k-1/k-1)。
32,standard,formula_dependent,100,0,1,1,No,none,2,3,2,['V_k'],"['$ R $', '$ R(k) $', 'Kalman', 'E', '$ R(k) = E\\{V(k)V(k)\\} $']","系统噪声的协方差矩阵为 Q(k)=E{W(k)W1(k)} (2.3) 观测噪声的协方差矩阵为 R(k)=E{V(k)V(k)} (2.4) 卡尔曼滤波器就是在已知观测序列1Y(0),Y(1),⋯,Y(k)}的前提条件下,要求解 X(k)的估计值,使得后验误差估计的协方差矩阵P(h/k)最小。其中 ",根据卡尔曼滤波的原理和相关公式，增益矩阵（Kalman gain）的表达式中，用来代表量测误差协方差矩阵的数学符号是 $ R $。这个符号对应于观测噪声的协方差矩阵 $ R(k) $，即公式 $ R(k) = E\{V(k)V(k)\} $ 所描述的矩阵。因此，答案是 $ R $。
33,standard,formula_dependent,55,0,1,0,No,未准确描述K的物理意义，将K的物理意义错误地描述为交集部分的总和，而标准答案中K是衡量冲突程度的系数。,1,2,1,[],['Dempster'],"K= (4.12) m(B)·m?(C)=1- m?(B·m?(C) BnC=O BnC=O 对于vA=O,识别框架O上的有限个mass函数m,mz,⋯,的Dempster合成规则为 m(A)·mz(A2)⋯·m(A)(4.13) (m,④ m?④⋯④ma)(A)= KA?∩A?A⋯nAn=A 其中",根据背景信息中的描述，Dempster合成规则的公式分母中的常数项 1-K 中的 K 是归一化因子，其物理意义或冲突描述为两个基本概率分配的交集部分的总和，即 K 表示两个基本概率分配的交集部分的总和。这个交集部分的总和越大，表示两个基本概率分配的冲突程度越小。相反，如果交集部分的总和越小，则表示两个基本概率分配的冲突程度越大。在Dempster合成规则中，K 用于归一化合并后的基本概率分配，以确保其总和为1。
34,standard,formula_dependent,70,0,1,0,No,待评测回答中提到了基本概率赋值函数m的定义域和值域，以及其满足的规范化条件，但没有提到标准答案中强调的m(空集)=0的条件，因此不完全符合标准答案的要求。,1,3,1,[],"['D', '$$', '$\\Theta$', '$m$', '$A$']","开始 边缘检测 提取轮廊 读取图像 图像预处理 在空间域进行 在时域进行信 结束 得到结果 证据收集 信息融合 息融合 图4.3 学生行为分析与推理决策流程图 4.4.1 基本概率赋值的获取 在运用D-S理论的过程中,最为关键的部分是利用现有独立证据给每个相应焦元进行 基本概率两数分配。但基本概率赋","D-S理论中用于表示基本概率赋值向目标全集映射的规范化数学形式是： $$ m: 2^{\Theta} \rightarrow [0,1] $$ 其中，$m$是基本概率赋值函数，$2^{\Theta}$是目标全集$\Theta$的幂集，即$\Theta$的所有子集的集合。对于$\Theta$的任意一个子集$A$，$m(A)$表示证据支持$A$的最小概率，且满足： $$ \sum_{A \subseteq \Theta} m(A) = 1 $$"
35,standard,formula_dependent,80,1,0,1,No,参考上下文和标准答案中并没有涉及贝叶斯法则递推数学形态的公式描述，因此无法进行公式匹配,0,0,0,[],[],"本书主要包括以下几个方面:介绍多传感器系统数据融合的基本架构与理论体系;介绍 基于概率论的智能化方法,例如基于证据理论、贝叶斯理论、模糊数学理论等方法的传感器 数据融合技术;也介绍基于遗传算法、神经网络、粒子群等仿生学类的智能化方法在数据融 合中的应用:结合当今人工智能发展的热点、介络深度学习埋论在",在利用贝叶斯法则进行多传感器序列数据连续更新（如递归滤波）时，其递推数学形态通常不直接包含微积分操作，而是基于概率论和统计推断的递推公式进行更新。  贝叶斯法则的递推形式，例如在卡尔曼滤波或粒子滤波等递归滤波方法中，是通过将新的观测数据与当前的状态估计相结合，逐步更新后验概率分布。这种更新过程主要依赖于概率的乘法和归一化操作，而不是微积分操作。  具体来说，在卡尔曼滤波中，状态估计的更新是通过以下步骤完成的： 1. **预测步骤**：利用系统的动态模型对状态进行预测。 2. **更新步骤**：利用观测数据对预测的状态进行修正。  在这些步骤中，涉及到的数学操作主要是矩阵运算和概率的乘法与归一化，而没有直接使用微积分操作。因此，贝叶斯法则的递推数学形态在进行多传感器序列数据连续更新时，通常不包含微积分操作。
36,standard,formula_reasoning,70,1,0,1,No,"公式不匹配：待评测回答中的公式与参考上下文中的公式(3.12)不一致。参考上下文中公式(3.12)的描述为g(n)=2^{n-1}+C(n,2)*g(n-1)，而待评测回答中使用了不同的递归公式。",1,1,1,[],"['sum_{i', '$$']","结构学习的目的是通过对样本数据集的分析,从中发现节点与节点之同的依颗关系,从 而构建出与样本集最为吻合的网络结构,这也是学习和应用贝叶斯网络的基础和核心。根据 训练数据是否存在缺失,结构学习也分为完整数据结构学习以及缺失数据结构学习,本章主 要介绍完整训练集下的贝叶斯网络结构学习问题 对于一组随机变","根据背景信息中给出的公式(3.12)，我们有： $$g(n) = 2^{n-1} + \sum_{i=1}^{n-1} C(n, i) \cdot g(n - i), \quad n > 1$$ 其中，C(n, i)表示从n个元素中选取i个元素的组合数。  当n=5时，我们可以代入公式计算g(5)： $$g(5) = 2^{5-1} + \sum_{i=1}^{5-1} C(5, i) \cdot g(5 - i)$$ $$= 16 + \left[ C(5,1) \cdot g(4) + C(5,2) \cdot g(3) + C(5,3) \cdot g(2) + C(5,4) \cdot g(1) \right]$$  接下来，我们需要计算g(4)、g(3)、g(2)和g(1)的值。根据公式(3.12)，我们有： $$g(1) = 1$$ $$g(2) = 2^{2-1} + \sum_{i=1}^{2-1} C(2, i) \cdot g(2 - i)$$ $$= 2 + C(2,1) \cdot g(1)$$ $$= 2 + 2 \cdot 1 = 4$$ $$g(3) = 2^{3-1} + \sum_{i=1}^{3-1} C(3, i) \cdot g(3 - i)$$ $$= 4 + \left[ C(3,1) \cdot g(2) + C(3,2) \cdot g(1) \right]$$ $$= 4 + \left[ 3 \cdot 4 + 3 \cdot 1 \right] = 4 + 15 = 19$$ $$g(4) = 2^{4-1} + \sum_{i=1}^{4-1} C(4, i) \cdot g(4 - i)$$ $$= 8 + \left[ C(4,1) \cdot g(3) + C(4,2) \cdot g(2) + C(4,3) \cdot g(1) \right]$$ $$= 8 + \left[ 4 \cdot 19 + 6 \cdot 4 + 4 \cdot 1 \right] = 8 + 94 = 102$$  将这些值代入公式，可以得到： $$g(5) = 16 + \left[ 5 \cdot 102 + 10 \cdot 19 + 10 \cdot 4 + 5 \cdot 1 \right]$$ $$= 16 + \left[ 510 + 190 + 40 + 5 \right] = 16 + 745 = 761$$  因此，当n=5时，根据公式(3.12)计算得到的g(n)的值是761。"
37,standard,formula_reasoning,85,1,1,1,No,未完全引用参考上下文中的具体公式编号和应用场景,3,3,3,['H_i'],[],"P(E)= (3.6) [P(E|H;)P(H;)] i=1 式(3.6)称为全概率公式。  ... (文档跳转) ...  P(E|H)P(H?) P(HE)= (3.8) [P(E|H;)P(H,)」 j=1 式中,P(H1E)为在给定证据E的情况下,假设事件日,发生的概率;P(E|日)为假设事","全概率公式是概率论中的一个重要公式，用于计算某一事件发生的总概率，考虑了所有可能的条件。其推导基于条件概率和事件的互斥性与完备性。全概率公式的推导过程如下：  设事件E为所关注的事件，H₁, H₂, ..., Hₙ为一组互斥且完备的假设事件（即H₁, H₂, ..., Hₙ中任意两个事件不能同时发生，并且所有事件的并集为全空间）。根据全概率公式，事件E发生的总概率可表示为：  P(E) = Σ P(E|Hᵢ)P(Hᵢ)  其中i从1到n。这个公式表示为：事件E发生的总概率等于所有可能的假设事件Hᵢ的条件下事件E发生的条件概率乘以对应假设事件Hᵢ的先验概率，然后将所有这些值相加。  推导过程如下：  1. 由于H₁, H₂, ..., Hₙ是互斥且完备的事件，因此可以将事件E分解为多个互斥事件的并集：    E = E∩H₁ ∪ E∩H₂ ∪ ... ∪ E∩Hₙ  2. 根据概率的可加性，事件E的总概率可以表示为这些互斥事件的概率之和：    P(E) = P(E∩H₁) + P(E∩H₂) + ... + P(E∩Hₙ)  3. 根据条件概率的定义，P(E∩Hᵢ) = P(E|Hᵢ)P(Hᵢ)  4. 将步骤3的结果代入步骤2的公式，得到：    P(E) = P(E|H₁)P(H₁) + P(E|H₂)P(H₂) + ... + P(E|Hₙ)P(Hₙ)  5. 最终得到全概率公式：    P(E) = Σ P(E|Hᵢ)P(Hᵢ) ，其中i从1到n  每个部分的含义如下：  - P(E) 表示事件E发生的总概率。 - P(E|Hᵢ) 表示在假设事件Hᵢ发生的条件下，事件E发生的条件概率。 - P(Hᵢ) 表示假设事件Hᵢ的先验概率，即在没有任何其他信息的情况下，事件Hᵢ发生的概率。 - Σ 表示对所有可能的假设事件H₁, H₂, ..., Hₙ进行求和操作。"
38,standard,formula_reasoning,85,1,1,1,No,公式符号表达不一致,3,3,3,[],[],"C 6.2.2 BP神经网络算法的数学表达 BP神经网络算法的实质是求取误差函数的最小值问题,这种算法采用非线性规划中的 最速下降方法,按误差函数的负梯度方向修改权系数 首先,定义输出层的误差函数 (6.3) ( 2 其中,Y,是输出单元的期望输出值;X?是输出单元的实际输出值 由于BP神经网络算法",根据给定的背景信息和公式，首先计算输出层权值W的偏导数。由于X= W*X1，因此： ∂e/∂W = ∂(1/2(Y - X)²)/∂W = ∂(1/2(Y - W*X1)²)/∂W = - (Y - W*X1)*X1  将∂e/∂W代入权值更新公式ΔW = -η * ∂e/∂W，得到： ΔW = -η * [- (Y - W*X1)*X1] = η*(Y - W*X1)*X1  因此，权值W的更新公式为： W = W + η*(Y - W*X1)*X1
39,standard,formula_reasoning,85,1,1,1,No,未明确说明学习率的取值范围,2,3,2,[],['X'],"C 6.2.2 BP神经网络算法的数学表达 BP神经网络算法的实质是求取误差函数的最小值问题,这种算法采用非线性规划中的 最速下降方法,按误差函数的负梯度方向修改权系数 首先,定义输出层的误差函数 (6.3) ( 2 其中,Y,是输出单元的期望输出值;X?是输出单元的实际输出值 由于BP神经网络算法",根据公式(6.6)和公式(6.8)推导出的权值修正公式为： AWg = -η * e * X  其中，学习率η在公式中起到调节权值修正幅度的作用。当η较大时，权值的修正幅度较大，算法收敛速度较快，但容易越过误差曲面的最小值点，导致不收敛；当η较小时，权值的修正幅度较小，算法收敛速度较慢，但更有可能收敛到误差曲面的最小值点。因此，需要选择一个合适的η值，以保证算法既能快速收敛又不发生震荡。
40,standard,formula_reasoning,70,1,1,1,No,对正则项在梯度中的具体体现形式存在偏差,2,2,2,[],[],"将实际输出x”与期望输出Y相比较,如果两者不等,则产生误差信号e,接着则按如 下公式反向传播修改权系数:  ... (文档跳转) ...  在将反向传播算法应用于前向多层网络时,采用Sigmoid函数作为激活函数,可通过下 列步骤对网络的权系数W,进行递归求取。注意每层有n个神经元的情况。即有一1,","权重W的梯度更新公式为：W := W - α ∇_W J(W,b)，其中α是学习率，∇_W J(W,b)是损失函数关于W的梯度。正则项的作用是防止过拟合，通过在损失函数中加入一个惩罚项，使得权重的大小不会变得太大。具体来说，正则项会使得梯度更新时，每个权重都乘以一个系数（1 - λ/(mα)），从而减小权重的大小。"
41,standard,formula_reasoning,40,1,0,0,No,公式和物理意义都存在严重错误,1,2,1,[],['I'],"本节介绍一种基于目标转弯速率自适应模型集的交互多模型辅助粒子滤波算法6(A daptveNodelSctsIterctngMutpleModelAxilayPartcleFtrAMS-IM-APF),该算 法可以构造包含目标机动转弯率的状态转移矩阵,在线估计目标的机动转弯角速率,并依推 辨识到的转弯",状态转移矩阵φ(k)在采样周期T趋近于零时的极限形式为： φ(k) = I + T * [0 0 0 0 0; 0 0 0 0 0; 0 0 0 0 0; 0 0 0 0 0; 0 0 0 0 0] 即单位矩阵I。  物理意义是：当采样周期T趋近于零时，状态转移矩阵φ(k)趋近于单位矩阵I，表示目标的运动模式为匀速运动。此时，状态转移矩阵的时变性消失，状态变量的变化率趋近于零，目标的运动轨迹趋于平直。
42,standard,formula_reasoning,90,1,1,1,No,未完全提及卡尔曼增益的推导过程和协方差矩阵的更新公式,5,5,5,[],"['$X(k/k-1)$', '$$', '$H$', '$K(k)$', '$X(k-1/k-1)$']",=E{[I-K(k)H]e(k/k-1)e'(k/k-1)[I-K(k)H]*}- (2.11) E{K(k)V(k)e'(k/k-1)[I-K(k)H]'}- E{[I-K(k)H3e(k/k-1)V1(k)K'(k)}+ E{K(k)V(k)V(k)K1(k)} 假设:随机信号W(h)与V(h),根据公式（2.15）和（2.16），状态估计的更新公式可以推导如下：  $$ X(k/k) = X(k/k-1) + K(k)[Y(k) - HX(k/k-1)] $$  公式（2.15）表示状态估计的更新公式，其中 $X(k/k)$ 为第 $k$ 时刻的后验状态估计，$X(k/k-1)$ 为第 $k$ 时刻的先验状态估计，$K(k)$ 为卡尔曼增益矩阵，$Y(k)$ 为第 $k$ 时刻的观测值，$H$ 为观测矩阵。  公式（2.16）表示状态预测估计的公式，其中 $X(k/k-1)$ 为第 $k$ 时刻的先验状态估计，$A$ 为状态转移矩阵，$X(k-1/k-1)$ 为第 $k-1$ 时刻的后验状态估计。  计算逻辑为：首先根据观测值和先验状态估计计算卡尔曼增益矩阵，然后将卡尔曼增益矩阵与观测值和先验状态估计的差值相乘，得到状态估计的更新量，并将其加到先验状态估计上，得到后验状态估计。
43,standard,formula_reasoning,70,1,1,0,No,错误地解释了公式中的矩阵含义,2,3,2,[],['O'],"X(k)=X(k/k-1)+K(k)[Y(k)-HX(k/1)] (2.15) 状态预测估计为 X(k/k-1)=AX(k-1/k-1) (2.16) 进一步计算得出误差的协方差矩阵如下式所示:  ... (文档跳转) ...  令C.(k1k)为[X.(k1k)-X,(k丨k)]的协方差矩阵,当状","在状态误差相关的情况下，协方差矩阵的更新公式中，Cii.(k|k)与P(k|k)和P,(h|k)之间的关系为： Cii.(k|k)=P(k|k)+P,(h|k) (7.1O) 这个关系式表示在状态误差相关的情况下，协方差矩阵Cii.(k|k)等于状态预测误差协方差矩阵P(k|k)和测量误差协方差矩阵P,(h|k)的和。这是因为当状态误差相关时，状态预测误差和测量误差之间存在相关性，因此需要将它们的协方差矩阵相加得到总的协方差矩阵。 这个关系式的物理意义是：当状态误差和测量误差之间存在相关性时，它们的协方差矩阵不能简单地相加，而是需要考虑到它们之间的相关性。通过将状态预测误差协方差矩阵和测量误差协方差矩阵相加，可以得到总的协方差矩阵，从而更准确地描述系统的不确定性。"
44,standard,formula_reasoning,85,1,1,1,No,Minor terminology inconsistency,1,2,3,['H'],"['X', 'C_z', 'C', 'E']","X(k)=X(k/k-1)+K(k)[Y(k)-HX(k/1)] (2.15) 状态预测估计为 X(k/k-1)=AX(k-1/k-1) (2.16) 进一步计算得出误差的协方差矩阵如下式所示:  ... (文档跳转) ...  令C.(k1k)为[X.(k1k)-X,(k丨k)]的协方差矩阵,当状",根据公式 (8.23) z(k|k-1) = h(h)X(k|k-1)，我们可以推导残差协方差的计算公式。首先，需要明确各个符号的含义：  1. z(k|k-1) 表示预测的观测值。 2. h(h) 表示观测模型的雅可比矩阵，它是观测模型 h(X) 对状态向量 X 的偏导数。 3. X(k|k-1) 表示状态的预测估计。  残差协方差的计算公式为：  C_z = E[(z(k|k-1) - z(k))(z(k|k-1) - z(k))^T]  其中，E[·] 表示数学期望，z(k) 是实际的观测值。  根据公式 (8.23)，z(k|k-1) = h(h)X(k|k-1)。将这个表达式代入残差协方差的计算公式中，得到：  C_z = E[(h(h)X(k|k-1) - z(k))(h(h)X(k|k-1) - z(k))^T]  由于观测模型和状态模型之间是线性关系，我们可以通过将状态预测的协方差矩阵和观测模型的雅可比矩阵进行矩阵乘法运算来计算残差协方差。最终，残差协方差的计算公式为：  C_z = h(h)P(k|k-1)h(h)^T + R  其中，P(k|k-1) 是状态预测的协方差矩阵，R 是观测噪声的协方差矩阵。  每个部分的含义如下：  1. h(h) 是观测模型的雅可比矩阵，它表示观测模型对状态向量的敏感度。 2. P(k|k-1) 是状态预测的协方差矩阵，它表示状态预测的不确定性。 3. R 是观测噪声的协方差矩阵，它表示观测值与预测值之间的差异。  因此，残差协方差的计算公式为：  C_z = h(h)P(k|k-1)h(h)^T + R  这个公式表示残差协方差是由观测模型的雅可比矩阵和状态预测的协方差矩阵相乘，再加上观测噪声的协方差矩阵组成的。
45,standard,formula_reasoning,90,1,1,1,No,未完全展开推导过程,2,6,2,[],"['$X(k/k-1)$', '$P(k/k)$', '$K(k)$', 'K', '$P(k/k-1)=E{e(k/k-1)e^*(k/k-1)}$']","系统噪声的协方差矩阵为 Q(k)=E{W(k)W1(k)} (2.3) 观测噪声的协方差矩阵为 R(k)=E{V(k)V(k)} (2.4) 卡尔曼滤波器就是在已知观测序列1Y(0),Y(1),⋯,Y(k)}的前提条件下,要求解 X(k)的估计值,使得后验误差估计的协方差矩阵P(h/k)最小。其中 ",先验误差估计的协方差矩阵 $P(k/k-1)$ 与先验误差估计 $e(k/k-1)$ 的关系可以通过数学期望的定义进行推导。首先，根据定义 $e(k/k-1)=X(k)-X(k/k-1)$，我们可以将 $e(k/k-1)$ 作为随机变量，其协方差矩阵 $P(k/k-1)$ 为该随机变量与其共轭的数学期望，即 $P(k/k-1)=E{e(k/k-1)e^*(k/k-1)}$。  在卡尔曼滤波中，先验误差估计的协方差矩阵 $P(k/k-1)$ 表示在没有利用当前观测值 $Y(k)$ 的情况下，对状态 $X(k)$ 的估计误差的统计特性。这个矩阵反映了预测状态 $X(k/k-1)$ 与真实状态 $X(k)$ 之间的不确定性和相关性。随着观测值的引入，卡尔曼增益 $K(k)$ 将根据 $P(k/k-1)$ 和观测噪声的协方差矩阵 $R(k)$ 进行调整，以最小化后验误差估计的协方差矩阵 $P(k/k)$，从而得到更精确的状态估计。  因此，先验误差估计的协方差矩阵 $P(k/k-1)$ 在卡尔曼滤波中具有重要的意义，它不仅影响卡尔曼增益的计算，还反映了系统状态预测的不确定性，是卡尔曼滤波算法中不可或缺的一部分。
46,standard,formula_reasoning,70,0,1,0,No,未能准确反映参考上下文中的公式和推导过程,3,3,5,"['X', 'G', 'E']","['$ 2 \\times 2 $', '$ K(k+1) $', '$$', '$ P(k|k) $', '$ I $']",e(k/k-1)=X(k)-X(k/k-1) (2.7) 可以得到先验误差估计的协方差矩阵为 P(k/k-1)=E{e(k/k-1)e1(k/k-1)} (2.8) 假定卡尔曼滤波的后验估计如下式所示:  ... (文档跳转) ...  X(k)=X(k/k-1)+K(k)[Y(k)-HX(k/1),根据卡尔曼滤波的推导步骤，状态估计误差的协方差矩阵 $ P(k+1) $ 可以通过状态转移矩阵 $ D(k) $ 和过程噪声协方差矩阵 $ Q(k) $ 推导得到。具体计算逻辑如下：  ### 1. **状态预测的协方差矩阵 $ P(k+1|k) $** 在卡尔曼滤波中，状态预测的协方差矩阵 $ P(k+1|k) $ 是基于前一时刻的后验协方差矩阵 $ P(k|k) $ 和过程噪声协方差矩阵 $ Q(k) $ 计算得到的。其计算公式为： $$ P(k+1|k) = D(k) P(k|k) D(k)^T + Q(k) $$ 其中： - $ D(k) $ 是状态转移矩阵，大小为 $ 2 \times 2 $。 - $ Q(k) $ 是过程噪声 $ W(k) $ 的协方差矩阵，表示系统模型的不确定性。 - $ D(k)^T $ 是 $ D(k) $ 的转置。  该公式描述了状态预测误差的协方差如何随着状态转移和过程噪声的引入而变化。在预测阶段，状态估计的不确定性会通过状态转移矩阵 $ D(k) $ 传播到下一时刻，并加上过程噪声的不确定性 $ Q(k) $。  ### 2. **状态更新的协方差矩阵 $ P(k+1|k+1) $** 在状态更新阶段，卡尔曼滤波会利用观测信息对预测状态进行修正，得到更精确的估计。此时，协方差矩阵 $ P(k+1|k+1) $ 会进一步更新为： $$ P(k+1|k+1) = (I - K(k+1) H) P(k+1|k) $$ 其中： - $ K(k+1) $ 是卡尔曼增益，由当前时刻的预测协方差矩阵 $ P(k+1|k) $ 和观测矩阵 $ H $ 以及观测噪声协方差矩阵 $ R(k+1) $ 计算得到：   $$   K(k+1) = P(k+1|k) H^T (H P(k+1|k) H^T + R(k+1))^{-1}   $$ - $ H $ 是观测矩阵，其大小由系统模型和观测模型决定。 - $ I $ 是单位矩阵。  该公式表示观测信息能够修正状态估计的不确定性，从而降低协方差矩阵的值。卡尔曼增益 $ K(k+1) $ 的大小决定了观测信息对状态估计的影响力。  ### 3. **最终结论** 因此，状态估计误差的协方差矩阵 $ P(k+1) $ 的推导可以分为两个阶段： - **预测阶段**：基于状态转移矩阵 $ D(k) $ 和过程噪声协方差矩阵 $ Q(k) $，计算得到 $ P(k+1|k) $。 - **更新阶段**：结合观测信息和卡尔曼增益 $ K(k+1) $，进一步修正得到 $ P(k+1|k+1) $。  综上，状态估计误差的协方差矩阵 $ P(k+1) $ 的推导过程为： $$ P(k+1|k) = D(k) P(k|k) D(k)^T + Q(k) $$ $$ P(k+1|k+1) = (I - K(k+1) H) P(k+1|k) $$  通过上述推导，可以得到状态估计误差的协方差矩阵 $ P(k+1) $，从而实现对状态估计精度的评估和优化。
47,standard,formula_reasoning,85,1,1,1,No,未明确提及矩阵的正定性要求,5,6,5,[],"['$P(k/k)$', '$$', '$P(k/k-1)$', '$K(k)$', '$H$']",e(k/k-1)=X(k)-X(k/k-1) (2.7) 可以得到先验误差估计的协方差矩阵为 P(k/k-1)=E{e(k/k-1)e1(k/k-1)} (2.8) 假定卡尔曼滤波的后验估计如下式所示:  ... (文档跳转) ...  (2.17) P(k/k)= [I-K(k)H]P-1(k/k,卡尔曼增益的计算公式为：   $$K(k)=P(k/k-1)H^T[R(k)+HP(k/k-1)H^T]^{-1}$$    **公式中 H 是转置矩阵 $H^T$ 的原因**在于公式推导过程中涉及了协方差矩阵的运算和矩阵的逆运算，具体逻辑如下：  ### 1. 协方差矩阵的性质 卡尔曼滤波中涉及的协方差矩阵 $P(k/k-1)$ 是一个对称矩阵，且其计算和更新过程严格遵循线性代数的性质。在进行卡尔曼增益的计算时，公式中的运算必须保持矩阵运算的合法性（如矩阵乘法的可逆性）。  ### 2. 卡尔曼增益的推导背景 卡尔曼增益 $K(k)$ 的推导基于以下目标： - 最小化后验估计误差的协方差矩阵 $P(k/k)$，即：   $$P(k/k)=[I-K(k)H]P(k/k-1)$$   - 要求 $K(k)$ 使得 $P(k/k)$ 达到最小值。  为了找到最小值，需要对 $K(k)$ 进行优化，推导过程中需要将 $P(k/k)$ 对 $K(k)$ 求导，并令导数为 0。   通过矩阵微分法则，推导得到 $K(k)$ 的表达式为： $$K(k)=P(k/k-1)H^T[R(k)+HP(k/k-1)H^T]^{-1}$$  ### 3. 公式中 $H^T$ 的作用 - **$H^T$ 是观测矩阵 $H$ 的转置**，在矩阵乘法中起到关键作用：   - $HP(k/k-1)H^T$ 是一个与 $R(k)$ 相加的项，表示观测噪声和预测误差的联合协方差矩阵。   - $P(k/k-1)H^T$ 是一个与观测矩阵 $H$ 的转置相乘的项，用于加权观测误差的修正。  ### 4. 保证矩阵的可逆性 - **$HP(k/k-1)H^T$ 必须是可逆矩阵**，否则卡尔曼增益无法计算。 - 转置矩阵 $H^T$ 的作用是保证 $HP(k/k-1)H^T$ 是一个对称的正定矩阵，从而满足可逆条件。  ### 5. 逻辑总结 - **$H^T$ 的引入是为了保持矩阵运算的合法性**，确保 $HP(k/k-1)H^T$ 是一个可逆的正定矩阵。 - **$H^T$ 的作用是将预测误差协方差矩阵 $P(k/k-1)$ 与观测矩阵 $H$ 相关联**，使得卡尔曼增益能够准确地反映观测误差与预测误差之间的关系。 - **$H^T$ 的存在是为了满足卡尔曼增益的推导逻辑**，即最小化后验估计误差的协方差矩阵 $P(k/k)$ 的过程。  综上所述，公式中 $H$ 是转置矩阵 $H^T$ 的原因是基于矩阵运算的合法性、矩阵的可逆性和卡尔曼增益的推导逻辑。
48,standard,formula_reasoning,0,1,0,0,No,待评测回答与参考上下文和标准答案无关，内容不匹配,0,2,0,[],"['Error', 'P', 'Pool', 'Call', 'Connection']","为了方便起见,考虑目标在水平面上做机动。假设目标在A时刻的转弯速率为心(A (假设在采样周期其角速率为常数)。选择目标的状态变量由位置(x,y)、速度(n,.)和角速 率a组成,即x'=(x,v,y,v,o),则目标的状态方程可表示为 x(k+1)=@(k)x(k)+Guk (8.16) 式中,T为","Remote Call Error: HTTPConnectionPool(host='ps2.tail07443e.ts.net', port=2640): Read timed out. (read timeout=60)"
49,standard,formula_reasoning,75,1,1,1,No,未完全引用上下文,2,2,2,[],[],"一个给定命题的支持度是这样定义的;传感器直接分配给该命题让据所对应的概率分配 直的和。这里传感器直接分配给孩命题的证据是指:孩命题及组成该命题的于命题的某些升 命题的集合,这些并命题是指被传感器赋予一定概率分配值的并命题。按照这个定义,某个 传感器判决目标类型为a,的支持度为 Bel(a)=m(a?",根据教材片段中的定义，一个命题的似然度是所有没有分配给该命题的反命题的概率分配值的和。而根据公式，一个命题的似然度可以表示为Pl(a) = 1 - Bel(a)。  对于Bel(a) = 0.4的命题a，根据公式Pl(a) = 1 - Bel(a)，可以计算得出Pl(a) = 1 - 0.4 = 0.6。这表明命题a的似然度为0.6。  因此，可以得出结论：当某个传感器的Bel(a) = 0.4时，其对应的Pl(a) = 0.6。这表明该命题a的似然度为0.6，支持度和似然度的和为1，说明该命题既不是完全确定为真也不是完全确定为假，而是处于一种不确定性状态。
50,standard,formula_reasoning,100,1,1,1,No,None,1,4,1,[],"['X', 'Y', 'Sx']","K= X;(m;)Y;(m;)Sx(mg)6。(m。) x?nynSx∩6p≠a (4.18) X:(mi)Y;(m;)Sx(mg)θ。(mp) x?nynSxn6p=2 针对实验过程中收集到的证据体,首先对视频中所提取到的特征的每个证据体进行时间 域上的划分,将整个视频分为n个部分,每个部分可以计",根据提供的公式(4.18)及背景信息中的描述，归一化因子K的计算公式为：  K = [X(m)Y(m)Sx(m)θ(m)] / [ΣX(m)Y(m)Sx(m)θ(m)]  已知计算得到的X(m)Y(m)Sx(m)θ(m)的和为120，而某一个特定证据体的X(m)Y(m)Sx(m)θ(m)的值为30。那么，这个特定证据体的归一化因子K值为：  K = 30 / 120 = 0.25  因此，这个特定证据体的归一化因子K值是0.25。
51,standard,formula_reasoning,30,1,0,0,No,未能正确理解不确定区间的计算方法，错误地将支持度和似然度直接作为不确定区间的上下界，而未依据文档中提及的计算公式进行计算。,0,0,0,[],[],"似然度也可以这样来计算,把和a,及与a,有关的并命题(包括识别框架0)的所有概 率分配值相加起来,即 (4.6) Pl(ai)=m(a)+m(aiUa)+⋯+m(@) 不确定区间定义为[Bel(a),Pl(ai)]这里显然有 Bel(ai)≤Pl(a?) (4.7) 图4.1直观显示了刚才讨论过的D","根据提供的背景信息，当支持度和似然度为[0.25, 1]时，不确定区间为[0.25, 1]。以下是计算逻辑的推导： 1. 支持度为0.25，表示直接证据支持命题a的概率分配值之和为0.25。 2. 似然度为1，表示支持命题a的反命题的不是传感器直接证据所对应的概率分配值的和为1。 3. 不确定区间的下界即为支持度0.25，上界即为似然度1。 4. 因此，不确定区间为[0.25, 1]。  需要注意的是，背景信息中并没有明确给出计算不确定区间的公式，而是通过例子和描述来解释不确定区间的概念和计算方法。因此，上述计算逻辑是基于背景信息中的描述进行的推导。"
52,standard,formula_reasoning,75,1,1,1,No,未准确描述Bel(ai)和Pl(ai)的定义,2,3,2,[],['Ua'],"似然度也可以这样来计算,把和a,及与a,有关的并命题(包括识别框架0)的所有概 率分配值相加起来,即 (4.6) Pl(ai)=m(a)+m(aiUa)+⋯+m(@) 不确定区间定义为[Bel(a),Pl(ai)]这里显然有 Bel(ai)≤Pl(a?) (4.7) 图4.1直观显示了刚才讨论过的D",根据公式(4.6)Pl(ai)=m(a)+m(aiUa)+⋯+m(@)，可以推导出Bel(ai) ≤ Pl(ai)。其中Bel(ai)是命题的下界，表示支持该命题的最小概率，而Pl(ai)是命题的上界，表示支持该命题的最大概率。这个关系的含义是，一个命题的支持度和似然度之间存在一定的范围，这个范围反映了该命题的不确定性和证据的不确定性。在没有足够证据的情况下，命题的似然度会更大，而支持度会更小，因此不确定区间的宽度会更大。相反，如果有足够证据支持命题，则支持度和似然度会更接近，不确定区间的宽度会更小。这个关系对于理解证据的不确定性和概率的不确定性非常重要。
53,standard,formula_reasoning,50,1,1,0,No,未正确描述隶属度函数图像特征，且存在逻辑错误,2,3,2,[],"['Z', 'S']","(2)求隶属函数田线。以论域元素为横坐标,录属度为纵坐标,画出是够多元素的录 属度(点),将这些点连接起来,得到所求模糊集合的录属函数曲线。  ... (文档跳转) ...  三者隶属度函数均选择三角形隶属度函数,隶属函数值如图5.4所示。将E、EC、U量 化,量化后的E、EC、U的隶属度函数表如表","根据给定的隶属度函数，A∩B的隶属度函数为A∩B(x)=min{A(x),B(x)}=exp(-|x|/2)和exp(-x²/2)中的较小者。因为exp(-|x|/2)和exp(-x²/2)的图像分别是一条关于y轴对称的曲线和一个钟形曲线，它们的交点在x=0处。因此，A∩B的隶属度函数的图像是一条在x=0处有一个拐点的曲线，且在x=0处的值为1。 ![](https://i.imgur.com/3h7gqZS.png)"
54,standard,formula_reasoning,90,1,1,1,No,无,0,2,0,[],"['$ \\mu_p(u) \\geq \\lambda $', '$ \\mu_p(u) $', 'A', 'A_{0', '$ \\mu_p(5) = 0.9 $']","(2)求隶属函数田线。以论域元素为横坐标,录属度为纵坐标,画出是够多元素的录 属度(点),将这些点连接起来,得到所求模糊集合的录属函数曲线。 (3)求录属函数。将求得的录属函数曲线与常用录属函数曲线相比较,取形状相似的 录属函数曲线所对应的函数,修改其参数,使修改参数后的录属函数的曲线与所求隶属函数","要计算模糊数A的λ=0.5对应的水平截集[x,y]，首先需要根据模糊数的定义和水平截集的计算方法进行分析。  ### 水平截集的定义 模糊数A的λ-水平截集定义为： $$ A_\lambda = \{u \in U \mid \mu_p(u) \geq \lambda\} $$ 其中，$\mu_p(u)$是模糊数A的隶属函数，$\lambda$是给定的截集水平值。  ### 计算步骤 1. **确定论域和隶属函数**：    - 论域 $ U = \{1, 2, 3, 4, 5\} $    - 隶属函数 $ \mu_p(u) = [0.1, 0.3, 0.5, 0.7, 0.9] $  2. **确定λ值**：    - 给定的λ值为0.5。  3. **找出满足条件的元素**：    - 遍历论域中的每个元素 $ u $，计算对应的隶属度 $ \mu_p(u) $。    - 筛选出满足 $ \mu_p(u) \geq \lambda $ 的元素。     - 具体计算如下：      - $ \mu_p(1) = 0.1 $，不满足 $ \geq 0.5 $      - $ \mu_p(2) = 0.3 $，不满足 $ \geq 0.5 $      - $ \mu_p(3) = 0.5 $，满足 $ \geq 0.5 $      - $ \mu_p(4) = 0.7 $，满足 $ \geq 0.5 $      - $ \mu_p(5) = 0.9 $，满足 $ \geq 0.5 $  4. **确定水平截集的区间**：    - 满足条件的元素为 $ \{3, 4, 5\} $    - 因此，对应水平截集为：      $$      A_{0.5} = [3, 5]      $$  ### 结论 当给定论域 $ U = \{1, 2, 3, 4, 5\} $ 和模糊数的隶属函数 $ \mu_p(u) = [0.1, 0.3, 0.5, 0.7, 0.9] $ 时，λ=0.5对应的水平截集为： $$ A_{0.5} = [3, 5] $$"
55,standard,formula_reasoning,85,1,1,1,No,解释部分存在不准确表述,3,3,3,[],[],"P(E)= (3.6) [P(E|H;)P(H;)] i=1 式(3.6)称为全概率公式。  ... (文档跳转) ...  P(E|H)P(H?) P(HE)= (3.8) [P(E|H;)P(H,)」 j=1 式中,P(H1E)为在给定证据E的情况下,假设事件日,发生的概率;P(E|日)为假设事",P(E) 是根据全概率公式计算的，其计算过程如下： P(E) = P(E|H1)P(H1) + P(E|H2)P(H2) 将已知的数值代入公式中： P(E) = 0.7×0.4 + 0.3×0.6 计算得到： P(E) = 0.28 + 0.18 = 0.46  解释： 1. 根据全概率公式，P(E) 是所有可能的假设事件 H1 和 H2 的后验概率和先验概率的乘积之和。其中，P(E|H1) 是在假设事件 H1 的条件下，事件 E 出现的概率；P(H1) 是假设事件 H1 发生的先验概率。 2. 由于事件空间被划分为两个互斥且穷尽的事件 H1 和 H2，因此 P(E) 是 P(E|H1)P(H1) 和 P(E|H2)P(H2) 的和。 3. 计算得到 P(E) = 0.46，表示在给定事件 E 的情况下，事件 H1 和 H2 发生的概率之和。
56,standard,formula_reasoning,70,0,0,0,No,公式推导和概念理解存在严重偏差,3,3,3,"['U_{k}', 'X_{k}', 'Y_{k}', 'W_{k}', 'U']","['$ e = X_z - Y_i $', '$ X_z $', '$ X_g \\cdot (1 - X_g) $', '$$', 'W_{hg}']","将实际输出x”与期望输出Y相比较,如果两者不等,则产生误差信号e,接着则按如 下公式反向传播修改权系数: AWg=2WgX (6.11) 可见,误差函数的求取是从输出层开始到输人层的反向传播过程,在这个过程中不断进 行递归求误差。通过多个样本的反复训练,同时向误差渐渐减小的方向对权系数进行修正 以达",根据教材片段提供的公式推导，输出层权值的修正公式为：  $$ \Delta W_{hg} = X_g \cdot (1 - X_g) \cdot (X_z - Y_i) $$  推导过程如下：  1. 误差信号的计算：首先，根据公式 $ e = X_z - Y_i $ 计算误差信号。其中，$ X_z $ 是输出层的输出，$ Y_i $ 是期望的输出。 2. 激活函数的导数：将误差信号乘以输出层激活函数的导数 $ X_g \cdot (1 - X_g) $，得到输出层的误差。 3. 权值的修正：将输出层的误差乘以输入层的输出 $ X_g $，得到输出层权值的修正公式。  关键步骤是误差信号的计算和激活函数的导数。误差信号表示输出层和期望输出之间的差异，而激活函数的导数用于计算梯度。通过将误差信号和激活函数的导数相乘，可以得到输出层的误差，从而修正权值。
57,standard,formula_reasoning,50,1,0,0,Suspected,公式推导过程存在严重错误和不一致，包括符号混乱、公式编号错误和推导逻辑不清晰。,3,9,2,"['$$', 'W_i', '$\\frac{\\ial U}{\\partial W}$', '$\\frac{\\partial e}{\\partial U}$', 'W']","['V', 'Wi', 'A', 'Ut', 'Wa']","WX oU (6.6) ow oW oU 从而有 由式(6.6)可求得oWg=x= e e (6.7) X oWg oUt e e (6.8) AWi三ow oU 由式(6.8)看出,可以沿误差函数的负梯度方向修改权系数。其中,η为学习率,也 称为步长,一般取区间(0,1)内的一个数。式(6.8)也","根据教材片段中的公式推导，从式(6.6)和式(6.8)推导出最终的权值更新公式AWi的过程如下：  首先，由式(6.6)可求得oWg=x= e e (6.7) X oWg oUt e e (6.8) AWi三ow oU 其中，oWg表示权重的梯度，X表示输入向量，oUt表示输出的梯度，e表示误差。 由式(6.8)看出，可以沿误差函数的负梯度方向修改权系数。其中，η为学习率，也称为步长，一般取区间(0,1)内的一个数。 式(6.8)也称为“学习公式”。 进一步推导，有 de=X÷(1-Xi)·2Wa°di+ (6.10) 从上述过程可知，多层网络的训练方法是把一个样本加到输入层，并根据向前传播的规则X=(V)，不断一层一层地向输出层传递，最终在输出层可以得到输出X”。  因此，从式(6.6)和式(6.8)推导出最终的权值更新公式AWi为： AWi = -η * X * oU 其中，η为学习率，X为输入向量，oU为输出的梯度。 这个公式表示，权值的更新方向是沿着误差函数的负梯度方向，步长为学习率η。"
58,standard,formula_reasoning,85,1,1,1,No,没有明确提到反向传播的前向和反向两个阶段,2,2,2,[],"['L', 'b_h', 'W_h', 'b_y', 'W_y']","神经网络计算有以下的特点:  ... (文档跳转) ...  (1)正同传播。输人的样本从输入层经过隐含层,一层一层进行处理,通过所有的隐 含层之后,则传同输出层。在逐层处理的过程中,每一层神经元的状态只对下一层神经元的 状态产生影响。在输出层,把实际输出和期望输出进行比较,如果实际输出不等于期望输","参数W和b的梯度更新公式可以通过反向传播算法推导得到。首先，我们定义损失函数为J(W,b;x,y)=1/2(y−f(x;W,b))²，其中f(x;W,b)是神经网络的输出，W和b分别是权重和偏置参数。  首先，我们需要计算损失函数对W和b的梯度。根据链式法则，我们可以将梯度分解为两部分：一部分是损失函数对网络输出的梯度，另一部分是网络输出对W和b的梯度。  对于隐藏层的输出h，我们有h = σ(W_h x + b_h)，其中σ是激活函数，W_h和b_h是隐藏层的权重和偏置参数。对于输出层的输出y，我们有y = σ(W_y h + b_y)，其中W_y和b_y是输出层的权重和偏置参数。  损失函数对输出层的梯度为∂J/∂y = (y - f(x;W,b)) * (-1)。然后，我们计算输出层对W_y和b_y的梯度，以及隐藏层对W_h和b_h的梯度。  接下来，我们考虑正则项的影响。正则项是λ/2 * ||W||^2，其中λ是正则化参数，||W||^2是权重的L2范数。正则项的梯度是λ * W。因此，在计算参数的梯度时，我们需要将正则项的梯度加到损失函数的梯度上。  最终，参数的梯度更新公式为：  W <- W - α * (∂J/∂W + λ * W) b <- b - α * (∂J/∂b)  其中，α是学习率。正则项通过将权重的梯度乘以一个正则化参数λ来影响参数的更新，这有助于防止网络的权重过大，从而避免过拟合。"
59,standard,formula_reasoning,90,1,1,1,No,未明确说明全概率公式的应用场景或举例,3,3,6,['H_n}'],"['$ P(E \\cap H_i) $', 'Omega', 'H_n', '$ H_i $', '$$']","P(E)= (3.6) [P(E|H;)P(H;)] i=1 式(3.6)称为全概率公式。  ... (文档跳转) ...  P(E|H)P(H?) P(HE)= (3.8) [P(E|H;)P(H,)」 j=1 式中,P(H1E)为在给定证据E的情况下,假设事件日,发生的概率;P(E|日)为假设事","全概率公式推导过程如下：    1. **将样本空间划分为互斥且穷尽的事件**：假设事件空间可以划分为一组互斥且穷尽的事件 $ H_1, H_2, \dots, H_n $，即 $ H_i \cap H_j = \varnothing $（$ i \ne j $），且 $ \cup_{i=1}^n H_i = \Omega $。    2. **利用条件概率的乘法公式**：对于任意事件 $ E $，根据条件概率的定义，有：      $$    P(E|H_i) = \frac{P(E \cap H_i)}{P(H_i)} \quad \text{（当 } P(H_i) > 0 \text{ 时）}    $$      从而可得：      $$    P(E \cap H_i) = P(E|H_i)P(H_i)    $$    3. **将 $ P(E) $ 表示为 $ E $ 与 $ H_i $ 的联合概率的和**：      由于 $ H_i $ 是互斥且穷尽的，有：      $$    P(E) = \sum_{i=1}^n P(E \cap H_i)    $$    4. **代入步骤 2 的结果**：      $$    P(E) = \sum_{i=1}^n P(E|H_i)P(H_i)    $$      该式即为全概率公式。    **逻辑解释**：   - 步骤 1 保证了所有可能的假设事件 $ H_i $ 都被考虑。   - 步骤 2 将联合概率 $ P(E \cap H_i) $ 用条件概率和先验概率表示，为后续推导提供基础。   - 步骤 3 利用互斥且穷尽的性质将 $ P(E) $ 分解为不同 $ H_i $ 下的联合概率之和。   - 步骤 4 是全概率公式的最终形式，表示在所有可能的假设 $ H_i $ 下，事件 $ E $ 发生的总概率。"
60,standard,formula_reasoning,70,0,1,0,No,未正确解释激活函数和其导数的作用,3,4,6,"['B', 'P']","['Error', 'W_i', 'M', 'S', 'a_i']","de 令d 其中d表示误差函数对于第A层第i个神经元的权值的负梯度方向,则学 U /8  ... (文档跳转) ...  将实际输出x”与期望输出Y相比较,如果两者不等,则产生误差信号e,接着则按如 下公式反向传播修改权系数: AWg=2WgX (6.11) 可见,误差函数的求取是从输出层开始到输人","根据提供的信息和误差函数的定义，我们推导出权值更新公式的具体表达式并解释其数学依据。  步骤一：误差函数定义 误差函数为e = 1/2(Y_t - X_o)^2，其中Y_t为期望输出，X_o为实际输出。这是均方误差（Mean Squared Error, MSE）的常见形式。  步骤二：计算误差对输出的导数 对误差函数e关于输出X_o求导数得到： de/dX_o = d/dX_o [1/2(Y_t - X_o)^2] = - (Y_t - X_o)  步骤三：计算输出对权值的导数 根据反向传播算法，输出X_o与权值W之间存在线性关系，即X_o = ΣW_i * a_i + b，其中a_i为输入，b为偏置项。对X_o关于权值W求导数得到： dX_o/dW = a_i  步骤四：应用链式法则计算误差对权值的导数 根据链式法则，误差对权值的导数为： dU/dW = de/dX_o * dX_o/dW = - (Y_t - X_o) * a_i  步骤五：得到权值更新公式 将误差对权值的导数带入权值更新公式得到： AW = -η * dU/dW = η * (Y_t - X_o) * a_i  数学依据： 1. 误差函数的定义：误差函数用于衡量实际输出与期望输出之间的差异，是反向传播算法的基础。 2. 链式法则：在反向传播算法中，链式法则用于计算误差对权值的导数，将误差对输出的导数与输出对权值的导数相乘。 3. 权值更新公式：权值更新公式基于梯度下降法，将误差对权值的导数乘以学习率η，得到权值的更新方向和大小。  因此，权值更新公式为：AW = η * (Y_t - X_o) * a_i，其中η为学习率，Y_t为期望输出，X_o为实际输出，a_i为输入。"
61,standard,formula_reasoning,100,1,1,1,No,,3,3,3,[],['$$'],"一个给定命题的支持度是这样定义的;传感器直接分配给该命题让据所对应的概率分配 直的和。这里传感器直接分配给孩命题的证据是指:孩命题及组成该命题的于命题的某些升 命题的集合,这些并命题是指被传感器赋予一定概率分配值的并命题。按照这个定义,某个 传感器判决目标类型为a,的支持度为 Bel(a)=m(a?",根据背景信息，目标类型属于a1或a2或a3的支持度为： $$ Bel(a1 \cup a2 \cup a3) = m(a1) + m(a2) + m(a3) + m(a1 \cup a2) + m(a1 \cup a3) + m(a2 \cup a3) + m(a1 \cup a2 \cup a3) $$ 将给定的数值代入： $$ Bel(a1 \cup a2 \cup a3) = 0.5 + 0.3 + 0.1 + 0.05 + 0.03 + 0.02 + 0.05 = 1.08 $$ 由于支持度不能超过1，所以需要将结果归一化： $$ Bel(a1 \cup a2 \cup a3) = \frac{1.08}{1.08} = 1 $$  a1的似然度Pl(a1)为： $$ Pl(a1) = 1 - Bel(a1) $$ 根据背景信息，Bel(a1) = m(a1) = 0.5，因此： $$ Pl(a1) = 1 - 0.5 = 0.5 $$  所以，目标类型属于a1或a2或a3的支持度Bel(a1Ua2Ua3)为1，a1的似然度Pl(a1)为0.5。
62,standard,formula_reasoning,50,1,0,0,Suspected,未正确理解归一化因子的定义和推导过程，错误地将归一化因子K与基本概率分配函数相除，而实际上K是作为归一化因子将基本概率分配函数的乘积进行归一化。,6,1,1,"['X', 'Sxn', 'S', 'Kx', 'Sx']","['$$', 'sum_{i}', 'h_i', '$ h_i $', '$ m_i(h_i) $']","a b) C) 图4.2 三种人体行为的图像表示 a)端坐 b)左顾右盼 c)理头 结合D-S证据理论,在设定的人体辨识框架2下,可以得到下面的信息融合模型 (4.17) X;(m?)Y;(m)Sx(ms)θ。(m。) (X4Y中S4θ)(m)= Kx;nymszngg=o 其中,X代表x轴质心坐标",根据背景信息中提供的内容，公式(4.17)和(4.18)涉及归一化因子K的定义，但文档中并未完整给出公式(4.18)的具体形式，仅提供了公式(4.19)和(4.21)的归一化因子定义形式。因此，无法直接从公式(4.17)和(4.18)中推导出归一化因子K的表达式。  然而，基于背景信息中提到的公式(4.19)和(4.21)，归一化因子K的定义形式可以表示为：  $$ K = \frac{1}{\sum_{i} m_i(h_i)} $$  其中，$ m_i(h_i) $ 代表各个基本概率分配函数的值，$ h_i $ 是相应的假设或事件。归一化因子K的作用是确保所有基本概率分配函数的总和为1，从而满足概率论的基本要求。  在推导归一化因子K的过程中，关键步骤包括：  1. **确定基本概率分配函数的集合**：首先需要确定所有相关的基本概率分配函数，即 $ m_i(h_i) $。  2. **计算总和**：将所有基本概率分配函数的值相加，得到一个总和。  3. **归一化处理**：将每个基本概率分配函数的值除以总和，得到归一化后的概率分配函数。  4. **验证归一化条件**：确保归一化后的概率分配函数满足总和为1的条件。  由于文档中未提供公式(4.18)的具体形式，因此无法直接从公式(4.17)和(4.18)中推导出归一化因子K的表达式。但根据公式(4.19)和(4.21)，可以推导出归一化因子K的表达式，并确保其满足概率论的基本要求。
63,standard,formula_reasoning,85,1,1,1,No,未详细说明不确定区间的定义和计算逻辑,0,0,0,[],[],"表4.1进一步解释了不确定区间这个概念。比如,如果不确定区间为[0,1]表示对命 题a,一无所知,因为证据没有去直接支持a,也没有去直接反驳a,这时似然度等于1,正 o5; 好等于不确定区间的宽度。  ... (文档跳转) ...  予了该命题的反命题,因此a,的支持度为0,它的似然度1-Ba(a)","根据背景信息，当支持度和似然度为[0.25,1]时，不确定区间为[0,0.75]。推导过程如下：  首先，支持度是指支持该命题的传感器直接证据所对应的概率分配值的和。似然度是指支持该命题反命题的不是传感器直接证据所对应的概率分配值的和。  根据背景信息中的描述，支持度为0.25，说明证据部分支持命题a，支持的程度为0.25。而似然度为1，说明证据没有直接反驳命题a。此时的不确定区间为[0,0.75]。  不确定区间的宽度等于支持度的补集，即1-支持度。因此，不确定区间的宽度为1-0.25=0.75。所以，不确定区间为[0,0.75]。 因此，当支持度和似然度为[0.25,1]时，不确定区间为[0,0.75]。"
64,standard,formula_reasoning,70,1,1,1,No,对不确定区间宽度的解释存在偏差,3,3,3,[],[],"似然度也可以这样来计算,把和a,及与a,有关的并命题(包括识别框架0)的所有概 率分配值相加起来,即 (4.6) Pl(ai)=m(a)+m(aiUa)+⋯+m(@) 不确定区间定义为[Bel(a),Pl(ai)]这里显然有 Bel(ai)≤Pl(a?) (4.7) 图4.1直观显示了刚才讨论过的D","根据公式(4.6)，Pl(ai) 的计算为：   Pl(ai) = m(a) + m(aiUa) + m(@) = 0.3 + 0.2 + 0.1 = 0.6  其中，Pl(ai) 是似然度，对应不确定区间的上界。   Bel(ai) 是支持度，对应不确定区间的下界，且满足 Bel(ai) ≤ Pl(ai)。   根据背景信息，当不确定区间为 [Bel(ai), Pl(ai)] 时，Pl(ai) - Bel(ai) 表示不确定区间的宽度，即证据的不确定性。  因此，当 m(a)=0.3，m(aiUa)=0.2，m(@)=0.1 时，Pl(ai)=0.6，对应不确定区间的上界为 0.6。   若 Bel(ai) 的值为 0.3，则不确定区间为 [0.3, 0.6]，宽度为 0.3，表示 30% 的证据是未知的，而 70% 的证据是已知的。"
65,standard,formula_reasoning,90,1,1,1,No,未提及参考上下文中提到的α为权系数修正常数，一般取0.7~0.9。,0,4,1,[],"['$$', 'M', 'Ada', 'W', 'R']","AW,(t+1)=-ndi·Xi-1+aAW,(t) (6.12) 其中,η为学习率,即步长;α为权系数修正常数,一般取0.7~0.9。  ... (文档跳转) ...  10.2.5反向传播算法 反向传播算法于1975年由PaulWerbos提出,通过对网络中损失函数梯度的反向传播 解决神经网络中",是的，公式（10.12）和（10.13）中参数更新的计算逻辑与学习率α（a）密切相关。学习率α在参数更新中扮演着至关重要的角色，其作用是控制权重和偏置项的更新幅度。  具体来说，公式（10.12）和（10.13）的参数更新形式为： $$ W^{(t+1)} = W^{(t)} - \alpha \frac{\partial J}{\partial W} $$ $$ b^{(t+1)} = b^{(t)} - \alpha \frac{\partial J}{\partial b} $$ 其中，α为学习率，$\frac{\partial J}{\partial W}$和$\frac{\partial J}{\partial b}$为损失函数J关于权重W和偏置b的梯度。  学习率α的作用是： 1. 控制参数更新的步长。较大的α会导致参数更新步长较大，参数可能快速收敛，但也容易跳过最优解或不收敛；较小的α会导致参数更新步长较小，参数收敛较慢，但更可能收敛到局部最优解。 2. 影响训练的稳定性。如果α太大，可能导致损失函数值在最小值附近震荡甚至发散；如果α太小，训练过程会变得非常缓慢。  在训练深度神经网络时，平衡α的取值需要考虑以下几点： 1. 学习率的初始值不宜过大，否则会导致训练不稳定或无法收敛。一般可以采用学习率的初始值在0.01左右。 2. 在训练过程中，可以采用自适应学习率的方法，如AdaGrad、RMSProp和Adam等，这些方法可以根据参数的历史梯度信息自动调整学习率的大小，从而在训练初期使用较大的学习率加速训练，并在训练后期使用较小的学习率提高精度。 3. 在实际训练中，还可以使用学习率衰减方法，即随着训练的进行逐渐减小学习率，从而在训练初期保证参数能够快速更新，同时在训练后期避免参数更新过快导致的不稳定性。 4. 可以通过验证集的性能来调整学习率。如果训练过程中损失函数在验证集上的性能不理想，可以尝试减小学习率；如果训练速度太慢，可以尝试增大学习率。  综上所述，学习率α在深度神经网络的参数更新中起着至关重要的作用，合理的α值选择对于模型的训练和性能表现具有重要影响。
66,standard,formula_reasoning,85,1,1,1,No,细节表述不够严谨,2,2,2,[],"['u_min', '$$', 'u_max']","P(X)=P(X|X)P(X)+P(X|X)P(X)=P(X|X) (3.11) 这样虽然X,和X,之间存在边连接但它们还是满是条件独立性。同样,可以推出X,和 X,条件独立,这也与有向分离相矛盾。实际上,对于贝叶斯网络图=(G,O)及联合概率 P(V),若X和Y被Z有向分离,则对于任意的网络参数0","根据模糊数的λ-水平截集的定义，模糊数A的λ-水平截集A=[x,y]表示的是所有满足μ_A(u)≥λ的论域U中的元素u的集合，即： $$ A_\lambda = \{ u \in U \mid \mu_A(u) \geq \lambda \} $$ 其中，λ为给定的阈值，且0 ≤ λ ≤ 1。  对于模糊数A的λ-水平截集A=[x,y]，区间端点x和y的表达式可以通过以下步骤推导： 1. 确定模糊数A的隶属度函数μ_A(u)。对于模糊数A的任意一个元素u∈U，μ_A(u)表示u属于A的程度。 2. 根据λ的取值范围0 ≤ λ ≤ 1，计算满足μ_A(u)≥λ的元素u的集合。该集合即为模糊数A的λ-水平截集A=[x,y]。 3. 找到该集合中的最小元素u_min和最大元素u_max，即为区间端点x和y的表达式。    - x = u_min，表示模糊数A的λ-水平截集的左端点；    - y = u_max，表示模糊数A的λ-水平截集的右端点。  综上所述，模糊数A的λ-水平截集A=[x,y]的区间端点x和y的表达式为： $$ x = \min\{u \in U \mid \mu_A(u) \geq \lambda\} $$ $$ y = \max\{u \in U \mid \mu_A(u) \geq \lambda\} $$"
67,standard,formula_reasoning,40,1,1,0,No,待评测回答内容和参考标准答案内容不一致,3,3,4,[],"['$ P(H_i) $', 'Omega', '$ H_i $', '$ P(E) = \\sum_i P(E|H_i)P(H_i) $', '$ i \\neq j $']","P(E)= (3.6) [P(E|H;)P(H;)] i=1 式(3.6)称为全概率公式。  ... (文档跳转) ...  P(E|H)P(H?) P(HE)= (3.8) [P(E|H;)P(H,)」 j=1 式中,P(H1E)为在给定证据E的情况下,假设事件日,发生的概率;P(E|日)为假设事","全概率公式 $ P(E) = \sum_i P(E|H_i)P(H_i) $ 的推导基于概率论中的基本公理和条件概率的定义。为了保证各个条件概率 $ P(E|H_i) $ 的独立性和互斥性，需满足以下条件：  1. **假设事件 $ H_i $ 互斥且穷尽样本空间**：    - 假设事件 $ H_1, H_2, \ldots $ 是一组互斥且穷尽的事件（即 $ \cup_i H_i = \Omega $ 且 $ H_i \cap H_j = \emptyset $ 对任意 $ i \neq j $），这意味着在给定样本空间中，至少有一个 $ H_i $ 发生，并且只发生一个 $ H_i $。  2. **条件概率 $ P(E|H_i) $ 的独立性**：    - 条件概率 $ P(E|H_i) $ 的独立性体现在，对于不同的 $ H_i $，$ P(E|H_i) $ 是独立计算的，不依赖于其他 $ H_j $（$ j \neq i $）。也就是说，给定 $ H_i $，事件 $ E $ 的概率仅由 $ H_i $ 决定，与其他 $ H_j $ 无关。  3. **全概率公式推导逻辑**：    - 全概率公式将事件 $ E $ 的概率分解为所有互斥且穷尽的假设事件 $ H_i $ 的加权和。每个 $ P(E|H_i) $ 是在给定 $ H_i $ 的条件下 $ E $ 发生的概率，而 $ P(H_i) $ 是 $ H_i $ 的先验概率。    - 在推导过程中，若 $ H_i $ 互斥且穷尽，且 $ E $ 在给定每个 $ H_i $ 的条件下是独立的，那么 $ P(E) $ 可以表示为所有 $ H_i $ 的条件概率与先验概率的乘积之和。  因此，保证 $ P(E|H_i) $ 的独立性和互斥性，本质上是通过确保假设事件 $ H_i $ 的互斥性和穷尽性来实现的。这是全概率公式成立的数学基础。"
68,standard,formula_reasoning,60,1,0,1,No,公式推导过程存在错误,3,5,3,[],"['Z', 'B', 'P']","C 6.2.2 BP神经网络算法的数学表达 BP神经网络算法的实质是求取误差函数的最小值问题,这种算法采用非线性规划中的 最速下降方法,按误差函数的负梯度方向修改权系数 首先,定义输出层的误差函数 (6.3) ( 2 其中,Y,是输出单元的期望输出值;X?是输出单元的实际输出值 由于BP神经网络算法",根据BP神经网络算法的数学表达，权系数的修正量ΔW与误差函数的梯度之间存在如下关系：  ΔW = -η * ∂e/∂W  其中，η为学习率（即步长），表示在梯度下降过程中调整权系数的步长大小，∂e/∂W为误差函数e对权系数W的梯度。  推导过程如下：  1. 定义误差函数e为输出层的误差函数： e = 1/2(Y - X)^2  2. 对误差函数e进行求导，得到误差函数对权系数W的梯度： ∂e/∂W = ∂/∂W [1/2(Y - X)^2] = (Y - X) * ∂X/∂W  3. 由于X是实际输出值，且X = f(W * Z)，其中Z为输入层的输出，f为激活函数，则有： ∂X/∂W = f'(W * Z) * Z  4. 将步骤2和步骤3的结果代入，得到： ∂e/∂W = (Y - X) * f'(W * Z) * Z  5. 因此，权系数的修正量ΔW为： ΔW = -η * ∂e/∂W = -η * (Y - X) * f'(W * Z) * Z  6. 为了更精确地计算ΔW，通常需要对误差函数进行反向传播，计算每个神经元的误差信号，并逐层计算权系数的修正量。  综上所述，权系数的修正量ΔW与误差函数的梯度之间存在直接的线性关系，且修正量的大小由学习率η和误差函数的梯度共同决定。在实际应用中，为了更精确地计算ΔW，通常需要对误差函数进行反向传播，并计算每个神经元的误差信号。
69,standard,formula_reasoning,85,0,1,1,No,未完全覆盖参考上下文中的关键步骤,0,0,0,[],"['$ w $', '$ t_k $', 'sum_{k}', '$$', '$ \\eta $']","WX oU (6.6) ow oW oU 从而有 由式(6.6)可求得oWg=x= e e (6.7) X oWg oUt e e (6.8) AWi三ow oU 由式(6.8)看出,可以沿误差函数的负梯度方向修改权系数。其中,η为学习率,也 称为步长,一般取区间(0,1)内的一个数。式(6.8)也",根据教材片段中的公式推导，权值的更新公式是通过误差函数的负梯度方向得到的，其推导过程主要涉及以下关键步骤和数学原理：  ### 1. **误差函数的定义** 误差函数 $ E $ 用于衡量神经网络的输出与实际目标之间的差异。其定义为： $$ E = \frac{1}{2} \sum_{k} (t_k - y_k)^2 $$ 其中，$ t_k $ 是目标输出，$ y_k $ 是网络的实际输出。  ### 2. **误差的反向传播** 误差函数的求取是从输出层开始，逐层反向传播到输入层。这一过程的核心是计算误差函数对每个权值的梯度，即： $$ \frac{\partial E}{\partial w} $$ 其中，$ w $ 是某个权值。通过反向传播算法，可以得到每个权值的梯度。  ### 3. **权值的更新公式** 为了使误差函数 $ E $ 逐渐减小，权值应沿误差函数的负梯度方向进行更新。权值的更新公式为： $$ \Delta w = -\eta \frac{\partial E}{\partial w} $$ 其中，$ \eta $ 是学习率，是一个介于 $ 0 $ 和 $ 1 $ 之间的正数，用于控制更新步长。  ### 4. **学习率的作用** 学习率 $ \eta $ 的选择对权值更新的速度和稳定性至关重要。过大的学习率可能导致权值更新过快，从而出现不收敛或震荡；过小的学习率则会使收敛速度变慢。  ### 5. **权值的修正过程** 在反向传播过程中，通过多次迭代和多个样本的训练，权值不断向误差函数的负梯度方向进行修正。这一过程最终使得误差逐渐减小，从而得到一个性能较好的神经网络。  ### 6. **数学原理** 权值的更新公式本质上是一个梯度下降算法的应用。梯度下降算法利用梯度信息来寻找函数的最小值。在误差函数的最小化问题中，梯度下降算法通过沿负梯度方向逐步调整权值，使得误差函数逐渐减小。  ### 7. **公式推导的关键步骤** - **误差函数的定义**：确定误差函数的形式。 - **反向传播计算梯度**：利用链式法则计算误差函数对每个权值的梯度。 - **确定负梯度方向**：将权值更新方向设定为误差函数的负梯度方向。 - **应用学习率**：通过学习率控制更新的步长，确保权值的合理调整。  通过上述步骤和原理，可以得到权值的更新公式，使得神经网络在训练过程中不断优化其性能。
70,standard,formula_reasoning,90,1,1,1,No,无,2,2,2,[],"['$$', 'b_{', 'W_{', '$W - 0.005$', '$\\alpha$']","10.2.5反向传播算法 反向传播算法于1975年由PaulWerbos提出,通过对网络中损失函数梯度的反向传播 解决神经网络中的权重更新问题。反向传播算法中的每次送代更新主要包含两个阶段;前向 信息传播与反向权重更新。假设网络要对m个样本1(x”,)2,进行训练,其中x表 示第i个样本的输入数据,",根据公式(10.12)和(10.13)，权重W和偏置b的更新公式为：  $$ W_{\text{new}} = W - \alpha \frac{\partial J}{\partial W} $$ $$ b_{\text{new}} = b - \alpha \frac{\partial J}{\partial b} $$  其中，$\alpha$为学习率，$\frac{\partial J}{\partial W}$和$\frac{\partial J}{\partial b}$分别为损失函数J对权重W和偏置b的梯度。  将给定的学习率$\alpha = 0.01$，梯度$\frac{\partial J}{\partial W} = 0.5$，$\frac{\partial J}{\partial b} = 0.3$代入公式，得到：  $$ W_{\text{new}} = W - 0.01 \times 0.5 = W - 0.005 $$ $$ b_{\text{new}} = b - 0.01 \times 0.3 = b - 0.003 $$  因此，权重W和偏置b的更新值分别为$W - 0.005$和$b - 0.003$。
71,standard,formula_reasoning,50,0,0,0,No,未正确理解Bel和Pl的计算公式及应用场景，错误地假设了m(a1Ua2)=0，且未正确应用标准答案中提到的Pl(a)=1-Bel(a)的公式,3,4,3,[],"['A', 'Omega', 'sum_{', '$$']","似然度也可以这样来计算,把和a,及与a,有关的并命题(包括识别框架0)的所有概 率分配值相加起来,即 (4.6) Pl(ai)=m(a)+m(aiUa)+⋯+m(@) 不确定区间定义为[Bel(a),Pl(ai)]这里显然有 Bel(ai)≤Pl(a?) (4.7) 图4.1直观显示了刚才讨论过的D",根据背景信息，支持度Bel(a)和似然度Pl(a)的计算方式为：  1. 支持度Bel(a)是命题的直接证据对应的概率分配值的和，即：    $$    Bel(a) = \sum_{A \subseteq a} m(A)    $$  2. 似然度Pl(a)是支持度Bel(a)加上所有可能的扩展命题的概率分配值的和，即：    $$    Pl(a) = \sum_{A \supseteq a} m(A)    $$  对于命题a1Ua2，首先计算其支持度Bel(a1Ua2)和似然度Pl(a1Ua2)。  根据公式： - 支持度Bel(a1Ua2)是所有子集A包含于a1Ua2的概率分配值的和：   $$   Bel(a1Ua2) = m(a1) + m(a2) + m(a1Ua2)   $$   但根据题设中的mass函数，没有直接给出m(a1Ua2)的值。因此，这里假设m(a1Ua2)为0，因为题目只给出了m(a1)=0.5，m(a2)=0.3，m(a3)=0.2，而没有给出m(a1Ua2)的值。    所以：   $$   Bel(a1Ua2) = m(a1) + m(a2) = 0.5 + 0.3 = 0.8   $$  - 似然度Pl(a1Ua2)是支持度Bel(a1Ua2)加上所有可能的扩展命题的概率分配值的和：   $$   Pl(a1Ua2) = Bel(a1Ua2) + \sum_{A \supseteq a1Ua2} m(A)   $$    在这个情况下，所有可能的扩展命题包括a1Ua2和全集，即：   $$   Pl(a1Ua2) = 0.8 + m(a1Ua2) + m(\Omega)   $$   由于m(a1Ua2)和m(\Omega)的值没有给出，因此不能准确计算Pl(a1Ua2)。  综上所述： - 支持度Bel(a1Ua2) = 0.8 - 似然度Pl(a1Ua2) = 不知道
72,standard,formula_reasoning,40,1,0,0,No,公式和内容均存在严重错误，未能正确理解归一化因子K的计算逻辑，且存在OCR识别错误导致的误解,2,6,2,[],"['X', 'R', 'C', 'O', 'Sx']","K= X;(m;)Y;(m;)Sx(mg)6。(m。) x?nynSx∩6p≠a (4.18) X:(mi)Y;(m;)Sx(mg)θ。(mp) x?nynSxn6p=2 针对实验过程中收集到的证据体,首先对视频中所提取到的特征的每个证据体进行时间 域上的划分,将整个视频分为n个部分,每个部分可以计",首先，根据公式(4.18)给出的表达式： K= X:(m;)Y;(m;)Sx(mg)6。(m。) x?nynSx∩6p≠a 可以推导归一化因子K的计算逻辑。这个公式中的各个参数和符号可能存在OCR识别错误，但根据语义可以理解为： K是四个证据体的某种组合形式，通过将每个证据体在时间域上的变化与设定的阈值进行比较，得到每个证据体在该时间段上的概率分配函数。然后将这四个证据体进行融合，得到坐姿的概率分配m(A)。 根据公式(4.19)和(4.20)给出的归一化因子K的计算公式： K= m;(hn)m;(hz)⋯m;(hn) h∩hz∩⋯nhin≠O 和 K= m;(ha)m;(hz)⋯m;(hin) hnhzn⋯nhin=O 可以得到归一化因子K的计算公式为： K= [m;(hn)m;(hz)⋯m;(hn)] / [m;(ha)m;(hz)⋯m;(hin)] 其中，分子是四个证据体在时间域上的概率分配函数的乘积，分母是四个证据体在空间域上的概率分配函数的乘积。通过这个公式，可以得到归一化因子K，然后将四个证据体进行融合，得到坐姿的概率分配m(A)。 具体来说，首先将四个证据体在时间域上的概率分配函数相乘，得到一个结果。然后将这个结果与四个证据体在空间域上的概率分配函数相乘，得到另一个结果。最后将这两个结果相除，得到归一化因子K。然后将四个证据体进行融合，得到坐姿的概率分配m(A)。 最后，通过公式(4.19)和(4.20)可以得到最终的时空融合结果。
73,standard,formula_reasoning,70,1,1,0,No,概念理解偏差,0,0,0,[],[],"表4.1进一步解释了不确定区间这个概念。比如,如果不确定区间为[0,1]表示对命 题a,一无所知,因为证据没有去直接支持a,也没有去直接反驳a,这时似然度等于1,正 o5; 好等于不确定区间的宽度。 表4.1命题a,各种不确定区间的解释 不确定区间 [Bel(a?),Pl(a?)] 解释 对命题a?","根据背景信息，当支持度和似然度为[0.25,1]时，不确定区间宽度为1 - 0.25 = 0.75。这是因为不确定区间的宽度等于似然度减去支持度，即1 - 0.25 = 0.75。"
74,standard,formula_reasoning,60,1,0,0,No,待评测回答中的公式表达存在错误，且对Bel(ai)和Pl(ai)之间的关系理解不正确。,3,3,3,[],[],"一个给定命题的支持度是这样定义的;传感器直接分配给该命题让据所对应的概率分配 直的和。这里传感器直接分配给孩命题的证据是指:孩命题及组成该命题的于命题的某些升 命题的集合,这些并命题是指被传感器赋予一定概率分配值的并命题。按照这个定义,某个 传感器判决目标类型为a,的支持度为 Bel(a)=m(a?",根据公式(4.6)，Pl(ai)的计算方法是将与命题ai及其相关并命题（包括识别框架）的概率分配值相加。具体来说，Pl(ai)等于m(ai)加上所有包含ai的并命题（如aiUa2等）的概率分配值，最后还包括识别框架的概率分配值m(0)。因此，公式可以表示为：  Pl(ai) = m(ai) + m(aiUa2) + ... + m(0)  其中，m(ai)是直接分配给命题ai的概率分配值，m(aiUa2)等是分配给包含ai的并命题的概率分配值，而m(0)是分配给识别框架的概率分配值。  Pl(ai)和Bel(ai)之间的关系是互补的。根据公式(4.5)，Pl(ai)可以表示为1减去Bel(ai)，即Pl(ai) = 1 - Bel(ai)。这说明Pl(ai)是Bel(ai)的补集，代表了所有没有被直接支持命题ai的概率分配值的总和。Bel(ai)是命题ai的支持度，而Pl(ai)是命题ai的似然度，它们共同构成了对命题ai不确定性的范围。
75,standard,formula_reasoning,85,0,1,1,Suspected,部分公式排版不清晰,9,9,8,['I'],['Q'],"X(t)=AX(t)+W(t) (2.1) (蒙(t)=HX(t)+V(t) 其中,A表示状态转移矩阵;日表示状态观测矩阵;W(4)表示状态噪声;V(1)表示噪声 根据卡尔曼滤波公式,则可以获得被跟踪目标的航迹状态估计值x。针对卡尔曼滤波这样有 确定性数学模型的跟踪滤波算法,计算中心对于来自多传感器",卡尔曼增益K(k)的表达式可以通过以下步骤推导得出： 1. 首先，根据状态预测公式X(k/k-1)=AX(k-1/k-1)，可以得到一步状态预测值X(k/k-1) 2. 接着，计算预测协方差矩阵P(k/k-1)=AP(k-1/k-1)A^T+Q(k) 3. 然后，根据观测值Y(k)和观测矩阵H，计算卡尔曼增益K(k)=P(k/k-1)H^T[R(k)+HP(k/k-1)H^T]^{-1} 4. 最后，利用卡尔曼增益K(k)和观测值Y(k)进行状态更新，得到最终的状态估计值X(k/k)=X(k/k-1)+K(k)[Y(k)-HX(k/k-1)]  其中，R(k)是观测噪声协方差矩阵，Q(k)是过程噪声协方差矩阵。卡尔曼增益K(k)的推导过程需要满足以下条件： 1. 状态转移矩阵A和观测矩阵H是已知的 2. 过程噪声协方差矩阵Q(k)和观测噪声协方差矩阵R(k)是已知的 3. 预测协方差矩阵P(k/k-1)是已知的  通过上述步骤，可以得到卡尔曼增益K(k)的表达式。需要注意的是，卡尔曼增益K(k)的计算需要保证矩阵的可逆性，即R(k)+HP(k/k-1)H^T是一个可逆矩阵。如果这个矩阵不可逆，需要对它进行正则化处理。
76,standard,formula_reasoning,70,1,1,0,Suspected,未准确反映卡尔曼滤波的协方差更新过程,3,5,2,['Cii'],"['$ P(k-1|k-1) $', 'A', 'K', 'C', '$ K(k) $']",e(k/k-1)=X(k)-X(k/k-1) (2.7) 可以得到先验误差估计的协方差矩阵为 P(k/k-1)=E{e(k/k-1)e1(k/k-1)} (2.8) 假定卡尔曼滤波的后验估计如下式所示:  ... (文档跳转) ...  X(k)=X(k/k-1)+K(k)[Y(k)-HX(k/1),根据给定的背景信息及公式(7.1O)，即：  $$ C_{ii}(k|k) = P(k|k) + P_{h}(k|k) $$  其中： - $ P(k|k) $ 表示预测的协方差矩阵； - $ P_h(k|k) $ 表示更新的协方差矩阵。  为了推导最终的协方差矩阵 $ C_{ii}(k|k) $，首先需要明确 $ P(k|k) $ 和 $ P_h(k|k) $ 的具体表达式。  ### 1. 预测的协方差矩阵 $ P(k|k) $  根据卡尔曼滤波的理论，预测的协方差矩阵 $ P(k|k) $ 可以通过状态预测和过程噪声的协方差矩阵计算得到。假设状态转移矩阵为 $ A $，过程噪声的协方差矩阵为 $ Q $，则预测的协方差矩阵 $ P(k|k) $ 可以表示为：  $$ P(k|k) = A P(k-1|k-1) A^T + Q $$  其中： - $ P(k-1|k-1) $ 是前一时刻的后验协方差矩阵； - $ A $ 是状态转移矩阵； - $ Q $ 是过程噪声的协方差矩阵。  ### 2. 更新的协方差矩阵 $ P_h(k|k) $  更新的协方差矩阵 $ P_h(k|k) $ 通常通过卡尔曼增益 $ K(k) $ 和观测噪声的协方差矩阵 $ R $ 计算得到。其表达式为：  $$ P_h(k|k) = (I - K(k) H) R $$  其中： - $ K(k) $ 是卡尔曼增益； - $ H $ 是观测矩阵； - $ R $ 是观测噪声的协方差矩阵。  ### 3. 最终的协方差矩阵 $ C_{ii}(k|k) $  将 $ P(k|k) $ 和 $ P_h(k|k) $ 代入公式(7.1O)：  $$ C_{ii}(k|k) = A P(k-1|k-1) A^T + Q + (I - K(k) H) R $$  因此，最终的协方差矩阵 $ C_{ii}(k|k) $ 是由预测的协方差矩阵 $ P(k|k) $ 和更新的协方差矩阵 $ P_h(k|k) $ 相加得到的。  ### 4. 注意事项  - 如果状态误差相关，需要考虑状态误差和观测误差之间的相关性，并对协方差矩阵进行相应的修正。 - $ A $、$ Q $、$ K(k) $、$ H $ 和 $ R $ 都是与具体系统相关的参数，需要根据实际问题进行设定或估计。  综上所述，根据公式(7.1O)，最终的协方差矩阵 $ C_{ii}(k|k) $ 可以通过将预测的协方差矩阵 $ P(k|k) $ 和更新的协方差矩阵 $ P_h(k|k) $ 相加得到。
77,standard,formula_reasoning,85,0,0,0,No,未正确引用公式和上下文信息,0,0,0,"['T', 'N', 'E', 'S']",[],"X(k)=X(k/k-1)+K(k)[Y(k)-HX(k/1)] (2.15) 状态预测估计为 X(k/k-1)=AX(k-1/k-1) (2.16) 进一步计算得出误差的协方差矩阵如下式所示:  ... (文档跳转) ...  式(8.3)和式(8.2)构成丁标准的Ps0算法。心值较大,全局寻优能",根据提供的背景信息，关于公式(8.23)的具体内容和残差协方差的计算逻辑未被提及，因此无法直接回答该问题。  如果需要进一步解答，请提供公式(8.23)的具体内容或相关背景信息。
78,standard,formula_reasoning,85,1,1,1,No,未明确说明推导过程的依据,3,3,3,[],[],"系统噪声的协方差矩阵为 Q(k)=E{W(k)W1(k)} (2.3) 观测噪声的协方差矩阵为 R(k)=E{V(k)V(k)} (2.4) 卡尔曼滤波器就是在已知观测序列1Y(0),Y(1),⋯,Y(k)}的前提条件下,要求解 X(k)的估计值,使得后验误差估计的协方差矩阵P(h/k)最小。其中 ",P(k/k-1)的表达式直接由公式(2.8)给出，即P(k/k-1)=E{e(k/k-1)e1(k/k-1)}。这是先验误差估计的协方差矩阵的定义式，其中e(k/k-1)为先验误差估计，由公式(2.7)定义为e(k/k-1)=X(k)-X(k/k-1)。因此，P(k/k-1)的表达式是基于先验误差估计的定义直接推导得到的，不需要进一步的推导。
79,standard,formula_reasoning,0,0,0,0,No,待评测回答与参考上下文和标准答案内容完全不相关，属于严重偏离主题的错误。,1,1,2,"['X', 'Hs', 'G', 'K', 'Q']","['Error', 'Call', 'Connection', 'Remote', 'H']","X(t)=AX(t)+W(t) (2.1) (蒙(t)=HX(t)+V(t) 其中,A表示状态转移矩阵;日表示状态观测矩阵;W(4)表示状态噪声;V(1)表示噪声 根据卡尔曼滤波公式,则可以获得被跟踪目标的航迹状态估计值x。针对卡尔曼滤波这样有 确定性数学模型的跟踪滤波算法,计算中心对于来自多传感器","Remote Call Error: HTTPConnectionPool(host='ps2.tail07443e.ts.net', port=2640): Read timed out. (read timeout=60)"
80,standard,formula_reasoning,85,1,1,1,No,缺乏对观测矩阵作用的详细解释,2,2,2,[],[],"2.3 多传感器数据融合中的卡尔曼滤波理论 2.3.1 卡尔曼滤波简介 针对传感器信息的跟踪滤波算法,大多数工程技术人员会选用卡尔曼滤波算法。卡尔曼 滤波算法是R.E.Kalman在1960年发表的一篇著名论文中所阐述的一种递归解算法。该算 法在解决离散数据的线性滤波问题方面有着广泛的应用,特别是随",Y(k) 表示第 k 时刻的测量值，H 表示观测矩阵。
81,standard,formula_reasoning,60,1,1,1,No,未明确说明马尔可夫转移矩阵的具体数值和计算过程,0,0,0,[],[],"(811) xk+1=fs-1(xg-1,my,ug) (8.2) Zk=hx(xg,mg,Vk) 假定过程噪声1,和量测噪声v是零均值白噪声,独立于过去和现在的状态,概率密度 函数(PDF)已知,且方差分别为0、R。m表示目标在时刻左的有效模式。m∈S,S为 日标所有可能运动模式的集合;S为S中模","目标在初始阶段的运动模式概率分布由初始模型概率μ给定，即μ₀ = (0.6, 0.2, 0.2)。这表示在初始时刻，目标以0.6的概率处于模式0（角速率0°/s），以0.2的概率处于模式1（角速率3°/s）和模式2（角速率-3°/s）。   利用马尔可夫状态转移矩阵π对模型概率进行更新时，首先需要根据当前时刻的模型概率分布和马尔可夫转移矩阵得到下一时刻的模型概率分布。具体来说，下一时刻的模型概率分布为：   μ_{k} = πμ_{k-1}   其中μ_{k}为第k时刻的模型概率分布，μ_{k-1}为第k-1时刻的模型概率分布。   因此，初始模型概率分布为μ₀ = (0.6, 0.2, 0.2)，通过马尔可夫状态转移矩阵π可以得到下一时刻的模型概率分布μ₁ = πμ₀。"
82,standard,formula_reasoning,95,1,True,0,Suspected,未提及参数α和β的定义和范围,2.00,3,2,"['A', 'B']","['Error', 'P', 'Call', 'Connection', 'Remote']","三者隶属度函数均选择三角形隶属度函数,隶属函数值如图5.4所示。将E、EC、U量 化,量化后的E、EC、U的隶属度函数表如表5.1所示。第一列表示各个语言值,第一行表 示具体的数值,其余即为各语言值在精确量上的隶属度。  ... (文档跳转) ...  念“高温”的隶属函数计算得到.方法如卜。  .","Remote Call Error: HTTPConnectionPool(host='ps2.tail07443e.ts.net', port=2640): Read timed out. (read timeout=60)"
83,standard,formula_reasoning,85,1,1,1,No,缺乏具体计算步骤的示例,1,3,1,[],"['F', 'U']","2.模糊集的运算 无论论域V有限还是无限,离散还是连续,Zadch用如下记号作为模糊集A的一般表示 形式:A=μ4(u)/u。  ... (文档跳转) ...  定义5.4(α-截集)F的α-截集定义为由下中录属度值大于(大于等于)α的元素构 成的集合,其中式(5.7)和式(5.8)分别称为卩的强(","根据公式(5.7)和(5.8)，模糊数A的λ-水平截集A=[x,y]的推导过程如下：  首先，根据模糊集的定义，模糊数A的隶属函数为μA(u)，其定义域为U。根据α-截集的定义，模糊数A的λ-水平截集是隶属函数值大于或等于λ的元素构成的集合，即： FA = {u | u ∈ U 且 μA(u) ≥ λ}  接下来，由于模糊数的隶属函数是连续的，可以将FA表示为一个区间[x, y]，其中x和y是满足μA(x) = λ和μA(y) = λ的边界点。因此，模糊数A的λ-水平截集为： A = [x, y]  具体计算步骤如下：  1. 确定模糊数A的隶属函数μA(u)的定义域U。 2. 在U中寻找两个点x和y，使得μA(x) = λ和μA(y) = λ。 3. 根据模糊数A的定义，可以确定x和y是满足上述条件的最小和最大值，即x是满足μA(x) = λ的最小值，y是满足μA(y) = λ的最大值。 4. 将x和y作为模糊数A的λ-水平截集的边界，得到A = [x, y]。  需要注意的是，模糊数的λ-水平截集是一个区间，其中λ的取值范围为0 < λ ≤ 1。当λ取不同值时，对应的截集区间[x, y]也会发生变化。"
84,standard,formula_reasoning,0,1,0,0,Suspected,待评测回答与参考上下文和标准答案无关，内容为远程调用错误信息，未涉及任何关于残差似然函数或卡尔曼滤波的讨论。,4,2,2,"['R', 'S']","['Error', 'Call', 'Connection', 'Remote', 'H']","信任函数值=似然函数值=组合后的BPA值 即, Bel({Peter})=Pl({Peter})=mz({Peter})=0 Bel({Paul})=Pl({Paul})=m2({Paul})=1 Bel({Mary})=Pl({Mary})=mi2({Mary})=0 我们虽然利用Dempster","Remote Call Error: HTTPConnectionPool(host='ps2.tail07443e.ts.net', port=2640): Read timed out. (read timeout=60)"
85,standard,formula_reasoning,85,1,1,1,No,未提及α强和α弱的具体定义,4,4,5,[],[],"对式(3.20)两边取对数,并结合式(3.17),可得 T(ai)三T(a强+m弧) (3.21) +logP(G) logP(G|D)= O工(ai+mg)=T(a疏) j 称式(3.21)为BD(Bayesian-Dirchlet)评分,当网络结构的先验分布为均匀分布时 logP(G)=0,BD","根据式(3.22)和式(3.23)，当BD评分中的Dirichlet参数α满足特定条件时，BD评分会分别转变为K2评分和BDeu评分。  对于式(3.22)的K2评分，文档中明确指出""一种假设是其服从统一的参数α=1，这样BD评分转变为一种新的评分——K2评分""。因此，当BD评分中的Dirichlet参数α满足α=1时，BD评分转变为K2评分。  对于式(3.23)的BDeu评分，文档中提到""另一种假设[6]，如果参数满足α_稀疏，BD评分就转变成新的评分——BDeu评分""。其中α_稀疏表示一个与网络结构相关的参数，用于控制网络结构的复杂性。因此，当BD评分中的Dirichlet参数α满足α_稀疏时，BD评分转变为BDeu评分。  需要注意的是，文档中提到的α_稀疏的具体取值和计算方法并没有给出详细说明，可能需要参考相关文献或进一步研究。  综上所述，当BD评分中的Dirichlet参数α满足α=1时，BD评分转变为K2评分；当BD评分中的Dirichlet参数α满足α_稀疏时，BD评分转变为BDeu评分。"
86,standard,formula_reasoning,85,1,1,1,Suspected,未充分解释归一化常数K的数学推导过程,5,6,4,['Pl'],"['K', 'C']","此外,证据合成规则没有非常坚固的理论支持,其合理性和有效性还存在较大的争议。让孩 理论在计算上仔在看潜在的指数爆炸同题。zadeh曾经提出冠“zadeh俘论“,对让据埋论 的合成公式的合理性进行质疑。  ... (文档跳转) ...  (续) 支持度Bel(a 似然度1-Bel(a) 不确定区间 命","在Dempster合成规则下出现与常识相悖的""Zadeh悖论""，其本质是由于该规则在合成过程中对不确定性信息的处理方式与人类的直觉和常识推理存在根本性差异。具体推导如下：  1. **概率分配的特性**：    - Dempster合成规则要求输入的两个mass函数必须满足特定的条件，即它们的交集部分必须包含一个非空集。在Zadeh悖论中，两个传感器给出的证据分别支持不同的命题，但它们的交集却是空集。这种情况下，根据Dempster合成规则的定义，归一化常数K会趋向于无穷大，导致合成后的概率分配出现极端值。  2. **归一化常数K的影响**：    - 在Dempster合成规则中，归一化常数K的计算式为K = 1 / ∑_{C} m₁(C)m₂(C)。当两个mass函数的交集为零时，分母会趋向于零，导致K趋向于无穷大。这使得合成后的概率分配值在非空集上集中，从而产生极端的置信度结果。  3. **合成后的结果失真**：    - 在Zadeh悖论中，两个传感器分别给出明确的证据，但它们的交集是空集。根据Dempster合成规则，合成后的结果会将所有概率都分配给交集的补集。由于交集为空，所有的概率都会被分配给非空集，导致合成后的结果出现极端的置信度，即Bel({Paul})=1，而其他命题的支持度为0。  4. **与常识推理的冲突**：    - 在现实世界中，人类的推理过程会考虑证据的不确定性和可能的矛盾，而不是简单地将所有概率分配给一个非空集。Dempster合成规则的这种特性导致合成结果与人的直觉相悖。  5. **Zadeh悖论的本质**：    - Zadeh悖论的本质是Dempster合成规则在处理矛盾证据时的局限性。当两个证据的交集为空时，规则会强制将所有概率分配给一个非空集，从而导致极端的置信度结果。这种结果与现实世界中证据的不确定性相悖，因此被称为""Zadeh悖论""。  综上所述，Zadeh悖论的出现是由于Dempster合成规则在处理矛盾证据时的局限性，其本质是规则在处理不确定性信息时与人类直觉和常识推理的不一致。"
87,standard,formula_reasoning,90,1,1,1,No,无,3,3,3,[],"['$G$', '$D$', '$\\theta_i$', 'prod_{i', '$P(G|D)$']","解可以用贝叶斯推理来计算被测物体是属于哪类的后验概率。因为这里主要检测矿 物,所以简单地将物体的类别限定为矿物和非矿物。设矿物类为0,非矿物类为0,并且 做如下假设:  ... (文档跳转) ...  利用贝叶斯法则来计算物体是第j类物品的后验概率为 P(数据|O;)P(O;) P(O;数据)= P","基于贝叶斯评分函数的推导中，将后验概率 $P(G|D)$ 转化为仅与似然函数 $P(D|G)$ 和先验概率 $P(G)$ 相关的表达式的过程如下：  首先，根据贝叶斯公式，后验概率 $P(G|D)$ 可以表示为： $$ P(G|D) = \frac{P(D|G)P(G)}{P(D)} $$ 其中，$P(D)$ 是数据 $D$ 的边缘概率，它与模型结构 $G$ 无关。  为了简化计算并专注于模型结构 $G$ 的评估，可以忽略与 $G$ 无关的常数项 $P(D)$，并使用对数变换来处理乘法运算，将其转化为加法运算。因此，后验概率的对数形式为： $$ \log P(G|D) = \log P(D|G) + \log P(G) - \log P(D) $$ 由于 $P(D)$ 与 $G$ 无关，它在比较不同模型结构 $G$ 的后验概率时可以被忽略，因此可以进一步简化为： $$ \log P(G|D) \propto \log P(D|G) + \log P(G) $$  接下来，考虑似然函数 $P(D|G)$ 的具体形式。假设模型结构 $G$ 的参数集为 $\theta$，则似然函数可以表示为： $$ P(D|G) = \int P(D|G, \theta)P(\theta|G) d\theta $$ 其中，$P(D|G, \theta)$ 是给定模型结构 $G$ 和参数 $\theta$ 的条件下数据 $D$ 的似然函数，而 $P(\theta|G)$ 是参数 $\theta$ 的先验分布。  在离散数据的结构学习中，通常假设模型参数的先验分布 $P(\theta|G)$ 服从参数为 $\alpha$ 的狄利克雷分布，即： $$ P(\theta|G) \propto \prod_{i=1}^{m} \theta_i^{\alpha_i - 1} $$ 其中，$\theta_i$ 是模型参数，$\alpha_i$ 是狄利克雷分布的参数。  将似然函数和先验分布代入后验概率的对数形式中，可以得到： $$ \log P(G|D) \propto \log \left( \int P(D|G, \theta)P(\theta|G) d\theta \right) + \log P(G) $$  综上所述，将后验概率 $P(G|D)$ 转化为仅与似然函数 $P(D|G)$ 和先验概率 $P(G)$ 相关的表达式的过程包括以下几个步骤： 1. 应用贝叶斯公式，将后验概率表示为似然函数和先验概率的乘积除以数据的边缘概率。 2. 忽略与模型结构 $G$ 无关的常数项 $P(D)$。 3. 使用对数变换，将乘法运算转化为加法运算。 4. 将似然函数表示为参数 $\theta$ 的积分形式，并假设参数的先验分布服从狄利克雷分布。 5. 最终得到的表达式仅包含似然函数和先验概率的对数形式，并且忽略了与模型结构无关的常数项。"
88,standard,formula_reasoning,50,1,0,1,No,judge_parse_error,3,6,3,[],"['Bn', 'K', 'Maryl']","K=m?(B)·mz(C) B∩C≠ =m,(Peter)·m?(Peter)+m;(Paul)·mz(Paul)+m(Mary)·m?(Mary) =0.99×0+0.01×0.01+0×0.99 =O.OOO1 4O  ... (文档跳转) ...  m? ④ m?({Mary})= m?(B)","根据给定的公式推导，m?({Mary})的值为0.00。  计算逻辑如下：  1. 根据公式： m?({Mary}) = m?(B)·mz(C) KBnC={Maryl m,({Mary})·mz({Mary}) × 0.00 × 0.99 = 0.00  2. 公式中m?(B)和mz(C)的值分别为0.00和0.99，相乘得到0.00×0.99=0.00。  3. 同时，m,({Mary})·mz({Mary})的值为0.00。  4. 将两部分相乘，即0.00×0.00=0.00，最终得到m?({Mary})的值为0.00。  因此，m?({Mary})的值为0.00。"
89,standard,formula_reasoning,60,1,0,1,No,公式匹配失败,3,3,3,[],"['$ P(HE) $', '$$', '$ P(EH) $', '$ P(EH) = P(E|H)P(H) $', '$ P(EH) = P(E)P(H) $']","P(EH) (3.7) P(HE)=P(E) 将式(3.3)和式(3.6)代入式(3.7)中,就导出了贝叶斯推理法则 4  ... (文档跳转) ...  (2)从贝叶斯推理的角度考虑,可以根据P(B.1A)的大小来追究第i条流水线的经济责 任。如对于第4条流水线,由贝叶斯公式可知:  ... (文",贝叶斯推理法则的核心在于将条件概率与联合概率之间的关系进行转换，其基本形式为：  $$ P(H|E) = \frac{P(E|H)P(H)}{P(E)} $$  根据题设条件，假设：  1. $ P(EH) = P(E)P(H) $ 2. $ P(HE) = P(E) $  首先，我们需理解这些表达式的意义。$ P(EH) $ 和 $ P(HE) $ 都表示事件 $ E $ 和 $ H $ 的联合概率，即事件 $ E $ 和事件 $ H $ 同时发生的概率。在概率论中，联合概率的定义是：  $$ P(EH) = P(H|E)P(E) = P(E|H)P(H) $$  因此，题设中给出的两个公式：  1. $ P(EH) = P(E)P(H) $ 2. $ P(HE) = P(E) $  实际上是对联合概率的两种不同表示方式，分别对应不同的条件概率。其中，第一个公式 $ P(EH) = P(E)P(H) $ 暗示了 $ E $ 和 $ H $ 是独立事件，即 $ P(H|E) = P(H) $。第二个公式 $ P(HE) = P(E) $ 暗示了 $ H $ 是一个必然事件，即 $ P(E|H) = P(E) $。然而，根据题设的描述，我们将其作为已知条件来推导贝叶斯推理法则。  接下来，我们利用联合概率的定义 $ P(EH) = P(H|E)P(E) $ 和 $ P(EH) = P(E|H)P(H) $ 来推导贝叶斯推理法则。将这两个等式相等：  $$ P(H|E)P(E) = P(E|H)P(H) $$  将等式两边同时除以 $ P(E) $，得到：  $$ P(H|E) = \frac{P(E|H)P(H)}{P(E)} $$  这就是贝叶斯推理法则。因此，通过将联合概率的两种表示方式相等，并代入已知条件，我们得出了贝叶斯推理法则。  综上所述，根据题设条件中的公式推导，我们得出了贝叶斯推理法则，并且推导过程严谨，符合概率论的基本原理。
90,standard,formula_reasoning,85,0,1,1,No,未提及具体数值计算,2,4,2,[],"['$ A(x) $', '$ B $', 'U', '$ 1 $', '$ B(x) $']","三者隶属度函数均选择三角形隶属度函数,隶属函数值如图5.4所示。将E、EC、U量 化,量化后的E、EC、U的隶属度函数表如表5.1所示。第一列表示各个语言值,第一行表 示具体的数值,其余即为各语言值在精确量上的隶属度。  ... (文档跳转) ...  AoR=B=(b1,b2,⋯,bm) 其中,A","对于给定的全集 $ U = \mathbb{R} $，集合 $ A $ 和 $ B $ 的隶属度函数分别为： $$ A(x) = \exp[-|x|], \quad B(x) = \exp[-x^2] $$  ### 1. 求并集 $ A \cup B $ 并集的隶属度函数为： $$ (A \cup B)(x) = \max(A(x), B(x)) $$  ### 2. 求交集 $ A \cap B $ 交集的隶属度函数为： $$ (A \cap B)(x) = \min(A(x), B(x)) $$  ### 图形分析： - **A(x) = exp[-|x|]** 是一个以 $ x = 0 $ 为对称轴的指数衰减函数，其图形在原点处达到最大值 $ 1 $，并向左右两侧对称地衰减。 - **B(x) = exp[-x²]** 是一个以 $ x = 0 $ 为对称轴的高斯函数，其图形在原点处达到最大值 $ 1 $，并向左右两侧对称地呈钟形曲线衰减。 - **A ∪ B** 的图形将由 $ A(x) $ 和 $ B(x) $ 中较大者构成，因此在某些区域 $ A(x) $ 会覆盖 $ B(x) $，而在另一些区域 $ B(x) $ 会覆盖 $ A(x) $。 - **A ∩ B** 的图形将由 $ A(x) $ 和 $ B(x) $ 中较小者构成，因此在某些区域 $ A(x) $ 会小于 $ B(x) $，而在另一些区域 $ B(x) $ 会小于 $ A(x) $。  具体的图形可以通过绘制 $ A(x) $ 和 $ B(x) $ 的曲线，然后分别取最大值和最小值得到。由于无法直接绘图，只能通过描述和分析来解释它们的形状和特性。  ### 结论： - $ A \cup B $ 的隶属度函数为 $ \max(\exp[-|x|], \exp[-x^2]) $ - $ A \cap B $ 的隶属度函数为 $ \min(\exp[-|x|], \exp[-x^2]) $  具体的图形可以通过上述的数学表达式绘制出来。"
91,standard,formula_reasoning,70,1,1,1,No,未准确描述λ-水平截集的定义和含义,1,1,1,['L'],[],"模糊概念的外延是不明确的,其边界是不清晰的,因而相应的集合也是“模糊”的。  ... (文档跳转) ...  2.模糊集的运算 无论论域V有限还是无限,离散还是连续,Zadch用如下记号作为模糊集A的一般表示 形式:A=μ4(u)/u。  ... (文档跳转) ...  Fa+={uTu∈U且up(","首先，模糊数A的λ-水平截集为A=[x,y]，其中x和y分别是模糊数的两个特定点。模糊数的λ-水平截集的长度表达式为长度= y - x。  模糊数的λ-水平截集的长度代表了模糊数在λ水平下的不确定程度。长度越大，说明模糊数的不确定性越高，即模糊数的边界越不清晰。相反，长度越小，说明模糊数的不确定性越低，即模糊数的边界越清晰。"
92,standard,formula_reasoning,100,1,1,1,No,无,3,3,3,[],"['$ P(H_i) $', '$ P(E|H_2)P(H_2) = 0.4 \\times 0.5 = 0.2 $', '$ P(H_3) = 0.3 $', '$ P(H_1) = 0.2 $', 'H_i']","(3.5) P(E)=P(EH,) 在式(3.3)中,用H,代替H,并对所有的j求和,有: P(E)= (3.6) [P(E|H;)P(H;)] i=1 式(3.6)称为全概率公式。  ... (文档跳转) ...  P(E|H)P(H?) P(HE)= (3.8) [P(E|H;)P(H,)」 j",式(3.6)的全概率公式为： $$ P(E) = \sum_{i=1}^{n} P(E|H_i)P(H_i) $$  计算过程如下： 1. 代入题目中的数值：    - $ P(H_1) = 0.2 $    - $ P(H_2) = 0.5 $    - $ P(H_3) = 0.3 $    - $ P(E|H_1) = 0.7 $    - $ P(E|H_2) = 0.4 $    - $ P(E|H_3) = 0.6 $  2. 计算每个假设对应的概率乘积：    - $ P(E|H_1)P(H_1) = 0.7 \times 0.2 = 0.14 $    - $ P(E|H_2)P(H_2) = 0.4 \times 0.5 = 0.2 $    - $ P(E|H_3)P(H_3) = 0.6 \times 0.3 = 0.18 $  3. 将这些结果相加：    - $ P(E) = 0.14 + 0.2 + 0.18 = 0.52 $  因此，$ P(E) $ 的值为 $ 0.52 $。  计算过程的逻辑是：全概率公式将每个假设发生的先验概率 $ P(H_i) $ 与在该假设下事件 E 发生的条件概率 $ P(E|H_i) $ 相乘，然后对所有可能的假设求和，得到事件 E 发生的总概率。
93,standard,formula_reasoning,85,0,1,1,No,未提及具体误差信号e_k的值和其对权系数修正的解释,1,3,2,[],"['Y', 'e_k', 'Xr']","将实际输出x”与期望输出Y相比较,如果两者不等,则产生误差信号e,接着则按如 下公式反向传播修改权系数: AWg=2WgX (6.11) 可见,误差函数的求取是从输出层开始到输人层的反向传播过程,在这个过程中不断进 行递归求误差。通过多个样本的反复训练,同时向误差渐渐减小的方向对权系数进行修正 以达",根据教材片段中的公式推导，权系数的修改量△W_k的计算逻辑如下：  首先，已知输出层第k个神经元的误差e_k为0.5，学习率η为0.1，且对误差函数e的偏导数为2。根据反向传播算法，权系数的修改量△W_k的计算公式为： △W_k = -η * ∂e/∂W_k  其中，η是学习率，∂e/∂W_k是对误差函数e的偏导数。将已知的数值代入公式，得到： △W_k = -0.1 * 2 = -0.2  因此，权系数的修改量△W_k的值为-0.2。  解释计算逻辑： 1. 首先，根据反向传播算法，权系数的修改量△W_k的计算需要知道学习率η和对误差函数e的偏导数∂e/∂W_k。 2. 在本题中，已知学习率η为0.1，对误差函数e的偏导数为2。 3. 将这些已知的数值代入公式△W_k = -η * ∂e/∂W_k，得到权系数的修改量△W_k为-0.2。 4. 由于误差信号e_k为正，表示输出层的预测值Xr比期望输出Y大，因此权系数的修改量为负，表示需要减小权系数以减小误差。
94,standard,formula_reasoning,60,1,0,0,Suspected,推导过程不准确且公式使用错误,5,3,4,"['X', 'Ut']","['oW_i', '$ oW = oU \\cdot e $', '$ oU $', '$ e $', '$$']","WX oU (6.6) ow oW oU 从而有 由式(6.6)可求得oWg=x= e e (6.7) X oWg oUt e e (6.8) AWi三ow oU 由式(6.8)看出,可以沿误差函数的负梯度方向修改权系数。其中,η为学习率,也 称为步长,一般取区间(0,1)内的一个数。式(6.8)也",根据教材片段中的公式推导，从式(6.6)和式(6.8)推导出式(6.7)的计算逻辑如下：  1. **式(6.6)的含义**：    式(6.6)表示了一个与权值和输入相关的计算关系，形式为：    $$    oW = oU \cdot e    $$    其中，$ oW $ 和 $ oU $ 分别表示输出层的权值和输入层的输入值，$ e $ 是误差项。这个公式表明，输出层的权值 $ oW $ 与输入层的输入值 $ oU $ 和误差项 $ e $ 之间存在直接的乘积关系。  2. **式(6.8)的含义**：    式(6.8)是学习公式，表示为：    $$    AW_i = \eta \cdot \frac{\partial E}{\partial oW_i}    $$    其中，$ AW_i $ 表示权值的更新量，$ \eta $ 是学习率，$ \frac{\partial E}{\partial oW_i} $ 表示损失函数对权值 $ oW_i $ 的梯度。这个公式表明，权值的更新是沿着误差函数的负梯度方向进行的，其大小由学习率 $ \eta $ 控制。  3. **推导过程**：    - 首先，从式(6.6)可以得到 $ oW $ 与 $ oU $ 和误差项 $ e $ 的关系，即 $ oW = oU \cdot e $。这一步是直接的代数运算。    - 接着，为了得到权值的更新量 $ AW_i $，需要对式(6.6)进行求导，即对 $ oW $ 关于 $ oU $ 的导数。根据链式法则，可以得到：      $$      \frac{\partial oW}{\partial oU} = \frac{\partial (oU \cdot e)}{\partial oU} = e      $$    - 然后，将求得的梯度 $ e $ 乘以学习率 $ \eta $，即可得到权值的更新量 $ AW_i $：      $$      AW_i = \eta \cdot e      $$    - 最后，将更新量 $ AW_i $ 与原始权值 $ oW $ 相加，得到新的权值 $ oW_{\text{new}} $：      $$      oW_{\text{new}} = oW + AW_i = oW + \eta \cdot e      $$  4. **最终结果**：    通过上述推导过程，可以得到式(6.7)的计算逻辑，即：    $$    oW_{\text{new}} = oW + \eta \cdot e    $$    这个公式表示，权值的更新是原始权值加上学习率乘以误差项的乘积。这个过程确保了权值的更新方向与误差函数的梯度方向相反，从而最小化损失函数。  综上所述，从式(6.6)和式(6.8)推导出式(6.7)的计算逻辑，需要首先对式(6.6)进行求导，得到误差项的梯度，然后将该梯度乘以学习率得到权值的更新量，最后将更新量与原始权值相加，得到新的权值。
95,standard,formula_reasoning,85,1,1,1,No,未详细解释卡尔曼增益的推导过程和具体应用场景,5,6,5,[],"['$ R(k) $', '$ R(k) + H P(k/k-1) H^T $', '$ Q(k) $', '$ H P(k/k-1) H^T $', '$ K(k) $']",随时间更新(预测) 获得测量值后更新(滤波) (1)计算卡尔曼增益 (1)一步状态预测公式 K(k)=P(k/k-1)H1[R(k)+HP(k/k-1)HT]-1 X(k/k-1)= AX(k-1/k-1) (2)更新状态估计 (2)预测协方差矩阵 X(k)=X(k/k-1)+K(k)[Y(k)-H,在卡尔曼增益 $ K(k) $ 的计算公式中，矩阵 $ R(k) $ 和 $ Q(k) $ 分别表示测量噪声协方差矩阵和过程噪声协方差矩阵。   - $ R(k) $ 反映了系统测量值的精度，即传感器的噪声特性。$ R(k) $ 越小，表示测量噪声越小，系统对测量值的信任程度越高。   - $ Q(k) $ 表示系统模型中过程噪声的协方差，反映系统状态预测的不确定性。$ Q(k) $ 越大，表示状态预测的不确定性越高，系统对预测值的信任程度越低。  在计算卡尔曼增益时，将 $ R(k) $ 与 $ H P(k/k-1) H^T $ 相加是为了得到测量的总协方差。   - $ H P(k/k-1) H^T $ 是系统状态预测误差与测量值之间的协方差（即预测误差在测量空间的投影）。   - $ R(k) $ 是测量噪声本身的协方差。两者相加得到的 $ R(k) + H P(k/k-1) H^T $ 表示测量值的总不确定度。这个总协方差在计算卡尔曼增益时被用作分母，以权衡预测值和测量值的相对信任度。   - 这样，卡尔曼增益能够根据测量的不确定度和预测的不确定度，合理地分配权重，从而优化状态估计的精度。
96,standard,formula_reasoning,50,0,0,0,No,未能正确理解似然度Pl(a)和基本概率赋值m(a)之间的关系，错误地认为没有计算公式就无法得出结果，而实际上根据参考标准答案，Pl(a)与Bel(a)存在明确的数学关系。,0,0,1,"['Bel', 'Ua']",[],3.3 贝叶斯网络推理计算应用实例 28 3.4本章小结⋯⋯ 33 参考文献 33 习题与思考 34 第4章证据理论算法与数据融合 36 4.1 DS算法概述 36 4.2DS算法的理论体系 36 36 4.2.1识别框架⋯⋯ 37 4.2.2支持度、似然度、不确定区间 4O 4.2.3Dempst,根据背景资料中提到的证据理论，似然度Pl(a)是衡量某个命题a相对于识别框架的可信程度，它与基本概率赋值m(a)相关。在证据理论中，基本概率赋值m(a)表示了对于命题a的不确定性信息的分布，而似然度Pl(a)则可以理解为对命题a的证据支持的强度。  在背景资料中并没有直接给出似然度Pl(a)的计算公式，而是通过基本概率赋值m(a)的分配方式来体现对命题的支持程度。根据证据理论，基本概率赋值m(a)是对命题a的不确定性的量化表示，而似然度Pl(a)则是基于基本概率赋值m(a)的进一步处理结果，通常是在考虑了多个命题之间的相互影响后得出的。  如果背景资料中没有直接给出似然度Pl(a)的计算公式，那么我们无法直接推导出Pl(a)的具体表达式。因此，答案是不知道。
97,standard,formula_reasoning,40,1,0,0,Suspected,公式不匹配且内容严重偏离标准答案,5,6,4,['Sxn'],"['A', 'O', '$$']","K= X;(m;)Y;(m;)Sx(mg)6。(m。) x?nynSx∩6p≠a (4.18) X:(mi)Y;(m;)Sx(mg)θ。(mp) x?nynSxn6p=2 针对实验过程中收集到的证据体,首先对视频中所提取到的特征的每个证据体进行时间 域上的划分,将整个视频分为n个部分,每个部分可以计",根据提供的背景信息，公式(4.18)为： $$ K = X;(m;)Y;(m;)Sx(mg)6。(m。) x?nynSx∩6p≠a $$ 在公式中，K是归一化因子。归一化因子K的作用是将四个证据体进行归一化处理，使得它们的融合结果具有可比性。  为了推导出归一化因子K的表达式，我们可以将公式(4.18)中的各个部分进行分解。首先，X;(m;)表示的是X轴质心坐标变化的证据体，Y;(m;)表示的是Y轴质心坐标变化的证据体，Sx(mg)表示的是面积变化的证据体，6。(m。)表示的是角度变化的证据体。x?nynSx∩6p≠a表示的是时间域上的划分，将整个视频分为n个部分，并计算这四个证据体的变化是否超出了设定的阈值。  然后，将这四个证据体进行融合，可以得到三种坐姿的概率分配m(A)，也就得到了在这个时间段中人体的坐姿情况。在实验中，使用m(hu)、m(h)、m(ha)、m(ha)分别表示x轴质心坐标变化、y轴质心坐标变化、面积变化以及角度变化这四个证据体的值，k表示第k个统计单元，其中1≤h≤n。  接下来，对四个信息源的时域融合信息进行空间上面的融合，得到最后的时空融合结果。此时，归一化因子K的表达式可以表示为： $$ K = \frac{m;(hn)m;(hz)⋯m;(hn)}{h∩hz∩⋯nhin≠O} $$ 其中，分子部分是四个证据体的乘积，分母部分是时间域上的划分结果。  归一化因子K的作用是将四个证据体进行归一化处理，使得它们的融合结果具有可比性。通过归一化因子K，我们可以将四个证据体的融合结果转换为一个统一的概率分配，从而更好地反映人体的坐姿情况。
98,standard,formula_reasoning,85,1,1,1,No,未明确提及不确定区间的定义,0,0,0,[],[],"表4.1进一步解释了不确定区间这个概念。比如,如果不确定区间为[0,1]表示对命 题a,一无所知,因为证据没有去直接支持a,也没有去直接反驳a,这时似然度等于1,正 o5; 好等于不确定区间的宽度。 表4.1命题a,各种不确定区间的解释 不确定区间 [Bel(a?),Pl(a?)] 解释 对命题a?","根据背景信息，不确定区间的宽度是不确定区间上限与下限的差。当支持度和似然度为[0.25,1]时，不确定区间的宽度是1-0.25=0.75。 推导过程如下： 不确定区间的宽度=不确定区间上限-不确定区间下限 =1-0.25 =0.75 因此，当支持度和似然度为[0.25,1]时，不确定区间的宽度是0.75。"
99,standard,formula_reasoning,80,1,1,1,Suspected,未明确指出Pl(ai)的定义和Bel(ai)的定义,3,2,2,['Ua'],"['a_j', 'Omega', '$$', 'a_i']","一个给定命题的支持度是这样定义的;传感器直接分配给该命题让据所对应的概率分配 直的和。这里传感器直接分配给孩命题的证据是指:孩命题及组成该命题的于命题的某些升 命题的集合,这些并命题是指被传感器赋予一定概率分配值的并命题。按照这个定义,某个 传感器判决目标类型为a,的支持度为 Bel(a)=m(a?",根据公式(4.6)，Pl(ai)的计算是将与a_i及与a_i有关的并命题（包括识别框架Ω）的所有概率分配值相加。题目中给出的参数是m(a_i)=0.3、m(a_i∪a_j)=0.2和m(Ω)=0.1。因此，Pl(a_i)的值为： $$ Pl(a_i) = m(a_i) + m(a_i \cup a_j) + m(\Omega) = 0.3 + 0.2 + 0.1 = 0.6 $$  Pl(a_i)的值0.6表示的是命题a_i的似然度，即在所有可能的证据中，能够支持a_i的概率分配值的总和。这意味着在给定的证据中，有60%的概率分配值是支持a_i的。  同时，根据公式(4.7)，Bel(ai)和Pl(ai)之间有如下关系： $$ Bel(ai) \leq Pl(ai) $$ 当Bel(ai)=0.4时，Pl(ai)的值应该满足： $$ Pl(ai) \geq 0.4 $$ 这说明命题的似然度Pl(ai)至少等于支持度Bel(ai)。这个关系表明了在给定的证据中，能够支持命题a_i的概率分配值的总和（即似然度Pl(ai)）至少等于直接支持该命题的概率分配值的总和（即支持度Bel(ai)）。这说明了在证据中，存在一定的不确定性，即除了直接支持命题的部分外，还有部分概率分配值是由于不知道而引起的不确定部分。
100,standard,formula_reasoning,0,1,0,0,Suspected,待评测回答与参考标准答案和参考上下文完全无关，未涉及任何关于残差似然函数或公式 (8.24) 的内容。待评测回答仅包含一个远程调用错误信息，与学术问题无关。,4,2,2,"['R', 'S']","['Error', 'Call', 'Connection', 'Remote', 'H']","m? ④ m?({Mary})= m?(B)·m(C) KBnC={Maryl m,({Mary})·mz({Mary}) × 0.00 × 0.99 = 0.00 O.OOO1 说明对于这个简单的实例而言,可以通过Peter、Paul、Mary的组合mas函数求出信 任函数和似然函数: 信任函数值","Remote Call Error: HTTPConnectionPool(host='ps2.tail07443e.ts.net', port=2640): Read timed out. (read timeout=60)"
1,mtfc_v1,text_only,85,1,1,1,No,没有提供足够的细节来支持论点,0,0,0,[],[],"1.1 多传感器数据融合基本描述 数据融合是一个多级、多层面的数据处理过程,主要完成对来自多个信息源的数据进行 自动检测、关联、相关及估计的融合处理“。数据融合是一个多学科交叉的研究领域,有 些学科相对成熟,有理论基础支持其具体应用,如贝叶斯推理、多传感器数据采集、多目标 跟踪方法等;也有些学科还在",数据融合是一个多级、多层面的数据处理过程，主要完成对来自多个信息源的数据进行自动检测、关联、相关及估计的融合处理。其核心在于处理多传感器信息，这些信息具有更复杂的形式，并且可以在不同的信息层次上出现。每个层次都可以对检测数据进行不同程度的融合。数据融合通常在传感器层、特征层和决策层这三个信息抽象层次上进行，对应着传感器级、特征级和决策级的融合方式。这种处理过程与经典信号处理方法存在本质上的区别，主要体现在其处理的数据形式更为复杂，并且融合操作可以在不同的信息层次上展开。
2,mtfc_v1,text_only,60,1,0,1,No,未提及数据融合的层次对应关系,0,0,0,[],[],"多传感器数据融合中的数据处理方法、与经典信号处理方法相比较存在本质上的区别 数据融合所处理的多传感器信息具有更复杂的形式,并且可以在不同的信息层次上出现,每 个层次都可以对检测数据进行不同程度的融合。例如,在数据层(像素级)、特征层和决策 层“都可以进行数据的融合处理。目前所提到的数据融合也主要包括",传感器级、特征级和决策级。
3,mtfc_v1,text_only,90,1,1,1,No,无,0,0,0,[],[],"际合,称补丁单一传感器获取的图像数据在儿何、光谱、时间和空同分辨率等万画所仔在时 局限性和差异性缺陷,满足现实应用中不同观测和研究对象的要求。 图像融合技术的主要研究内容是如何加工、处理以及协同利用多源图像数据信息,便得 不同形式的信息相互补充,从而最终获得对同一事物或目标的更客观、更本质的认识。与",多源图像数据所提供的信息与单源相比具有冗余性、互补性及合作性三种关键性质。
4,mtfc_v1,cross_segment_reasoning,90,1,1,1,No,表达方式存在细微差异,0,0,0,[],[],"图像融合技术的主要研究内容是如何加工、处理以及协同利用多源图像数据信息,便得 不同形式的信息相互补充,从而最终获得对同一事物或目标的更客观、更本质的认识。与单 源图像数据相比,多源图像数据所提供的信息具有冗余性、互补性及合作性。多源图像数据 的几余性表示它们对外境或日标的表不、描还或解析结果相同。几",多源图像融合中，合理利用冗余信息能够提高识别率，主要原因在于冗余信息能够降低误差和减少整体决策的不确定性。多源图像数据的冗余性指的是不同传感器对同一目标提供的信息在某种程度上是重复的，这些信息可以通过适当的变换映射到一个共同的数据空间。这种冗余性意味着即使某个传感器的数据因为环境干扰或传感器故障而出现误差，其他传感器的数据仍能提供类似的信息，从而在一定程度上弥补这些误差。  此外，冗余信息还可以帮助系统在面对不确定性和噪声时保持更高的鲁棒性。通过整合多个传感器的数据，系统可以更全面地理解目标的特征，避免因单一传感器数据的局限性而造成的识别错误。同时，冗余信息的合理利用有助于提高系统的决策质量，因为它可以提供更多的数据支持，使得识别过程更加可靠和精确。  综上所述，合理利用多源图像数据中的冗余信息，可以通过减少误差和不确定性来提高识别率，同时增强系统的鲁棒性和决策的准确性。
5,mtfc_v1,unanswerable,0,1,0,0,No,未找到相关信息,0,0,0,[],[],"各发达国家也致力于为信息融合设计混合的传感器和处理器,同时进行各种信息融合系 统的研制。由于具有宽阔的时空覆盖区城、较高的测量维数、良好的目标空同分辨率,以及 较强的故障容错与系统重构能力,信息融合系统的概念一经提出、就引起西方各国国防部门 的高度重视,开将其列为车事高科技研究和发展领域中的一个重要",不知道  信息融合领域核心专利占据者是美国和中国两国共同拥有，并且没有相关数据支持中国完全取代美国成为信息融合领域核心专利占据者。
6,mtfc_v1,text_only,75,0,0,1,No,缺乏对融合结构分类及特点的完整描述,0,0,0,[],[],"2.1多传感器的数据融合架构 多传感器信息融合孩结构划分,可以分为集中式、分布式以及混管式三大类。在空中日 标跟踪领域,集中式和分布式融合通常也分别被称为量测融合和航迹融合。集中式融合对融 合中心的处理能力及通信带宽要求较高,一旦融合中心失效则整个系统就会瘫痰。分布式融 合系统对通信带宽和融合中心计",多传感器集中式融合结构是一种多传感器数据融合架构，其特点在于所有传感器的原始数据或经过初步处理的数据被传输到一个中央节点，即融合中心，由该中心进行综合处理和决策。这种结构要求融合中心具备较高的计算能力和通信带宽，以处理来自多个传感器的数据流。然而，集中式融合的缺点在于，如果融合中心发生故障，整个系统将无法正常运作，导致系统瘫痪。因此，集中式融合结构在系统可靠性和容错性方面存在一定的局限性。
7,mtfc_v1,cross_segment_reasoning,90,1,1,1,No,部分优点描述顺序与标准答案不一致,0,0,0,[],[],"2.1.1 集中式融合结构 集中式融合是将所有的传感器获得的测量信息,直接输送到中央处理单元进行统一处 理。例如,在便用雷达和红外等多类检测设备(传感器)对运动日标进行跟际的过程种 其跟际算法多数用的是卡尔曼滤波,集中式融合就是将所有雷达、红外等传感器所获得的效 据,不经过处理,直接传送给计算中心进",相对于集中式融合，分布式融合结构的优点包括：通信开销小、融合中心计算机所需的存储容量小、扩展了多传感器测量系统参数估计的灵活性、增强了系统的生存能力且融合速度快。  分布式融合结构的主要缺点是：损失融合中心信息的完整性。
8,mtfc_v1,text_only,85,1,1,1,No,无,0,0,0,[],[],"2.1.3 混合式融合结构 在混合式融合中,既包含集中式融合,也包含分布式融合,它可以由两种融合方式组合 而成。混合式融合估计的流程示意图如图2.3所示 传感器1 跟踪滤波算法 传感器n 遥加母 跟踪滤波算法 融 传感器n+1 血什甘 跟踪 滤波 m 算法 传感器n十m 心 图2.3混合式融合估计流",混合式融合结构由集中式融合和分布式融合两种融合方式组成。
9,mtfc_v1,cross_segment_reasoning,70,1,1,1,No,未提及卡尔曼滤波器的起源和应用背景,0,5,0,[],"['A', 'K', '$ K(k) $', '$ e(k/k-1) = x(k) - \\hat{x}(k/k-1) $', 'T']","X(t)=AX(t)+W(t) (2.1) (蒙(t)=HX(t)+V(t) 其中,A表示状态转移矩阵;日表示状态观测矩阵;W(4)表示状态噪声;V(1)表示噪声 根据卡尔曼滤波公式,则可以获得被跟踪目标的航迹状态估计值x。针对卡尔曼滤波这样有 确定性数学模型的跟踪滤波算法,计算中心对于来自多传感器",卡尔曼滤波器通过递归地利用系统的动态模型和观测模型，结合先验知识与实际观测数据，对系统的状态进行估计。具体来说，卡尔曼滤波器通过以下步骤获得系统的状态估计值：  1. **预测（Prediction）**：基于系统的动态模型，利用前一时刻的状态估计值 $ \hat{x}(k-1/k-1) $ 和状态转移矩阵 $ A $，预测当前时刻的状态 $ \hat{x}(k/k-1) $，并计算先验误差估计的协方差矩阵 $ P(k/k-1) $。预测步骤的公式为：    $$    \hat{x}(k/k-1) = A \hat{x}(k-1/k-1)    $$    $$    P(k/k-1) = E\{e(k/k-1)e^T(k/k-1)\}    $$    其中 $ e(k/k-1) = x(k) - \hat{x}(k/k-1) $ 是先验误差向量。  2. **更新（Update）**：利用当前时刻的观测数据 $ z(k) $ 和观测矩阵 $ H $，结合先验估计和观测数据的协方差，计算后验状态估计值 $ \hat{x}(k/k) $ 和后验误差协方差矩阵 $ P(k/k) $。更新步骤的公式为：    $$    \hat{x}(k/k) = \hat{x}(k/k-1) + K(k)(z(k) - H \hat{x}(k/k-1))    $$    $$    P(k/k) = (I - K(k)H) P(k/k-1)    $$    其中 $ K(k) $ 是卡尔曼增益，其计算公式为：    $$    K(k) = P(k/k-1) H^T [H P(k/k-1) H^T + R]^{-1}    $$    其中 $ R $ 是观测噪声的协方差矩阵。  通过预测和更新的交替迭代，卡尔曼滤波器能够根据系统的动态模型和观测数据，递归地计算出系统的最优状态估计值。该估计值在最小化均方误差的意义下，为系统的状态提供了一个最佳的估计。
10,mtfc_v1,cross_segment_reasoning,90,1,1,1,No,没有明显错误,0,0,0,[],[],"如果雷达和红外传感器分别获得了空中目标的测量值,首先利用卡尔曼滤波求取雷达数据 的滤波误差协方差矩阵p(k/k)和状态滤波值X*(k/k),然后用p*(k/k)来替换红外传感器的 预测协方差矩阵p”(k/k-1),用x“(h/6)来替换红外传感器的状态预测值矩阵x“(k/k-1),最 终获得全局的状",在序贯式卡尔曼滤波中对雷达和红外传感器进行数据融合时，需要在红外数据中补充雷达的径向距离是为了保证两种传感器测量数据在维度和形式上的统一性，从而实现有效的数据融合。  ### 1. **测量数据维度的一致性** 红外传感器提供的测量数据仅包含两个维度：高低角和方位角。而雷达传感器的测量数据则包含三个维度：径向距离、高低角和方位角。为了将两种传感器的测量数据纳入同一融合框架进行处理，需要将雷达的径向距离作为补充信息添加到红外传感器的测量数据中。这样，红外传感器的测量数据也具备了三个维度，与雷达的测量数据维度一致，为后续的卡尔曼滤波计算提供了统一的数据基础。  ### 2. **保证数据的可比性和融合的合理性** 在多传感器数据融合过程中，不同传感器的测量数据需要具备相同的物理意义和数学形式，才能进行合理的融合计算。通过将雷达的径向距离作为补充信息加入到红外传感器的测量数据中，可以确保两种传感器的测量数据在形式上保持一致，从而避免因数据维度不匹配而导致的误差累积或融合结果失真。  ### 3. **假设雷达和红外数据的独立性** 在融合算法中，假设雷达获得的径向距离与红外测得的高低角和方位角之间是相互独立的。这种假设使得可以通过简单的维度扩展将雷达数据与红外数据统一起来，并且不会对融合结果产生显著的误差影响。同时，这种独立性假设也保证了融合算法的可实现性和计算效率。  ### 4. **提高融合的精度和鲁棒性** 通过将雷达的径向距离补充到红外传感器的测量数据中，可以充分利用雷达在距离方面的高精度优势，同时保留红外传感器在角度测量方面的优势。这种融合方式能够有效提高目标状态估计的精度和鲁棒性，尤其是在复杂环境下，不同传感器的测量数据可能存在一定的不确定性，通过融合可以更好地抑制误差，提高系统整体性能。  综上所述，将雷达的径向距离作为补充信息加入到红外传感器的测量数据中，是为了保证两种传感器的测量数据在维度和形式上的一致性，从而实现更准确、更有效的数据融合，提高目标状态估计的精度和可靠性。
11,mtfc_v1,unanswerable,80,1,0,0,No,内容与参考上下文无关,0,0,0,[],[],"(1)对雷达传来的数据进行卡尔曼滤波计算:  ... (文档跳转) ...  (X(k+1)=p(k+1,k)X(k)+U(k)a+W(k), (6.13) (Z(k)=H(k)X(k)+V(k) 设N是雷达采样周期△r与红外测量器的采样周△T之比,即N=Ar/A7。设雷达跟际滤 波器对目标状态的最",卡尔曼滤波器本身是一个数学算法，其设计和性能主要取决于模型的准确性、噪声的统计特性以及计算过程中的数值稳定性，而不是直接依赖于外部环境温度。因此，从算法本身的角度来看，卡尔曼滤波器在零下50度的恶劣极地环境下理论上是可以正常工作的，不会因为环境温度而失真。  然而，实际应用中，雷达信号的采集和处理设备可能会受到极端环境温度的影响。例如： 1. **硬件性能**：雷达系统和数据处理设备的电子元件可能在极低温下出现性能变化，如材料收缩、电路参数漂移等，这可能会影响雷达信号的采集质量。 2. **噪声特性**：在极寒环境中，传感器的噪声特性（如热噪声）可能会发生变化，这可能与卡尔曼滤波器假设的高斯白噪声模型不一致，从而影响滤波效果。 3. **系统稳定性**：某些滤波算法（如扩展卡尔曼滤波）对数值计算的稳定性要求较高，如果硬件或软件实现中存在精度不足的问题，可能在极端温度下导致计算误差累积，影响滤波效果。  因此，尽管卡尔曼滤波器算法本身不会因为温度变化而失真，但其在实际应用中的性能可能会受到外部环境对雷达信号采集和处理系统的影响。为了确保在极地环境下的正常工作，需要对硬件设备进行适当的温度补偿设计，并对噪声特性进行重新建模。
12,mtfc_v1,text_only,80,1,1,1,No,未提及贝叶斯推理方法在数据融合中的具体应用或与其他方法的对比，但未影响核心信息的准确性。,0,0,0,[],[],"第3章贝叶斯推理方法 贝叶斯推理方法是一种统计方法,在数据融合中属于统计融合算法,其理论基础是贝叶 斯法则。在给定证据的条件下,贝叶斯推理能提供一种计算条件概率(即后验概率)的方 法。贝叶斯网络是一种源自图形化的建模工具,它将有向无环图与概率理论相结合,用于不 确定性推理。本章首先介绍贝叶斯法则与贝",贝叶斯推理方法在数据融合技术中属于统计融合算法，其理论基础是贝叶斯法则。
13,mtfc_v1,cross_segment_reasoning,65,0,0,1,No,未能准确反映融合的核心原理,5,5,5,[],[],"在分布式融合系统中,融合节点有预处理的功能,信息在经过预处理后再传送给融合中 心产生融合结果。由于对信息进行了压缩与处理,这种融合方式降低了对通信带宽的要求和 造价,利用高速通信网络就可以完成非常复杂的算法,开得到更好的融合结果。分布式融合 估计的流程示意图如图2.2所示。  ... (文档跳转) ",在给定的矿物探测实例中，结合地下探测雷达(GPR)和金属探测器(MD)融合的核心原理是**互补信息融合**，其核心在于利用两种传感器对同一目标物体的物理特性响应的互补性，通过信息的融合来提升对矿物的检测效果和准确性。  具体来说，金属探测器(MD)和地下探测雷达(GPR)分别响应不同的物理现象：   - 金属探测器(MD)能够检测出含有金属的物体，但仅能判断物体中是否含有金属，无法提供关于物体其他属性（如尺寸、形状等）的详细信息。   - 地下探测雷达(GPR)能够利用电磁波的差异从土壤和其他介质中发现物体，并且能够对物体的多个属性进行响应，例如尺寸、形状、物体类型及内部结构等。    因此，这两种传感器的响应特性在物理现象上是互补的：   - 金属探测器(MD)提供关于金属存在的初步信息，能够快速判断目标是否含有金属。   - 地下探测雷达(GPR)提供关于物体的更详细属性信息，例如尺寸、形状和内部结构等。    通过将这两种传感器的数据进行融合，可以实现以下目标：   1. **提高检测的准确性**：利用GPR提供的详细物体属性信息，可以对金属探测器检测到的金属物体进一步进行分类和识别，提高检测的准确性。   2. **增强检测的全面性**：通过融合信息，可以识别金属探测器无法检测到的非金属矿物，并对金属矿物进行更精细的分类和定位。   3. **提升检测效率**：通过融合处理，可以减少对单个传感器的依赖，提高整体系统的检测效率和鲁棒性。  综上所述，融合的核心原理是通过互补信息的融合，将两种传感器在物理特性和信息表达上的差异性结合，从而实现对目标物体的更全面、准确和高效的检测。
14,mtfc_v1,cross_segment_reasoning,80,1,1,1,No,未提及贝叶斯网络中根节点和叶节点的定义与图结构的关系,0,0,0,[],[],"定义3.3(贝叶斯网络)假设贝叶斯网络中的节点集为V=1V,V,⋯,V},则贝叶斯 网络N可以表示为二元组N=(G,)。其中,G=(V,E)表示节点关系的有同无环图,称之 为贝叶斯网络结构;0=10,6,⋯,9,表不每个节点V在它的父节点集pa(X)的条件卜的 条件概率,称之为贝叶斯网络参数。 根据",根节点是指没有父节点的节点，叶节点是指没有子节点的节点。
15,mtfc_v1,text_only,90,1,1,1,No,未完全提及连接方式的分类顺序,0,1,0,[],['X'],"如图3.3所示,考虑三类特殊的节点连接情况:第一类是顺序连接(X→X→X),其中 X为头对尾节点;第二类是发散连接(X一X→X),其中X为尾对尾节点;第三类是收敛 连接(X→X一X),其中X为头对头节点。  ... (文档跳转) ...  定义3.4(有向分离)对于贝叶斯网络N=(G,O),X,和X",根据背景信息，贝叶斯网络中的有向分离的三种特殊节点连接情况分别称为： 1. 顺序连接（X→X→X），其中X为头对尾节点； 2. 发散连接（X一X→X），其中X为尾对尾节点； 3. 收敛连接（X→X一X），其中X为头对头节点。  因此，答案是：顺序连接、发散连接和收敛连接。
16,mtfc_v1,cross_segment_reasoning,85,1,1,1,No,没有提到混合型结构学习方法和专家知识的结合，但未影响核心问题描述的正确性,2,2,2,[],[],"在贝叶斯网络应用中,每个节点的状态信息会保存在历史数据中,而通过这些历史数据 (训练数据)学习DAG结构则被称为结构学习。相比于专家知识的方法,基于数据学习的 方法更省资源且更高效,学习得到的结构也更贴近于实际应用,这也使得基于数据学习的方 法更适用于构建贝叶斯网络。由于贝叶斯网络结构空间的大小会随",基于数据学习贝叶斯网络结构时可能遇到的问题包括： 1. 结构空间的大小会随着节点的数目以及节点的状态数呈指数级别增长，使得结构学习成为一个NP问题，计算和搜索的复杂度较高。 2. 当训练数据量不足或存在很多噪声时，所学习的贝叶斯网络结构可能与实际相差巨大。 3. 基于约束的贝叶斯网络结构学习方法虽然求解效率高，能够适用于规模较大的网络结构学习，但会有精度较低的现象出现，一旦数据不足或存在噪声时，结果将会与实际偏差较大。
17,mtfc_v1,cross_segment_reasoning,80,1,1,1,No,未提及的弱点,0,0,0,[],[],"【章节: 3.2】 【⚠️ MTFC 块 (AnchorScore=1.8)】 关的一些变量,从而降低学习的复杂度;另一方面当训练数据量不足或存在很多噪声时,所 学习的贝叶斯网络结构可能与实际相差巨大,通过专家对所学习的结构进行修正,能够确保 所构建的贝叶斯网络结构是符合实际应用的。 结构学习的目的",基于约束的贝叶斯网络结构学习方法容易被忽略的弱点是：**精度较低**。当数据不足或存在噪声时，基于约束的方法可能无法准确捕捉节点间的独立性或相关性关系，导致学习得到的网络结构与实际结构存在较大偏差。此外，该方法在处理复杂依赖关系时可能不够精确，从而影响最终的网络结构质量。
18,mtfc_v1,unanswerable,70,1,0,0,No,未作答,0,0,0,[],[],"定义3.2(马尔可夫条件)假设有向无环图G=(V,E),且V的联合概率分布为P(V) 对仕意的X∈V,在X的父节点集pa(X)已知的情况下,如果X强立于其非后代节点集 nd(X),即I(X,nd(X)|pa(X)),则称G=(V,E)符合马尔可夫条件。 贝叶斯网络同样满是马尔可天条件,它也是对联合概",不知道
19,mtfc_v1,cross_segment_reasoning,85,0,0,1,No,未提及Dempster合成规则的公式表达及归一化常数K的计算，但正确指出了证据独立性和高度冲突证据的问题，且未出现关键性错误。,2,3,2,[],['Dempster'],"D-S算法的核心是一套Dempster合成规则(也称让据合成公式),这是Depster在研 究统计同题时盲先提出的,随后Shacr把它推)到更为一般的情形。该算法的优点在于证雅 理论中需要的先验数据比概率推理理论中的更为直观、更容易获得,再加上Dempser合成 公式可以综合不同专家或数据源的知识或",D-S证据理论中，Dempster合成规则在证据不独立的情况下不适用或受到局限。具体来说，该规则要求证据之间必须是独立的，而这一条件在实际应用中有时难以满足。当证据之间存在依赖关系时，直接使用Dempster合成规则可能会导致不合理的结论，因为规则的设计假设了证据的独立性。这种局限性在处理具有相关性证据的场景时需要特别注意，通常需要采取其他方法或对证据进行适当的预处理以确保其独立性。
20,mtfc_v1,cross_segment_reasoning,80,0,0,1,No,未正确区分支持度和似然度的定义,0,0,3,"['Bel', 'Pl']","['D', 'S']","予了该命题的反命题,因此a,的支持度为0,它的似然度1-Ba(a)也等于0(由于 Be(a)=1)。如果知道命题a,肯定为真,可以用[1,1]表示它的支持度和似然度,此时 不确定区间也为0,这是因为所有的概率分配值都赋予了命题α,因此α,的支持度为1 它的似然度1-Be(a)由于Ba(a)=0,所以",在D-S证据理论中，基本概率赋值（BPA）直接影响不确定区间的大小和范围。基本概率赋值是用于描述证据对命题或命题集合的支持程度的函数，它将质量分配给基本命题，而不是直接给出命题的概率。BPA的分配决定了命题的支持度和似然度，进而影响不确定区间。  具体而言： 1. **支持度**：支持度是所有直接支持命题的基本概率赋值的总和。它表示证据对命题的直接支持程度。 2. **似然度**：似然度是所有不直接支持命题（而是支持命题的反命题）的基本概率赋值的总和。它表示证据对命题的反命题的支持程度。 3. **不确定区间**：不确定区间是支持度和似然度之间的差值。它表示不确定的概率分配值范围，这些值既可以支持命题，也可以支持其反命题。不确定区间的范围越宽，表示对命题的不确定性越大。  BPA的分配直接影响支持度和似然度，从而确定不确定区间的范围。如果BPA全部分配给命题，则支持度为1，似然度为0，不确定区间为0；如果BPA部分分配给命题和其反命题，则支持度和似然度均大于0，不确定区间为支持度和似然度的差值。因此，基本概率赋值的合理分配是确定不确定区间范围的关键。
21,mtfc_v1,cross_segment_reasoning,85,0,0,1,Suspected,未提及具体公式但整体内容准确,2,0,0,"['D', 'S']",[],"4.3 证据理论与贝叶斯判决理论的比较 在证据(Dempster-shafer)理论中,可以把表示不确定概念的概率直接分配给不知道事 件,也就是能分配给识别框架θ里的任何命题,从这一点来说,证据理论比贝叶斯理论更 具一般性。而且在证据理论中,可以把传感器的分类错误,用直接分配给由不知道所引起的 不确",证据理论与贝叶斯理论在处理不确定性时最核心的差异在于：   1. **对不确定性的表达方式**：      证据理论能够将不确定性直接分配给识别框架中的任何命题（包括整个识别框架本身），从而表示“不知道”所引起的不确定性。而贝叶斯理论仅能将概率分配给识别框架中的原始子命题，无法直接表达对“不知道”状态的不确定性。    2. **对“缺乏信任”与“不信任”的区分**：      证据理论能够区分“缺乏信任”和“不信任”这两个概念。当对某一命题的反命题增加信任时，证据理论允许对原命题减少信任。而贝叶斯理论则无法实现这一区分。    3. **概率分配的灵活性**：      证据理论允许将概率分配给识别框架中命题的并集，从而更灵活地处理传感器分类错误等复杂不确定性问题。而贝叶斯理论则局限于原始子命题的概率分配。
22,mtfc_v1,cross_segment_reasoning,65,0,0,1,No,缺少公式匹配但内容忠实,0,5,0,['Dempster'],"['X', 'M', 'S', 'Y', 'D']","4.4 证据理论在图像融合中的应用举例 假定我们可以获取学生在听课时的图像信息,如何判断学生听课的专注度,这是一个很 富挑战性的课题。假定针对一个学生进行判别时,将人体识别框架设定为2=1左顾右盼,理 头,端坐,不确定1,分别用h、h、h,和V来表示,将人体的x轴质心变化、y轴质心变化、 面积变化和","在DS证据理论中，以学生端坐或左顾右盼为例，摄像头的多个特征（如x轴质心变化、y轴质心变化、面积变化和角度变化）被用作四个独立的证据体M={X,Y,S,θ}。对于每个特征，通过设定相应的阈值和计算规则，将学生的动作特征与这些阈值进行比较，从而得到每个证据体的数值。  具体来说，这些数值与预设的阈值进行比较，以判断学生的行为状态。例如，当面积变化S大于或小于某个阈值时，会将左顾右盼的次数加0.5，而端坐的次数则会增加相应的数值。类似地，对于角度变化θ，当其大于或小于某个阈值时，会将左顾右盼或埋头的次数进行相应的调整。  通过将这些特征数值与阈值进行比较，可以得到每个证据体的基本概率赋值m(h)和m(v)。随后，将这些基本概率赋值进行融合，以得到最终的决策结果。在实际的实验中，首先对视频进行处理，提取四个证据体的关键信息，并将这些信息在空间域和时间域分别进行融合，最终得到学生的状态判断。  这种结合摄像头多个特征的方法，通过DS证据理论的融合机制，能够更准确地判断学生的状态，从而提高判断的准确性和可靠性。"
23,mtfc_v1,unanswerable,70,1,0,1,No,待评测回答没有准确理解问题，没有提及证据理论和贝叶斯理论的比较，以及没有提及参考上下文中提到的实验。,0,0,0,[],"['A', 'B', 'P']","4.3 证据理论与贝叶斯判决理论的比较 在证据(Dempster-shafer)理论中,可以把表示不确定概念的概率直接分配给不知道事 件,也就是能分配给识别框架θ里的任何命题,从这一点来说,证据理论比贝叶斯理论更 具一般性。而且在证据理论中,可以把传感器的分类错误,用直接分配给由不知道所引起的 不确",根据提供的背景信息，没有提到任何关于学生在吃零食时BPA分配极度失衡的实验数据或相关研究。因此，无法提供明确的证据理论实验数据来支持这一说法。  回答：不知道。
24,mtfc_v1,text_only,60,0,0,0,No,概念混淆和描述不准确,0,0,0,[],[],"(1)模糊化接口;模糊控制器的输入向量必须是一个经过模糊化的向量,因此需要将 系统原先的精确数字向量转换为一个模糊向量,该模糊向量可以用语言值(或者基于模糖 集合的标识符)来表示,而且可以万便地被模糊规则所辨识、计算。  ... (文档跳转) ...  (3)模糊推理机;是模糊控制器的核心,以模糊概",模糊计算原理中的核心元件是模糊推理机。它主要解决非线性、时变、时滞等难以用传统数学模型描述的系统问题。
25,mtfc_v1,cross_segment_reasoning,65,0,0,1,No,缺乏数学公式支持,3,3,3,[],[],"将上还模糊控制算法用于球秆系统实际控制,反复调整系统的参数使得系统达到稳定。  ... (文档跳转) ...  5.3.4 球秆系统楔砌控制器改进与伤具 常规模糊控制器本身的特点,决定了它不能消除系统静差。以简单一维模糊控制器为例 分析其原因;设输人变量e在论域E上的模糊子集为B(i=1,2,⋯,m",在球杆系统模糊控制器中，对传统PID进行模糊推论化改进的必要性主要体现在以下几个方面：    首先，传统PID控制器是基于精确数学模型的线性控制方法，其控制规则和参数调节依赖于被控对象的精确模型和线性特性。然而，球杆系统作为实际物理系统，具有非线性、时变性和不确定性等特点。这些特性使得传统PID控制器难以准确描述和控制系统的动态行为。    其次，模糊控制算法能够更好地处理系统中的非线性、时变性和不确定性问题。模糊控制器通过引入模糊逻辑和规则库，能够对复杂的系统行为进行模糊描述和推理。这种基于经验的控制方法能够适应系统参数的变化，并在系统存在扰动时保持较好的控制性能。    第三，传统PID控制器通常无法消除系统的静态误差。在实际应用中，球杆系统的控制精度对误差非常敏感，而模糊控制器通过合理的模糊规则设计和参数调整，能够在一定程度上减小静态误差，提高控制精度。    最后，模糊积分控制器的引入能够进一步优化控制性能。模糊积分控制器结合了模糊控制和积分控制的优点，能够更有效地处理系统的动态响应和稳态误差。这种改进方法能够更好地满足球杆系统在实际应用中的控制需求。    综上所述，对传统PID进行模糊推论化改进的目的是为了更好地适应球杆系统中存在的非线性、时变性和不确定性问题，提高系统的控制精度和鲁棒性。
26,mtfc_v1,cross_segment_reasoning,0,0,0,0,Suspected,待评测回答未作答,2,0,0,"['B', 'P']",[],"解决这一同题可以采用多传感器数据融合方法。盲先,基于模糊逆辑,对各场地的传感 器所米集到的温湿度数据进行模糊化处理,将其转换成能够代表当前温湿度状态的模糊概 念;然后,再对处理后的各场地的多个数据进行综合评判,从而确定当前环境下的温湿度 状态。  ... (文档跳转) ...  BP神经网络算法的流",不知道
27,mtfc_v1,text_only,75,0,0,1,No,未提及Hopfield神经网络的数学公式或具体计算方法，但内容基本忠实于参考上下文和标准答案。,3,4,3,[],['Hopfield'],"状态,那么Hopield神经网络就能够用于解决优化组合问题。Hopield神经网络模型是由一 系列互联的神经单元组成的反馈型网络,如图6.5所示[3 图6.5 Hopfield神经网络模型 对于Hopfield神经网络第i个神经元,采用微分方程建立其输人输出关系, dui L 十 Cid wgbj ",Hopfield神经网络相较于前馈网络，主要被应用于解决组合优化问题和路径优化问题的融合难题。具体而言，它通过构建反馈型网络结构，能够处理具有复杂相互关系的优化问题，例如旅行商问题（TSP）等。Hopfield神经网络通过能量函数的最小化过程，将优化问题转化为网络状态的稳定求解，从而在数据融合、路径规划等领域展现出独特的优势。
28,mtfc_v1,cross_segment_reasoning,85,0,1,1,No,部分术语表述不够准确,0,0,0,[],[],"(5)根据交义概率P。及变异概率P⋯,执行交叉和变异操作,在上一代群体的基础上产 生新一代的码串群体。这样反复执行第(1)步到第(5)步,使码单群体一代一代不断进 化,最后搜索到最适合问题环境的个体,求得问题的最优解。  ... (文档跳转) ...  在编码过程中,为了设计合适的染色体和相应的遗传",遗传算法中的交叉和变异操作在全局寻优中发挥着不同的宏观作用： 1. 交叉操作通过将两个父代个体的编码片段进行交换，能够有效地实现对优秀特征的组合和保留，从而加快算法的收敛速度并提高搜索效率。同时，交叉操作也能够避免算法陷入局部最优解，保持种群的多样性。 2. 变异操作则通过随机改变个体的某些基因值，为算法提供一定的探索能力，使得算法能够跳出局部最优解的陷阱，从而更有可能找到全局最优解。但是，变异操作的变异概率如果设置不当，会导致种群多样性降低或算法收敛速度变慢。  综上所述，交叉操作和变异操作在全局寻优中分别起到了保持种群多样性、加快收敛速度和避免陷入局部最优解的作用。
29,mtfc_v1,unanswerable,0,1,0,0,No,待评测回答未提供任何信息，而标准答案已明确说明参考资料中未提供相关信息无法解答。这表明待评测回答没有准确反映标准答案的内容，且未遵循标准答案的表述方式。,0,0,0,[],[],"(2)对参数进行编码。遗传算法是对待优化参数转化成的梁色体进行遗传操作的,所以 盲先要将参数编码为遗传空间中的基因甲。基本的编码方式有实数编码和二进制编码,实数 编码虽然不用解码,但是不便于进行遗传操作,二进制编码虽然需要解码,但是遗传操作 方便。  ... (文档跳转) ...  代表同一个目标,",不知道
30,mtfc_v1,unanswerable,0,1,0,0,No,待评测回答未提供任何有用信息，直接回答'不知道'，未能体现出对问题的理解和分析能力，与标准答案相比，标准答案至少表明了无法回答的原因。,0,0,0,[],[],"当经过若干次迭代后,a(x)值保持为1时则表明算法停滞或找到了最优值 定义8.2若第t代种群中的第i个粒子用x(4)1(i∈11,2,⋯,N1)表示,该粒子当前 最优适应度用元表示,当前时刻的个体极值用元⋯(4)表不,当丽所有粒于的平均值用 fve(t)表示,用β(x)表示粒子聚合的程度,则有 f,",不知道
31,mtfc_v1,formula_dependent,70,0,0,1,Suspected,公式不完整，缺少噪声项,2,2,1,"['X_{k', 'W', 'W_{k', 'X_k']","['$X(k/k-1)$', '$$', 'A', '$X(k-1/k-1)$', '$A$']","X(t)=AX(t)+W(t) (2.1) (蒙(t)=HX(t)+V(t) 其中,A表示状态转移矩阵;日表示状态观测矩阵;W(4)表示状态噪声;V(1)表示噪声 根据卡尔曼滤波公式,则可以获得被跟踪目标的航迹状态估计值x。针对卡尔曼滤波这样有 确定性数学模型的跟踪滤波算法,计算中心对于来自多传感器",卡尔曼滤波器的状态更新方程（又称为状态预测方程）完整的数学表达式为：  $$ X(k/k-1) = A X(k-1/k-1) $$  其中： - $X(k/k-1)$ 表示第 $k$ 时刻的状态预测值； - $A$ 是状态转移矩阵； - $X(k-1/k-1)$ 表示前一时刻的估计状态值。  此方程是卡尔曼滤波递推过程中的预测步骤，用于根据系统模型预测当前时刻的状态值，为后续的滤波步骤提供基础。
32,mtfc_v1,formula_dependent,100,0,1,1,Suspected,,2,1,1,"['V', 'V_k']",[],"系统噪声的协方差矩阵为 Q(k)=E{W(k)W1(k)} (2.3) 观测噪声的协方差矩阵为 R(k)=E{V(k)V(k)} (2.4) 卡尔曼滤波器就是在已知观测序列1Y(0),Y(1),⋯,Y(k)}的前提条件下,要求解 X(k)的估计值,使得后验误差估计的协方差矩阵P(h/k)最小。其中 ",在卡尔曼滤波的五大核心方程里，增益矩阵表达式中用来代表量测误差协方差矩阵的数学符号是R。
33,mtfc_v1,formula_dependent,60,0,0,0,No,"待评测回答中对K的定义和物理意义存在明显错误。首先，公式中的求和范围错误，正确的应该是对所有满足B∩C≠∅的集合对(B,C)进行求和，而不是B∩C=∅。其次，K的物理意义描述错误，K是衡量两个mass函数之间冲突程度的系数，K越小表示冲突程度越高，而不是K越大冲突程度越高。最后，待评测回答中提到的归一化常数会变大从而对冲突的证据进行调整这一描述也是错误的。",1,4,1,[],"['B', 'Dempster', 'C']","D-S算法的核心是一套Dempster合成规则(也称让据合成公式),这是Depster在研 究统计同题时盲先提出的,随后Shacr把它推)到更为一般的情形。该算法的优点在于证雅 理论中需要的先验数据比概率推理理论中的更为直观、更容易获得,再加上Dempser合成 公式可以综合不同专家或数据源的知识或","根据Dempster合成规则的公式，分母中的归一化常数K的定义为：  K = ∑_{B∩C=∅} m₁(B)·m₂(C)  其中，求和是对所有满足B∩C=∅的集合对(B,C)进行的。这里的K代表的是所有不相交集合对的mass函数值的乘积之和。物理意义上，K描述了两个mass函数之间的冲突程度。当两个mass函数对同一子集的赋值存在冲突时，K的值会变小，此时归一化常数会变大，从而对冲突的证据进行调整。因此，K的值越小，表示两个mass函数之间的冲突程度越高。  在Dempster合成规则中，归一化常数K的物理意义和冲突描述是：K是所有不相交集合对的mass函数值的乘积之和，它反映了两个mass函数之间的冲突程度。"
34,mtfc_v1,formula_dependent,40,0,1,0,No,待评测回答中虽然正确地给出了基本概率分配函数的数学表达式，但没有提到m(空集)=0这一关键条件。此外，待评测回答没有提到基本概率分配函数的定义域和值域，也没有提到基本概率分配函数的性质。,1,3,1,[],"['$ 2^Θ $', '$$', '$ m(A) $', '$ A $', 'S']","开始 边缘检测 提取轮廊 读取图像 图像预处理 在空间域进行 在时域进行信 结束 得到结果 证据收集 信息融合 息融合 图4.3 学生行为分析与推理决策流程图 4.4.1 基本概率赋值的获取 在运用D-S理论的过程中,最为关键的部分是利用现有独立证据给每个相应焦元进行 基本概率两数分配。但基本概率赋","D-S理论中用于表示基本概率赋值向目标全集映射的规范化数学形式是： $$ m: 2^Θ → [0,1] $$ 其中，$ m $ 是基本概率分配函数，$ Θ $ 是目标全集，$ 2^Θ $ 是 $ Θ $ 的幂集。对于 $ Θ $ 的每一个子集 $ A $，$ m(A) $ 表示证据支持 $ A $ 的基本概率值，且满足以下条件： $$ \sum_{A ⊆ Θ} m(A) = 1 $$ 并且对于任意的 $ A $，有 $ m(A) ≥ 0 $。"
35,mtfc_v1,formula_dependent,30,1,0,0,No,未正确理解贝叶斯递推与微积分的关系，且未根据参考资料中的信息进行回答,0,0,0,[],[],"本书主要包括以下几个方面:介绍多传感器系统数据融合的基本架构与理论体系;介绍 基于概率论的智能化方法,例如基于证据理论、贝叶斯理论、模糊数学理论等方法的传感器 数据融合技术;也介绍基于遗传算法、神经网络、粒子群等仿生学类的智能化方法在数据融 合中的应用:结合当今人工智能发展的热点、介络深度学习埋论在",在利用贝叶斯法则进行多传感器序列数据连续更新（如递归滤波）时，它的递推数学形态是否包含了微积分操作？  回答：不包含微积分操作。贝叶斯法则在递推过程中的数学形态是基于概率论的，通常通过条件概率和先验概率的更新来进行。在递归滤波中，如卡尔曼滤波，虽然涉及到状态估计和误差协方差的递推计算，这些计算可能包含矩阵运算和线性代数操作，但本质上不涉及微积分操作。微积分操作通常用于连续时间系统的建模和分析，而贝叶斯法则的递推形式更适合离散时间的更新过程。因此，贝叶斯法则的递推数学形态不包含微积分操作。
36,mtfc_v1,formula_reasoning,60,1,0,0,No,公式错误,1,4,0,['C'],"['$\\binom{4}{2} = 6$', 'G', '$\\binom{3}{2} = 3$', '$$', 'A']","图3.4 贝叶斯网络结构学习 由专家知识构建DAG,类似于基于规则的方法。通过咨询相关领域的专家,利用打分、 投票以及结合实际情况的方式,确定节点之间是否存在因果联系,从而构建出最符合实际情 况的DAG。然加、基于专家知识构建DAG的万式是耗时耗力的、而且当贝叶斯网络中节点 数很多,如成百上干时,通","根据Robinson的证明，DAG的数目g(n)与节点数n之间的函数关系为： $$ g(n) = \begin{cases} 1, & n=1 \\ 2(n-1) + \binom{n}{2} \cdot g(n-1), & n > 1 \end{cases} $$  对于n=5，按照公式计算： $$ g(5) = 2(5-1) + \binom{5}{2} \cdot g(4) $$ 其中，$\binom{5}{2} = 10$，因此： $$ g(5) = 2 \times 4 + 10 \times g(4) $$  接下来计算g(4)： $$ g(4) = 2(4-1) + \binom{4}{2} \cdot g(3) $$ 其中，$\binom{4}{2} = 6$，因此： $$ g(4) = 2 \times 3 + 6 \times g(3) $$  继续计算g(3)： $$ g(3) = 2(3-1) + \binom{3}{2} \cdot g(2) $$ 其中，$\binom{3}{2} = 3$，因此： $$ g(3) = 2 \times 2 + 3 \times g(2) $$  再计算g(2)： $$ g(2) = 2(2-1) + \binom{2}{2} \cdot g(1) $$ 其中，$\binom{2}{2} = 1$，且g(1)=1，因此： $$ g(2) = 2 \times 1 + 1 \times 1 = 3 $$  将g(2)=3代入计算g(3)： $$ g(3) = 4 + 3 \times 3 = 13 $$  将g(3)=13代入计算g(4)： $$ g(4) = 6 + 6 \times 13 = 84 $$  将g(4)=84代入计算g(5)： $$ g(5) = 8 + 10 \times 84 = 848 $$  因此，当n=5时，DAG的数目g(5)=848。"
37,mtfc_v1,formula_reasoning,90,1,1,1,No,未提及样本空间划分的具体例子和先验概率的计算方法,3,3,3,['H_i'],[],"P(E)= (3.6) [P(E|H;)P(H;)] i=1 式(3.6)称为全概率公式。  ... (文档跳转) ...  P(E|H)P(H?) P(HE)= (3.8) [P(E|H;)P(H,)」 j=1 式中,P(H1E)为在给定证据E的情况下,假设事件日,发生的概率;P(E|日)为假设事","全概率公式是概率论中一个重要的基本公式，用于计算一个事件在多个互斥且完备的假设条件下发生的总概率。具体到式(3.6)，其推导过程如下：  首先，假设事件E可能发生的所有互斥且完备的假设条件为H₁, H₂, ..., Hₙ。这些假设条件满足以下两个条件： 1. 互斥性：对于任意的i ≠ j，有P(Hᵢ ∩ Hⱼ) = 0，即任意两个假设条件不可能同时发生。 2. 完备性：所有假设条件的并集覆盖了所有可能的情况，即P(∪Hᵢ) = 1。  根据条件概率的定义，事件E在假设条件Hᵢ发生的条件下的概率为P(E|Hᵢ)，而假设条件Hᵢ发生的先验概率为P(Hᵢ)。因此，事件E发生的总概率P(E)可以表示为所有假设条件Hᵢ下事件E发生的概率乘以对应假设条件发生的先验概率的和，即： P(E) = Σ[P(E|Hᵢ)P(Hᵢ)]，其中i从1到n。  这个公式即为全概率公式。其计算逻辑是将整个样本空间划分为若干互斥且完备的子事件，分别计算每个子事件条件下事件E发生的概率，并将这些概率乘以对应子事件的先验概率，最后将所有结果相加得到事件E发生的总概率。  每个部分的含义如下： 1. P(E)：表示事件E发生的总概率，即在没有任何额外信息的情况下，事件E发生的概率。 2. P(E|Hᵢ)：表示在假设条件Hᵢ发生的条件下，事件E发生的概率。 3. P(Hᵢ)：表示假设条件Hᵢ发生的先验概率，即在没有任何额外信息的情况下，假设条件Hᵢ发生的概率。 4. Σ[P(E|Hᵢ)P(Hᵢ)]：表示将所有假设条件Hᵢ下事件E发生的概率乘以对应假设条件发生的先验概率的和，即事件E发生的总概率。"
38,mtfc_v1,formula_reasoning,90,1,1,1,No,公式中的符号定义不一致,3,3,3,[],"['$ e $', '$ e = \\frac{1}{2}(Y - X)^2 $', '$$', '$ X $', 'X_1']","C 6.2.2 BP神经网络算法的数学表达 BP神经网络算法的实质是求取误差函数的最小值问题,这种算法采用非线性规划中的 最速下降方法,按误差函数的负梯度方向修改权系数 首先,定义输出层的误差函数 (6.3) ( 2 其中,Y,是输出单元的期望输出值;X?是输出单元的实际输出值 由于BP神经网络算法",首先，根据题意，已知输出层的误差函数为 $ e = \frac{1}{2}(Y - X)^2 $，输出层的权值更新公式为 $ \Delta W = -\eta \frac{\partial e}{\partial W} $，且输出层的神经元输出为 $ X = W \cdot X_1 $，其中 $ X_1 $ 是输入值，$ W $ 是权值。接下来，计算 $ \frac{\partial e}{\partial W} $。  首先，将 $ X $ 代入误差函数 $ e $ 中得到：  $$ e = \frac{1}{2}(Y - W \cdot X_1)^2 $$  接下来，求 $ \frac{\partial e}{\partial W} $：  $$ \frac{\partial e}{\partial W} = \frac{\partial}{\partial W} \left[ \frac{1}{2}(Y - W \cdot X_1)^2 \right] $$  利用链式法则，得到：  $$ \frac{\partial e}{\partial W} = \frac{1}{2} \cdot 2(Y - W \cdot X_1) \cdot (-X_1) = -X_1 (Y - W \cdot X_1) $$  将 $ \frac{\partial e}{\partial W} $ 代入权值更新公式 $ \Delta W = -\eta \frac{\partial e}{\partial W} $ 中，得到：  $$ \Delta W = -\eta \cdot (-X_1 (Y - W \cdot X_1)) = \eta \cdot X_1 (Y - W \cdot X_1) $$  因此，权值 $ W $ 的更新公式为：  $$ \Delta W = \eta \cdot X_1 (Y - W \cdot X_1) $$
39,mtfc_v1,formula_reasoning,85,1,1,1,No,未完整说明误差项的定义和推导过程,2,4,2,[],"['$$', '$\\delta_{g}$', 'W', 'delta_{g}', 'Delta']","C 6.2.2 BP神经网络算法的数学表达 BP神经网络算法的实质是求取误差函数的最小值问题,这种算法采用非线性规划中的 最速下降方法,按误差函数的负梯度方向修改权系数 首先,定义输出层的误差函数 (6.3) ( 2 其中,Y,是输出单元的期望输出值;X?是输出单元的实际输出值 由于BP神经网络算法","根据公式(6.6)和公式(6.8)，推导权值修正公式AWg的表达式为：   $$\Delta W_{g} = -\eta \frac{\partial E}{\partial W_{g}} = -\eta \frac{\partial e}{\partial W_{g}} \frac{\partial U}{\partial W_{g}}$$   $$= -\eta \frac{\partial e}{\partial U} \frac{\partial U}{\partial W_{g}}$$   $$= -\eta \delta_{g} \frac{\partial U}{\partial W_{g}}$$   其中，$\delta_{g}$为误差反向传播的误差项，$\frac{\partial U}{\partial W_{g}}$为输出层的输出对权值的偏导数。  学习率$\eta$在公式中起调节作用，它决定权值的修正步长。当$\eta$取值较大时，权值修正步长较大，算法收敛速度较快，但容易越过极小值点导致震荡；当$\eta$取值较小时，权值修正步长较小，算法收敛速度较慢，但能更精确地找到局部最小值。一般$\eta$取值为(0,1)之间。"
40,mtfc_v1,formula_reasoning,90,1,1,1,No,缺少梯度下降的参数α,2,2,2,[],"['Frobenius', '$ \\frac{\\lambda}{m} W_k $', '$ \\frac{\\lambda}{2m} \\sum_{k=1}^n \\|W_k\\|^2 $', '$ \\frac{\\lambda}{m} \\sum_{k=1}^n W_k $', 'W_k']","将实际输出x”与期望输出Y相比较,如果两者不等,则产生误差信号e,接着则按如 下公式反向传播修改权系数:  ... (文档跳转) ...  在将反向传播算法应用于前向多层网络时,采用Sigmoid函数作为激活函数,可通过下 列步骤对网络的权系数W,进行递归求取。注意每层有n个神经元的情况。即有一1,","在反向传播算法的训练过程中，假设损失函数为：  $$ J(W,b) = \frac{1}{2m} \sum_{i=1}^m [f(x^{(i)}; W,b) - y^{(i)}]^2 + \frac{\lambda}{2m} \sum_{k=1}^n \|W_k\|^2 $$  其中： - $ f(x^{(i)}; W,b) $ 是网络对输入 $ x^{(i)} $ 的输出； - $ y^{(i)} $ 是对应样本的标签； - $ \lambda $ 是正则化系数； - $ W_k $ 是第 $ k $ 个权重矩阵，且 $ \|W_k\|^2 $ 表示矩阵的 Frobenius 范数平方。  ### 权重 $ W $ 的梯度更新公式 权重 $ W $ 的梯度计算公式为：  $$ \frac{\partial J}{\partial W} = \frac{1}{m} \sum_{i=1}^m \left( \frac{\partial}{\partial W} [f(x^{(i)}; W,b) - y^{(i)}]^2 \right) + \frac{\lambda}{m} \sum_{k=1}^n W_k $$  具体地，梯度可以分解为两部分： 1. **数据损失梯度**： $$ \frac{1}{m} \sum_{i=1}^m \left( \frac{\partial}{\partial W} [f(x^{(i)}; W,b) - y^{(i)}]^2 \right) $$  这部分通过反向传播算法计算，具体是通过链式法则计算损失函数相对于网络参数 $ W $ 的梯度。  2. **正则化项梯度**： $$ \frac{\lambda}{m} \sum_{k=1}^n W_k $$  ### 正则项对梯度的影响 正则项的作用是防止网络过拟合。在梯度计算中，正则项的梯度是对权重矩阵 $ W_k $ 的一个线性项，即 $ \frac{\lambda}{m} W_k $。这种正则化项对权重梯度的影响具体表现为： - 对权重矩阵 $ W_k $ 的每个元素进行缩放； - 对权重矩阵进行一个额外的梯度项，即 $ \lambda $ 乘以权重矩阵的元素。  通过将正则化项加入梯度计算，可以有效地约束网络的权重大小，防止过拟合。  总结： 权重 $ W $ 的梯度更新公式为：  $$ \frac{\partial J}{\partial W} = \frac{1}{m} \sum_{i=1}^m \left( \frac{\partial}{\partial W} [f(x^{(i)}; W,b) - y^{(i)}]^2 \right) + \frac{\lambda}{m} \sum_{k=1}^n W_k $$  正则项 $ \frac{\lambda}{2m} \sum_{k=1}^n \|W_k\|^2 $ 通过添加一个额外的梯度项 $ \frac{\lambda}{m} \sum_{k=1}^n W_k $ 来影响权重的更新，对权重矩阵的元素进行一个线性缩放，从而限制权重的大小，防止过拟合。"
41,mtfc_v1,formula_reasoning,70,1,0,1,No,公式表达不准确,1,1,1,[],"['lim_{', '$$']","本节介绍一种基于目标转弯速率自适应模型集的交互多模型辅助粒子滤波算法6(A daptveNodelSctsIterctngMutpleModelAxilayPartcleFtrAMS-IM-APF),该算 法可以构造包含目标机动转弯率的状态转移矩阵,在线估计目标的机动转弯角速率,并依推 辨识到的转弯",根据式(8.17)，状态转移矩阵φ(k)在采样周期T趋近于零时的极限形式为： $$ \lim_{T \to 0} \phi(k) = \begin{bmatrix} 1 & 0 & 0 & 0 & 0 \\ 0 & 1 & 0 & 0 & 0 \\ 0 & 0 & 1 & 0 & 0 \\ 0 & 0 & 0 & 1 & 0 \\ 0 & 0 & 0 & 0 & 1 \end{bmatrix} $$ 该极限形式对应于匀速运动模型，其物理意义为：当采样周期T趋近于零时，目标的运动可以被近似为匀速运动，此时状态转移矩阵退化为单位矩阵，表示目标的状态在相邻时刻之间保持不变。  该极限形式是由于当采样周期T趋近于零时，状态转移矩阵φ(k)中的各项与T相关的项趋近于零，而与角速率相关的项则保持为常数。这表明在采样周期非常小的情况下，目标的运动可以被近似为匀速运动，此时角速率对状态转移矩阵的影响可以忽略不计。
42,mtfc_v1,formula_reasoning,85,1,1,1,No,未提及误差协方差矩阵的推导过程和卡尔曼增益的推导公式,5,5,5,[],[],=E{[I-K(k)H]e(k/k-1)e'(k/k-1)[I-K(k)H]*}- (2.11) E{K(k)V(k)e'(k/k-1)[I-K(k)H]'}- E{[I-K(k)H3e(k/k-1)V1(k)K'(k)}+ E{K(k)V(k)V(k)K1(k)} 假设:随机信号W(h)与V(h),状态估计的更新公式可以通过公式(2.15)和(2.16)进行推导。首先，公式(2.16)给出了状态预测估计为：  X(k/k-1)=A X(k-1/k-1)   其中，X(k/k-1)表示第k时刻的状态预测估计，A是系统转移矩阵，X(k-1/k-1)是第k-1时刻的状态预测估计。  然后，公式(2.15)给出了状态估计的更新公式为：  X(k)=X(k/k-1)+K(k)[Y(k)-H X(k/k-1)]  其中，X(k)表示第k时刻的状态估计，K(k)是卡尔曼增益，Y(k)是第k时刻的观测值，H是观测矩阵，X(k/k-1)是第k时刻的状态预测估计。  因此，状态估计的更新公式可以表示为：  X(k)=A X(k-1/k-1)+K(k)[Y(k)-H A X(k-1/k-1)]  其中，X(k)表示第k时刻的状态估计，K(k)是卡尔曼增益，Y(k)是第k时刻的观测值，A是系统转移矩阵，H是观测矩阵，X(k-1/k-1)是第k-1时刻的状态预测估计。  计算逻辑是：首先利用公式(2.16)得到状态预测估计X(k/k-1)，然后利用公式(2.15)根据观测值Y(k)和预测估计X(k/k-1)计算状态估计X(k)。其中，卡尔曼增益K(k)用于权衡预测估计和观测值的可靠性，使得最终的状态估计更加准确。
43,mtfc_v1,formula_reasoning,40,1,0,0,No,公式和物理意义的表述均存在严重错误,2,2,2,[],[],"X(k)=X(k/k-1)+K(k)[Y(k)-HX(k/1)] (2.15) 状态预测估计为 X(k/k-1)=AX(k-1/k-1) (2.16) 进一步计算得出误差的协方差矩阵如下式所示:  ... (文档跳转) ...  令C.(k1k)为[X.(k1k)-X,(k丨k)]的协方差矩阵,当状","在状态误差相关的情况下，协方差矩阵的更新公式中，Cii.(k|k)与P(k|k)和P,(h|k)之间的关系为： Cii.(k|k)=P(k|k)+P,(h|k)  推导过程： 1. 根据公式(7.10)，当状态误差不相关时，Cii.(k|k)=P(k|k)+P,(h|k)。这是在状态误差不相关的前提下，协方差矩阵的更新公式。 2. 当状态误差相关时，协方差矩阵的更新公式会发生变化。由于状态误差的相关性，我们需要考虑状态误差之间的相关性对协方差矩阵的影响。 3. 在状态误差相关的情况下，Cii.(k|k)与P(k|k)和P,(h|k)之间的关系仍然是Cii.(k|k)=P(k|k)+P,(h|k)。这是因为即使状态误差相关，我们仍然需要考虑状态误差和观测误差的协方差对协方差矩阵的影响。  物理意义： Cii.(k|k)表示的是状态估计误差和观测误差的协方差矩阵。当状态误差不相关时，Cii.(k|k)等于状态估计误差的协方差矩阵和观测误差的协方差矩阵的和。当状态误差相关时，Cii.(k|k)仍然等于状态估计误差的协方差矩阵和观测误差的协方差矩阵的和，这是因为状态误差的相关性已经被包含在状态估计误差的协方差矩阵中了。因此，无论状态误差是否相关，Cii.(k|k)都等于P(k|k)和P,(h|k)的和。"
44,mtfc_v1,formula_reasoning,85,1,1,1,No,公式中的变量名存在不一致，例如 'h(h)' 应为 'H'。,1,1,4,[],"['$ z(k|k-1) $', '$ h $', 'x_{', '$ x_{(k|k-1)} $', '$ z(k|k-1) = h(h)x_{(k|k-1)} $']","X(k)=X(k/k-1)+K(k)[Y(k)-HX(k/1)] (2.15) 状态预测估计为 X(k/k-1)=AX(k-1/k-1) (2.16) 进一步计算得出误差的协方差矩阵如下式所示:  ... (文档跳转) ...  令C.(k1k)为[X.(k1k)-X,(k丨k)]的协方差矩阵,当状",残差协方差通常用于描述测量残差的统计特性，其计算公式为： $$ P_{zz}(k|k-1) = H(k)P_{xx}(k|k-1)H^T(k) + R(k) $$ 其中： - $ P_{zz}(k|k-1) $ 是残差协方差矩阵，表示预测残差的协方差； - $ H(k) $ 是观测矩阵，用于将状态向量映射到观测空间； - $ P_{xx}(k|k-1) $ 是状态预测误差的协方差矩阵，表示状态预测的不确定性； - $ R(k) $ 是观测噪声的协方差矩阵，表示观测过程中的随机误差。  公式 (8.23) $ z(k|k-1) = h(h)x_{(k|k-1)} $ 表示预测残差 $ z(k|k-1) $ 是观测函数 $ h $ 与状态预测值 $ x_{(k|k-1)} $ 的线性组合。残差协方差的计算公式中，第一项 $ H(k)P_{xx}(k|k-1)H^T(k) $ 表示状态预测误差通过观测矩阵 $ H(k) $ 传递到观测空间的协方差，第二项 $ R(k) $ 则表示观测噪声对残差的影响。  因此，残差协方差的计算公式为： $$ P_{zz}(k|k-1) = H(k)P_{xx}(k|k-1)H^T(k) + R(k) $$
45,mtfc_v1,formula_reasoning,95,1,1,1,No,未明确提及先验误差估计与状态转移矩阵和系统噪声的关系,2,6,2,[],"['$ k-1 $', 'A', '$ P(k/k-1) = E\\{e(k/k-1)e^T(k/k-1)\\} $', '$ Q(k) $', 'K']","系统噪声的协方差矩阵为 Q(k)=E{W(k)W1(k)} (2.3) 观测噪声的协方差矩阵为 R(k)=E{V(k)V(k)} (2.4) 卡尔曼滤波器就是在已知观测序列1Y(0),Y(1),⋯,Y(k)}的前提条件下,要求解 X(k)的估计值,使得后验误差估计的协方差矩阵P(h/k)最小。其中 ",先验误差估计的协方差矩阵 $ P(k/k-1) $ 是通过将先验误差估计 $ e(k/k-1) $ 与它的共轭转置相乘并取期望值得到的，即 $ P(k/k-1) = E\{e(k/k-1)e^T(k/k-1)\} $。其中，$ e(k/k-1) = X(k) - \hat{X}(k/k-1) $ 表示在 $ k $ 时刻，基于 $ k-1 $ 时刻的估计值 $ \hat{X}(k/k-1) $ 对状态 $ X(k) $ 的预测误差。  在卡尔曼滤波中，先验误差估计的协方差矩阵 $ P(k/k-1) $ 描述了 $ k $ 时刻状态预测的不确定性。它反映了预测值 $ \hat{X}(k/k-1) $ 与实际状态 $ X(k) $ 之间的统计关系，即预测误差的大小和分布特性。$ P(k/k-1) $ 的计算通常基于状态转移矩阵 $ A $ 和上一时刻的后验误差估计协方差矩阵 $ P(k-1/k-1) $，即 $ P(k/k-1) = E\{e(k/k-1)e^T(k/k-1)\} = A P(k-1/k-1) A^T + Q(k) $，其中 $ Q(k) $ 是系统噪声的协方差矩阵。  因此，先验误差估计的协方差矩阵 $ P(k/k-1) $ 是先验误差估计 $ e(k/k-1) $ 的统计特性，描述了预测误差的不确定性。在卡尔曼滤波中，$ P(k/k-1) $ 是计算卡尔曼增益 $ K(k) $ 的重要参数，用于权衡预测和观测之间的不确定性，从而优化状态估计。
46,mtfc_v1,formula_reasoning,90,0,1,1,No,未完整提及观测更新步骤,3,5,6,"['X', 'G']","['Y', '$$', 'K', 'H']",e(k/k-1)=X(k)-X(k/k-1) (2.7) 可以得到先验误差估计的协方差矩阵为 P(k/k-1)=E{e(k/k-1)e1(k/k-1)} (2.8) 假定卡尔曼滤波的后验估计如下式所示:  ... (文档跳转) ...  X(k)=X(k/k-1)+K(k)[Y(k)-HX(k/1),根据背景信息中给出的卡尔曼滤波基本公式，并结合状态转移矩阵D(k)和噪声协方差矩阵Q(k)的定义，推导状态估计误差的协方差矩阵P(k+1)的步骤如下：  1. **状态预测误差**：      根据状态转移矩阵D(k)和高斯白噪声W(k)，状态预测公式可表示为：    $$    \hat{x}(k+1|k) = D(k)\hat{x}(k|k)    $$    状态预测误差为：    $$    e(k+1|k) = x(k+1) - \hat{x}(k+1|k) = D(k)x(k) - D(k)\hat{x}(k|k) = D(k)e(k|k)    $$  2. **状态预测误差的协方差**：    将状态预测误差的定义代入协方差公式，得：    $$    P(k+1|k) = E\{e(k+1|k)e^T(k+1|k)\} = E\{D(k)e(k|k)e^T(k)D^T(k)\} = D(k)P(k|k)D^T(k) + D(k)Q(k)D^T(k)    $$    由于噪声W(k)的协方差为Q(k)，因此状态预测误差的协方差矩阵为：    $$    P(k+1|k) = D(k)P(k|k)D^T(k) + Q(k)    $$  3. **状态更新误差**：    若系统还包含观测值Y(k)，则可以通过卡尔曼增益K(k)进行状态更新，得到后验估计误差：    $$    e(k|k) = x(k) - \hat{x}(k|k) = x(k) - [D(k)\hat{x}(k|k) + K(k)(Y(k) - H\hat{x}(k|k))]    $$    但若仅关注状态预测误差的协方差，不涉及观测更新，则直接使用上述的预测误差协方差矩阵。  综上所述，状态估计误差的协方差矩阵P(k+1)为： $$ P(k+1) = D(k)P(k)D^T(k) + Q(k) $$ 该公式表明，状态预测误差的协方差矩阵由状态转移矩阵D(k)和当前协方差矩阵P(k)共同决定，同时还要考虑噪声的协方差Q(k)的影响。
47,mtfc_v1,formula_reasoning,90,1,True,0,Suspected,无,5.00,5,5,"['K', 'R']","['Error', 'Call', 'Connection', 'Remote', 'Read']",e(k/k-1)=X(k)-X(k/k-1) (2.7) 可以得到先验误差估计的协方差矩阵为 P(k/k-1)=E{e(k/k-1)e1(k/k-1)} (2.8) 假定卡尔曼滤波的后验估计如下式所示:  ... (文档跳转) ...  (2.17) P(k/k)= [I-K(k)H]P-1(k/k,"Remote Call Error: HTTPConnectionPool(host='ps2.tail07443e.ts.net', port=2640): Read timed out. (read timeout=60)"
48,mtfc_v1,formula_reasoning,85,1,1,1,No,计算结果的微小差异,0,1,0,[],['T'],"【章节: 8.3】 【⚠️ MTFC 块 (AnchorScore=1.8)】 至关重要的。在多模型算法中,为了获得好的估计性能,在模型集中,至少要有一个模型接 近于系统实际起作用的模型。 为了方便起见,考虑目标在水平面上做机动。假设目标在A时刻的转弯速率为心(A (假设在采样周期其角速率为常数)。","根据马尔可夫状态转移矩阵和初始模型概率的定义，模型概率的更新公式为： μ1 = π × μo 式中，π为状态转移矩阵，μo为初始模型概率，μ1为更新后的模型概率。  将已知的π和μo代入计算得： μ1 = [[0.97, 0.015, 0.015], [0.015, 0.97, 0.015], [0.015, 0.015, 0.97]] × [0.6, 0.2, 0.2]^T = [0.97×0.6+0.015×0.2+0.015×0.2, 0.015×0.6+0.97×0.2+0.015×0.2, 0.015×0.6+0.015×0.2+0.97×0.2]^T = [0.582+0.003+0.003, 0.009+0.194+0.003, 0.009+0.003+0.194]^T = [0.588, 0.206, 0.205]^T  因此，目标第一次转弯后，各模型的更新概率为： μ1 = [0.588, 0.206, 0.205]"
49,mtfc_v1,formula_reasoning,40,0,0,0,No,"待评测回答中对不确定区间的计算和解释存在错误。首先，根据参考上下文中的信息，Pl(a)应为1 - Bel(a)，但待评测回答中将Pl(a)直接设定为0.6而没有进一步的解释。其次，待评测回答错误地将不确定区间解释为[0.4, 0.6]，但实际上根据参考上下文中的表4.1，不确定区间应为[Bel(a), 1 - Bel(a)]，即[0.4, 0.6]。因此，待评测回答的公式匹配和忠实度都为0。",2,2,2,[],[],"表4.1命题a,各种不确定区间的解释 不确定区间 [Bel(a?),Pl(a?)] 解释 对命题a?一无所知 [O,1] 命题a?为真的确切概率是0.6 [O.6,O.6] 命题a?完全为假 [O,o] 命题a?完全为真 [1,1] 证据部分支持命题a [O.25,1] 证据部分支持命题a;的反命题","根据提供的背景信息，当某个传感器的Bel(a)=0.4时，其似然度1-Bel(a)=0.6。因此可以得出该命题a的不确定区间为[Bel(a),Pl(a)]=[0.4,0.6]。根据表4.1中的解释，这个不确定区间表示证据部分支持命题a，其为真的概率在0.4和0.6之间。所以结论是命题a的为真概率在0.4到0.6之间。"
50,mtfc_v1,formula_reasoning,85,1,1,1,No,无,1,1,1,[],"['X', '$ X(m)Y(m)S_x(m)\\theta(m) $', '$$', 'S_x', 'S']","m?() m?(·) m?() O.99 O.OO O.OO Peter 1.OO Paul O.O1 O.O1 O.99 O.OO Mary O.OO 试计算证人 W1和 W2提供证据的组合结果、 解 首先,计算归一化常数K。  ... (文档跳转) ...  (4.19) m;(h)m;(hz)",根据题目中给出的公式 $ K = \frac{X(m)Y(m)S_x(m)\theta(m)}{\sum X(m)Y(m)S_x(m)\theta(m)} $，我们已知所有 $ X(m)Y(m)S_x(m)\theta(m) $ 的和为 120，且某一个特定证据体的 $ X(m)Y(m)S_x(m)\theta(m) $ 的值为 30。  因此，这个特定证据体的归一化因子 $ K $ 值为： $$ K = \frac{30}{120} = 0.25 $$  所以，特定证据体的归一化因子 $ K $ 值是 0.25。
51,mtfc_v1,formula_reasoning,40,1,0,0,No,对不确定区间的计算公式存在根本性误解，且对支持度和似然度的定义理解错误,0,0,0,[],[],"似然度也可以这样来计算,把和a,及与a,有关的并命题(包括识别框架0)的所有概 率分配值相加起来,即 (4.6) Pl(ai)=m(a)+m(aiUa)+⋯+m(@) 不确定区间定义为[Bel(a),Pl(ai)]这里显然有 Bel(ai)≤Pl(a?) (4.7) 图4.1直观显示了刚才讨论过的D","当支持度和似然度为[0.25,1]时，不确定区间为[0.25,1]。因为支持度和似然度的定义本身就描述了不确定区间的上下界。支持度是命题的支持度，即直接证据对应的概率分配值之和，而似然度是命题的似然度，即支持命题反命题的不是传感器直接证据对应的概率分配值之和。因此，不确定区间由支持度和似然度直接确定，不需要额外计算。    根据背景信息中的描述，支持度和似然度分别是不确定区间的下界和上界，因此当支持度和似然度为[0.25,1]时，不确定区间为[0.25,1]。"
52,mtfc_v1,formula_reasoning,85,1,1,1,No,未完全涵盖不确定区间与概率分配函数归一化的关系,2,2,2,[],[],"似然度也可以这样来计算,把和a,及与a,有关的并命题(包括识别框架0)的所有概 率分配值相加起来,即 (4.6) Pl(ai)=m(a)+m(aiUa)+⋯+m(@) 不确定区间定义为[Bel(a),Pl(ai)]这里显然有 Bel(ai)≤Pl(a?) (4.7) 图4.1直观显示了刚才讨论过的D","根据公式(4.6)，Pl(ai) 是似然度，其计算方式是将与命题 ai 和其相关并命题（包括识别框架）的所有概率分配值相加。这意味着似然度 Pl(ai) 是对命题 ai 的最大可能支持的度量。  同时，Bel(ai) 是支持度，它代表了命题 ai 被直接证据支持的最小概率。根据背景信息中的描述，Bel(ai) ≤ Pl(ai) 是一个必然成立的关系。这是因为支持度是基于直接证据得到的命题发生的最小概率，而似然度则包括了直接证据的支持以及潜在可能发生的概率。因此，似然度总是大于等于支持度。  这个关系的含义是，支持度和似然度之间的范围，即不确定区间 [Bel(ai), Pl(ai)]，反映了对命题 ai 的不确定性。支持度的下界 Bel(ai) 表示了证据中真正支持命题 ai 的部分，而似然度的上界 Pl(ai) 则表示了证据中支持命题 ai 及其潜在可能性的总和。因此，不确定区间宽度反映了我们对命题 ai 的了解程度，区间越宽表示不确定性越大，区间越窄则表示确定性越高。"
53,mtfc_v1,formula_reasoning,65,1,1,0,No,未正确描述交集函数的特性,2,4,2,[],"['U', 'R']","(2)求隶属函数田线。以论域元素为横坐标,录属度为纵坐标,画出是够多元素的录 属度(点),将这些点连接起来,得到所求模糊集合的录属函数曲线。  ... (文档跳转) ...  三者隶属度函数均选择三角形隶属度函数,隶属函数值如图5.4所示。将E、EC、U量 化,量化后的E、EC、U的隶属度函数表如表","根据题目中给出的隶属度函数，A(x)=exp(-|x|/2)和B(x)=exp(-x²/2)，可以求出它们的交集A∩B的隶属度函数为：  A∩B(x) = min{A(x), B(x)} = min{exp(-|x|/2), exp(-x²/2)}  为了画出图形，首先需要确定这两个函数的形状。A(x)是一个以原点为中心的对称函数，其值在x=0处取得最大值1，随着|x|的增大而指数衰减。而B(x)是一个以原点为中心的钟形曲线，其值在x=0处取得最大值1，随着|x|的增大而指数衰减，但其衰减速度比A(x)快。  因此，A∩B(x)的图形应该是A(x)和B(x)的交集，即在x=0处取得最大值1，随着|x|的增大而指数衰减。由于A(x)和B(x)的衰减速度不同，A∩B(x)的图形可能会在某些点上与A(x)或B(x)的图形重合，但总体上应该是一个对称的钟形曲线，其形状可能介于A(x)和B(x)之间。  由于题目中没有给出具体的数值范围或绘图工具，因此无法精确地画出图形。但是，可以通过以下步骤来绘制图形：  1. 在坐标系中，x轴表示实数集U=R，y轴表示隶属度值。 2. 在x轴上选择一些关键点，例如x=-2，-1，0，1，2等。 3. 对于每个关键点，计算A(x)和B(x)的值，并取它们的最小值作为A∩B(x)的值。 4. 将这些点连接起来，形成A∩B(x)的图形。  需要注意的是，由于A(x)和B(x)的衰减速度不同，A∩B(x)的图形可能会在某些点上与A(x)或B(x)的图形重合，但总体上应该是一个对称的钟形曲线。"
54,mtfc_v1,formula_reasoning,90,1,1,1,No,none,0,2,0,[],"['A', 'U']","(2)求隶属函数田线。以论域元素为横坐标,录属度为纵坐标,画出是够多元素的录 属度(点),将这些点连接起来,得到所求模糊集合的录属函数曲线。  ... (文档跳转) ...  2.模糊集的运算 无论论域V有限还是无限,离散还是连续,Zadch用如下记号作为模糊集A的一般表示 形式:A=μ4(u)/u","对于模糊数A的λ-水平截集A=[x,y]，根据公式(5.8)的定义，水平截集是满足条件μp(u)≥a的所有论域元素u组成的集合。当给定论域U={1,2,3,4,5}和模糊数的隶属函数μp(u)=[0.1,0.3,0.5,0.7,0.9}时，要计算λ=0.5对应的水平截集[x,y]，我们需要找到所有满足μp(u)≥0.5的论域元素。  具体步骤如下：  1. 将论域U={1,2,3,4,5}和对应的隶属度值μp(u)=[0.1,0.3,0.5,0.7,0.9]进行配对，得到：    - u=1时，μp(u)=0.1    - u=2时，μp(u)=0.3    - u=3时，μp(u)=0.5    - u=4时，μp(u)=0.7    - u=5时，μp(u)=0.9  2. 对于λ=0.5，我们需要找出所有满足μp(u)≥0.5的论域元素u。从配对结果中可以找到：    - u=3时，μp(u)=0.5    - u=4时，μp(u)=0.7    - u=5时，μp(u)=0.9  3. 所以，λ=0.5对应的水平截集[x,y]就是所有满足条件的论域元素u的集合，即{x,y}={3,4,5}。因此，λ=0.5对应的水平截集[x,y]为[3,5]。  综上所述，当给定论域U={1,2,3,4,5}和模糊数的隶属函数μp(u)=[0.1,0.3,0.5,0.7,0.9}时，λ=0.5对应的水平截集[x,y]为[3,5]。"
55,mtfc_v1,formula_reasoning,90,1,1,1,No,无,3,3,3,[],[],"P(E)= (3.6) [P(E|H;)P(H;)] i=1 式(3.6)称为全概率公式。  ... (文档跳转) ...  P(E|H)P(H?) P(HE)= (3.8) [P(E|H;)P(H,)」 j=1 式中,P(H1E)为在给定证据E的情况下,假设事件日,发生的概率;P(E|日)为假设事","根据全概率公式，P(E) = Σ P(E|H;)P(H;) (i=1)，其中H1和H2是互斥且穷尽的事件。已知P(H1)=0.4, P(H2)=0.6, P(E|H1)=0.7, P(E|H2)=0.3，则计算过程如下：  1. 将事件空间划分为两个互斥且穷尽的事件H1和H2，即H1和H2满足P(H1)+P(H2)=1且H1∩H2=∅。  2. 根据全概率公式，P(E) = P(E|H1)P(H1) + P(E|H2)P(H2)  3. 代入已知数值计算：    P(E) = 0.7×0.4 + 0.3×0.6 = 0.28 + 0.18 = 0.46  因此，P(E)的值为0.46。计算过程中，首先将事件空间划分为两个互斥且穷尽的事件H1和H2，然后根据全概率公式，将P(E)表示为P(E|H1)P(H1)和P(E|H2)P(H2)的和。最后，将已知数值代入公式进行计算，得到P(E)的值为0.46。"
56,mtfc_v1,formula_reasoning,50,0,0,1,Suspected,judge_parse_error,4,3,3,"['U_{k}', 'X_{k}', 'Y_{k}', 'W_{k}', 'U']","['$$', '$ \\eta $', '$ \\Delta W^{(t)} $', '$ X^{(j-1)} $', '$ t $']","将实际输出x”与期望输出Y相比较,如果两者不等,则产生误差信号e,接着则按如 下公式反向传播修改权系数: AWg=2WgX (6.11) 可见,误差函数的求取是从输出层开始到输人层的反向传播过程,在这个过程中不断进 行递归求误差。通过多个样本的反复训练,同时向误差渐渐减小的方向对权系数进行修正 以达",根据教材片段提供的公式推导，输出层权值的修正公式为：  $$ \Delta W^{(t+1)} = -\eta d^{(2)} \cdot X^{(j-1)} + \alpha \Delta W^{(t)} $$  其中： - $ \Delta W^{(t+1)} $ 是权值在 $ t+1 $ 次迭代时的修正值； - $ \eta $ 是学习率，控制权值更新的步长； - $ d^{(2)} $ 是输出层的学习误差； - $ X^{(j-1)} $ 是前一层的输入； - $ \alpha $ 是动量因子，用于保留前一次的更新方向； - $ \Delta W^{(t)} $ 是 $ t $ 次迭代时的权值修正值。  关键步骤解释如下： 1. 计算学习误差 $ d^{(2)} $：对于输出层，学习误差 $ d^{(2)} $ 的计算公式为 $ d^{(2)} = X^{(r)}(1 - X^{(r)})(X^{(z)} - Y^{(i)}) $，其中 $ X^{(r)} $ 是输出层神经元的输出，$ X^{(z)} $ 是输出层神经元的预测值，$ Y^{(i)} $ 是期望输出。 2. 修正权值：根据学习误差 $ d^{(2)} $ 和前一层的输入 $ X^{(j-1)} $，计算权值的修正值 $ \Delta W^{(t+1)} $。同时，为了保证算法的稳定性，加入了动量因子 $ \alpha $，将前一次的修正值 $ \Delta W^{(t)} $ 也考虑在内。 3. 更新权值：将计算得到的修正值 $ \Delta W^{(t+1)} $ 加到原来的权值上，得到新的权值 $ W^{(t+1)} $。
57,mtfc_v1,formula_reasoning,40,1,0,0,Suspected,公式推导错误和公式匹配错误,3,6,2,"['$$', 'W_i', '$\\frac{\\ial U}{\\partial W}$', '$\\frac{\\partial e}{\\partial U}$', 'Delta']","['A', 'Wg', 'Ut', 'Wi']","【章节: 6.2】 【⚠️ MTFC 块 (AnchorScore=1.8)】 C 6.2.2 BP神经网络算法的数学表达 BP神经网络算法的实质是求取误差函数的最小值问题,这种算法采用非线性规划中的 最速下降方法,按误差函数的负梯度方向修改权系数 首先,定义输出层的误差函数 (6.3) ( 2 其",根据教材片段中的公式推导，从式(6.6)和式(6.8)推导出最终的权值更新公式AWi的过程如下：  首先，根据式(6.6)有： oWg = X (6.6)  其次，根据式(6.8)有： AWi = -η * oWg / oUt (6.8)  将式(6.6)代入式(6.8)中得到： AWi = -η * X / oUt (6.8)  为了得到最终的权值更新公式，还需要求得oUt的值。根据教材片段中的公式推导，可以得到： oUt = 2W * X * (1 - X) (6.10)  将式(6.10)代入式(6.8)中得到： AWi = -η * X / (2W * X * (1 - X)) = -η / (2W * (1 - X)) (6.11)  因此，最终的权值更新公式为： AWi = -η / (2W * (1 - X)) (6.11)  其中，η为学习率，W为权值，X为输入值。
58,mtfc_v1,formula_reasoning,0,1,0,0,Suspected,待评测回答与参考上下文、参考标准答案完全无关，未涉及反向传播算法、梯度更新、正则项等内容，而是关于远程调用错误的提示信息。,2,2,0,"['W', 'J']","['Error', 'P', 'Call', 'Connection', 'Remote']","(1)正同传播。输人的样本从输入层经过隐含层,一层一层进行处理,通过所有的隐 含层之后,则传同输出层。在逐层处理的过程中,每一层神经元的状态只对下一层神经元的 状态产生影响。在输出层,把实际输出和期望输出进行比较,如果实际输出不等于期望输 /  ... (文档跳转) ...  10.2.5反向传播算","Remote Call Error: HTTPConnectionPool(host='ps2.tail07443e.ts.net', port=2640): Read timed out. (read timeout=60)"
59,mtfc_v1,formula_reasoning,90,1,1,1,No,未提及应用场景,3,3,6,['H_n}'],['H_n'],"P(E)= (3.6) [P(E|H;)P(H;)] i=1 式(3.6)称为全概率公式。  ... (文档跳转) ...  P(E|H)P(H?) P(HE)= (3.8) [P(E|H;)P(H,)」 j=1 式中,P(H1E)为在给定证据E的情况下,假设事件日,发生的概率;P(E|日)为假设事","全概率公式是概率论中的一个基本定理，用于计算一个事件的总概率。公式表达为：P(E) = Σ P(E|H_i)P(H_i)，其中i从1到n。这个公式的推导基于概率的条件性和事件的完备性。首先，假设H_1, H_2, ..., H_n是一组互斥且穷尽的事件，即它们的并集是样本空间，且任意两个事件之间互不相交。其次，对于任意事件E，可以将其分解为与每个H_i相关的部分，即E = E∩H_1 ∪ E∩H_2 ∪ ... ∪ E∩H_n。由于这些事件互斥，可以应用概率的可加性，得到P(E) = Σ P(E∩H_i)。接着，根据条件概率的定义，P(E∩H_i) = P(E|H_i)P(H_i)。将这些条件概率相加，就得到了全概率公式P(E) = Σ P(E|H_i)P(H_i)。这个公式的核心逻辑是将事件E的总概率分解为各个假设事件H_i条件下事件E的概率乘以其先验概率的总和。  在推导过程中，首先确保了假设事件H_1, H_2, ..., H_n的互斥性和穷尽性，这是应用全概率公式的前提条件。然后，通过将事件E分解为与每个H_i相关的部分，利用概率的可加性和条件概率的定义，得到了全概率公式的表达式。这个过程体现了概率论中条件概率和事件分解的基本原理。"
60,mtfc_v1,formula_reasoning,85,0,1,1,No,未完全涵盖参考上下文中的反向传播过程,4,3,5,"['A', 'B', 'P']","['$ e $', '$$', '$ \\eta $', '$ X_o $', '$ \\frac{\\partial X_o}{\\partial W} $']","习公式(6.8)可以表示为 (6.9) AW=-ndx·X 进一步推导,有 de=X÷(1-Xi)·2Wa°di+ (6.1O) 从上述过程可知,多层网络的训练方法是把一个样本加到输入层,并根据向前传播的规 则X=(V),不断一层一层地向输出层传递,最终在输出层可以得到输出X”。 将实际输出x”与期",根据给出的背景信息及误差函数定义，可推导出权值更新公式 $ \Delta W $ 的具体表达式为： $$ \Delta W = -\eta \cdot \frac{\partial E}{\partial W} $$ 其中，$ \eta $ 是学习率，$ E $ 是误差函数，$ W $ 是权值。  ### 数学推导步骤： 1. **定义误差函数**：    $$    E = \frac{1}{2}(Y_t - X_o)^2    $$    其中，$ Y_t $ 是期望输出，$ X_o $ 是实际输出。  2. **计算误差对权值的偏导数**：    根据链式法则，对 $ E $ 关于权值 $ W $ 求偏导：    $$    \frac{\partial E}{\partial W} = \frac{\partial E}{\partial X_o} \cdot \frac{\partial X_o}{\partial W}    $$    其中，$ \frac{\partial E}{\partial X_o} = -(Y_t - X_o) $ 是误差信号 $ e $，而 $ \frac{\partial X_o}{\partial W} $ 是输出层的激活函数的导数。  3. **代入误差信号和激活函数导数**：    $$    \frac{\partial E}{\partial W} = -(Y_t - X_o) \cdot \frac{\partial X_o}{\partial W}    $$  4. **得到权值更新公式**：    $$    \Delta W = -\eta \cdot \left[ -(Y_t - X_o) \cdot \frac{\partial X_o}{\partial W} \right]    $$    简化后得到：    $$    \Delta W = \eta \cdot (Y_t - X_o) \cdot \frac{\partial X_o}{\partial W}    $$  ### 数学依据： 1. **误差函数定义**：    误差函数 $ E $ 的定义是为了衡量实际输出 $ X_o $ 与期望输出 $ Y_t $ 之间的差异，通过最小化该函数来达到网络的训练目标。  2. **链式法则**：    在反向传播过程中，利用链式法则将误差函数对权值的偏导分解为误差信号和输出层激活函数的导数，以便逐层计算。  3. **学习率的作用**：    学习率 $ \eta $ 控制权值更新的步长，其值越小，更新的步长越小，网络收敛速度越慢，但能更精确地逼近最优解；其值越大，更新的步长越大，可能更快达到收敛，但容易越过最优解。  综上所述，权值更新公式 $ \Delta W $ 的具体表达式为： $$ \Delta W = \eta \cdot (Y_t - X_o) \cdot \frac{\partial X_o}{\partial W} $$ 该公式体现了误差信号和激活函数导数对权值更新的直接影响，是反向传播算法的核心。
61,mtfc_v1,formula_reasoning,70,1,0,0,Suspected,公式使用错误和数据不一致,3,2,2,['Ua'],"['a_2', '$$', 'a_i', 'a_3', 'a_1']","一个给定命题的支持度是这样定义的;传感器直接分配给该命题让据所对应的概率分配 直的和。这里传感器直接分配给孩命题的证据是指:孩命题及组成该命题的于命题的某些升 命题的集合,这些并命题是指被传感器赋予一定概率分配值的并命题。按照这个定义,某个 传感器判决目标类型为a,的支持度为 Bel(a)=m(a?",根据题目中给出的公式和数据，可以按照以下步骤计算目标类型属于a₁或a₂或a₃的支持度Bel(a₁∪a₂∪a₃)和a₁的似然度Pl(a₁)：  1. **计算Bel(a₁∪a₂∪a₃)**     根据背景信息中提到的公式：    $$    Bel(a_1 \cup a_2 \cup a_3) = m(a_1) + m(a_2) + m(a_3) + m(a_1 \cup a_2) + m(a_1 \cup a_3) + m(a_2 \cup a_3) + m(a_1 \cup a_2 \cup a_3)    $$    代入数值：    $$    Bel(a_1 \cup a_2 \cup a_3) = 0.5 + 0.3 + 0.1 + 0.05 + 0.03 + 0.02 + 0.05    $$    计算结果：    $$    Bel(a_1 \cup a_2 \cup a_3) = 1.02    $$     但根据背景信息中提到的公式，支持度的计算结果应该是小于或等于1的值。因此，这里可能存在计算错误，可能是将m(a₁∪a₂∪a₃)重复计算了。根据背景信息中给出的公式，支持度Bel(a₁∪a₂∪a₃)的计算结果应该为：    $$    Bel(a_1 \cup a_2 \cup a_3) = m(a_1) + m(a_2) + m(a_3) + m(a_1 \cup a_2) + m(a_1 \cup a_3) + m(a_2 \cup a_3)    $$    代入数值：    $$    Bel(a_1 \cup a_2 \cup a_3) = 0.5 + 0.3 + 0.1 + 0.05 + 0.03 + 0.02    $$    计算结果：    $$    Bel(a_1 \cup a_2 \cup a_3) = 1.0    $$     因此，目标类型属于a₁或a₂或a₃的支持度为1。  2. **计算a₁的似然度Pl(a₁)**     根据背景信息中提到的公式：    $$    Pl(a_1) = 1 - Bel(a_1)    $$    但是，背景信息中提到的公式是：    $$    Pl(a_i) = 1 - Bel(a_i)    $$    所以，a₁的似然度为：    $$    Pl(a_1) = 1 - Bel(a_1)    $$    但是，背景信息中没有给出a₁的Bel值，因此无法计算Pl(a₁)。  因此，答案是： - 目标类型属于a₁或a₂或a₃的支持度为1。 - a₁的似然度未知。
62,mtfc_v1,formula_reasoning,40,1,0,0,Suspected,公式错误和推导过程不正确,7,6,4,"['Kx', 'Sxn', 'Sx']","['S_i', '$S_i(m_i)$', '$$', '$\\theta_i(m_i)$', '$X_i(m_i)$']","【章节: 4.4】 【⚠️ MTFC 块 (AnchorScore=1.8)】 这三种人体行为的图像表示,如图4.2所示。 a b) C) 图4.2 三种人体行为的图像表示 a)端坐 b)左顾右盼 c)理头 结合D-S证据理论,在设定的人体辨识框架2下,可以得到下面的信息融合模型 (4.17) X;",根据公式(4.18)和(4.17)，归一化因子K的表达式推导过程如下：  首先，公式(4.17)和(4.18)可以改写为： $$ K = \frac{\sum_{i=1}^{n} X_i(m_i) Y_i(m_i) S_i(m_i) \theta_i(m_i)}{\sum_{i=1}^{n} X_i(m_i) Y_i(m_i) S_i(m_i) \theta_i(m_i)} $$ 其中，$X_i(m_i)$、$Y_i(m_i)$、$S_i(m_i)$和$\theta_i(m_i)$分别表示第$i$个时间段内x轴质心坐标变化、y轴质心坐标变化、面积变化和角度变化的证据体值。  然后，将公式(4.17)和(4.18)代入公式(4.18)中，可以得到： $$ K = \frac{\sum_{i=1}^{n} X_i(m_i) Y_i(m_i) S_i(m_i) \theta_i(m_i)}{\sum_{i=1}^{n} X_i(m_i) Y_i(m_i) S_i(m_i) \theta_i(m_i)} $$ 其中，分子是所有时间段内四个证据体的乘积之和，分母是所有时间段内四个证据体的乘积之和。  最后，将公式(4.17)和(4.18)中的$X_i(m_i)$、$Y_i(m_i)$、$S_i(m_i)$和$\theta_i(m_i)$替换为实际的数值，即可得到归一化因子K的表达式。  在推导过程中，关键步骤是： 1. 将公式(4.17)和(4.18)中的$X_i(m_i)$、$Y_i(m_i)$、$S_i(m_i)$和$\theta_i(m_i)$替换为实际的数值。 2. 计算分子和分母的和。 3. 将分子除以分母，得到归一化因子K的表达式。  需要注意的是，公式(4.17)和(4.18)中可能存在OCR识别错误，因此在推导过程中应优先保证逻辑准确，不要盲目套用错误符号。
63,mtfc_v1,formula_reasoning,85,1,1,1,No,未明确提及不确定区间范围的定义,0,0,0,[],[],"表4.1进一步解释了不确定区间这个概念。比如,如果不确定区间为[0,1]表示对命 题a,一无所知,因为证据没有去直接支持a,也没有去直接反驳a,这时似然度等于1,正 o5; 好等于不确定区间的宽度。  ... (文档跳转) ...  予了该命题的反命题,因此a,的支持度为0,它的似然度1-Ba(a)","根据背景信息，支持度和似然度为[0.25,1]时，不确定区间为[0,0.75]。  支持度是指支持该命题的传感器直接证据所对应的概率分配值的和。在支持度为0.25的情况下，说明证据部分支持命题a，支持的程度为0.25。而似然度为1，说明证据没有直接反驳命题a。此时不确定区间里的概率分配值可以自由地转化为支持该命题。  不确定区间是通过计算支持度和似然度得到的，其公式为：不确定区间 = 1 - 支持度 - 似然度。将支持度为0.25和似然度为1代入公式中，得到不确定区间为1 - 0.25 - 1 = 0.75。因此，不确定区间为[0,0.75]。  综上所述，当支持度和似然度为[0.25,1]时，不确定区间为[0,0.75]，其计算逻辑是通过1减去支持度和似然度得到的。"
64,mtfc_v1,formula_reasoning,70,1,1,1,No,对Bel(ai)的解释不完全准确,3,3,3,[],[],"似然度也可以这样来计算,把和a,及与a,有关的并命题(包括识别框架0)的所有概 率分配值相加起来,即 (4.6) Pl(ai)=m(a)+m(aiUa)+⋯+m(@) 不确定区间定义为[Bel(a),Pl(ai)]这里显然有 Bel(ai)≤Pl(a?) (4.7) 图4.1直观显示了刚才讨论过的D","根据公式(4.6)Pl(ai)=m(a)+m(aiUa)+⋯+m(@),代入数据可得Pl(ai)=0.3+0.2+0.1=0.6。 不确定区间的下界是Bel(ai)=0.3，上界是Pl(ai)=0.6。这说明命题ai有0.3的概率被直接证据支持，有0.3的概率是未知的，有0.3的概率是归一化的概率分配。"
65,mtfc_v1,formula_reasoning,85,1,1,1,No,部分细节不完全匹配,0,0,1,[],[],"AW,(t+1)=-ndi·Xi-1+aAW,(t) (6.12) 其中,η为学习率,即步长;α为权系数修正常数,一般取0.7~0.9。  ... (文档跳转) ...  10.2.5反向传播算法 反向传播算法于1975年由PaulWerbos提出,通过对网络中损失函数梯度的反向传播 解决神经网络中",是的，在公式(10.12)和(10.13)中，参数更新的计算逻辑与学习率α相关。  学习率α在参数更新公式中的作用是控制权重和偏置项的更新幅度。具体来说，学习率α决定了梯度下降过程中每一步的步长大小。较大的α值会使参数更新的步长更大，可能导致参数快速收敛至最优解，但也可能因步长过大而跳过最优解，甚至导致参数发散。较小的α值则会使参数更新的步长更小，有助于更精确地收敛至最优解，但收敛速度较慢。  在训练深度神经网络时，平衡学习率α的取值需要考虑以下几个方面：  1. **初始值的选择**：通常，学习率α的初始值会设置为一个较小的值，例如0.01或0.1。对于不同的网络结构和数据集，可能需要进行多次实验来确定合适的初始值。  2. **学习率衰减**：随着训练的进行，学习率α通常会逐渐减小，以减缓参数更新的速度，避免在接近最优解时出现震荡。常用的学习率衰减方法包括指数衰减、阶梯衰减和余弦衰减等。  3. **自适应学习率方法**：为了更好地平衡学习率的大小，可以采用自适应学习率方法，如Adam优化器。这些方法会根据参数的历史梯度信息动态调整学习率，从而在训练过程中自动平衡学习率的大小。  4. **验证集的监控**：在训练过程中，可以通过监控验证集的性能来调整学习率。如果验证集的损失在降低，说明学习率可能设置得合适；如果验证集的损失开始上升，则说明学习率可能设置得过大。  5. **超参数调优**：在训练深度神经网络时，通常会通过超参数调优的方法来寻找最优的学习率。例如，可以使用网格搜索或随机搜索等方法来尝试不同的学习率值，并选择在验证集上表现最好的学习率。  综上所述，学习率α在参数更新公式中的作用非常重要，平衡其取值是训练深度神经网络的关键之一。
66,mtfc_v1,formula_reasoning,90,1,1,1,No,无,2,2,2,[],"['$$', '$\\lambda \\in [0,1]$', '$0 \\leq \\mu_A(u) \\leq 1$', '$\\mu_A(u)$', '$\\mu_A(u) \\geq \\lambda$']","2.模糊集的运算 无论论域V有限还是无限,离散还是连续,Zadch用如下记号作为模糊集A的一般表示 形式:A=μ4(u)/u。  ... (文档跳转) ...  模糊集上的运算主要有包含、交、并、补。  ... (文档跳转) ...  Fa+={uTu∈U且up(u)>a} (5.7) Fa={u|","已知模糊数A的λ-水平截集A=[x,y]，则x和y的表达式分别为： $$ x = \inf \{u \in U | \mu_A(u) \geq \lambda \} $$ $$ y = \sup \{u \in U | \mu_A(u) \geq \lambda \} $$ 推导过程如下： (1) 由模糊数的定义可知，模糊数A的隶属函数$\mu_A(u)$满足$0 \leq \mu_A(u) \leq 1$，且$\mu_A(u)$是定义在论域U上的函数。 (2) 对于给定的$\lambda \in [0,1]$，考虑所有满足$\mu_A(u) \geq \lambda$的u值。由于模糊数A的隶属函数$\mu_A(u)$是连续的，因此存在最小的u值x和最大的u值y使得$\mu_A(u) \geq \lambda$。 (3) 由定义可知，x和y分别是满足$\mu_A(u) \geq \lambda$的u值的下确界和上确界。因此，x和y的表达式分别为： $$ x = \inf \{u \in U | \mu_A(u) \geq \lambda \} $$ $$ y = \sup \{u \in U | \mu_A(u) \geq \lambda \} $$"
67,mtfc_v1,formula_reasoning,90,1,1,1,No,细节补充,3,3,4,[],"['H_j', 'H_2', 'H_1', 'H_n']","P(E)= (3.6) [P(E|H;)P(H;)] i=1 式(3.6)称为全概率公式。  ... (文档跳转) ...  P(E|H)P(H?) P(HE)= (3.8) [P(E|H;)P(H,)」 j=1 式中,P(H1E)为在给定证据E的情况下,假设事件日,发生的概率;P(E|日)为假设事","全概率公式的推导基于概率论中的基本原理，即在样本空间被划分为互斥且穷尽的事件集合的前提下，将一个事件的概率分解为多个互斥条件下的概率之和。具体到公式 P(E) = Σ P(E|H_i)P(H_i) 的推导过程，各个条件概率 P(E|H_i) 的独立性和互斥性是通过以下两方面的逻辑保证的：  1. **互斥性**：全概率公式中的假设事件 H_1, H_2, ..., H_n 必须满足互斥性，即对于任意两个不同的事件 H_i 和 H_j (i ≠ j)，它们不能同时发生，即 P(H_i ∧ H_j) = 0。这一条件确保了在计算总概率 P(E) 时，不会因为多个假设事件同时发生而导致概率的重复计算。  2. **穷尽性**：所有假设事件 H_1, H_2, ..., H_n 必须构成样本空间的一个划分，即它们的并集等于整个样本空间，且互不重叠。这保证了对任意事件 E，其发生的概率可以被完全覆盖在这些互斥的条件概率中，从而不会遗漏任何可能的路径。  此外，虽然在公式中 P(E|H_i) 代表的是在 H_i 的条件下事件 E 的概率，但它们的独立性和互斥性是通过 H_i 的划分特性来体现的，并不是 P(E|H_i) 本身的独立性。换句话说，H_i 之间是互斥且穷尽的，而 P(E|H_i) 的值则是根据这些条件计算得到的条件概率，因此它们之间不会出现重复计算或遗漏的情况。  因此，全概率公式中的条件概率 P(E|H_i) 的独立性和互斥性实际上是由假设事件 H_i 的划分特性来保证的，而不是由 P(E|H_i) 本身所具有的独立性。这种划分确保了全概率公式能够正确地将复杂事件的概率分解为多个简单条件下的概率之和。"
68,mtfc_v1,formula_reasoning,85,1,1,1,No,推导过程中的某些细节与标准答案不完全一致，但核心公式和推导逻辑是正确的,3,5,3,[],"['$ e = \\frac{1}{2}(Y - X)^2 $', '$ f $', 'B', '$$', '$ X $']","C 6.2.2 BP神经网络算法的数学表达 BP神经网络算法的实质是求取误差函数的最小值问题,这种算法采用非线性规划中的 最速下降方法,按误差函数的负梯度方向修改权系数 首先,定义输出层的误差函数 (6.3) ( 2 其中,Y,是输出单元的期望输出值;X?是输出单元的实际输出值 由于BP神经网络算法",根据BP神经网络算法的数学表达，若输出层的误差函数为 $ e = \frac{1}{2}(Y - X)^2 $，其中 $ Y $ 是期望输出值，$ X $ 是实际输出值，且输出层的权系数为 $ W $，则权系数的修正量 $ \Delta W $ 与误差函数的梯度之间的关系可以通过以下步骤推导得到：  1. **定义误差函数和输出层的权值更新规则**：    误差函数为 $ e = \frac{1}{2}(Y - X)^2 $，其中 $ X $ 是实际输出值，$ Y $ 是期望输出值。根据BP算法，权系数的更新方向为误差函数的负梯度方向，即：    $$    \Delta W = -\eta \frac{\partial e}{\partial W}    $$    其中，$ \eta $ 为学习率。  2. **计算误差函数对权系数的梯度**：    由于实际输出值 $ X $ 是神经网络的输出，可以表示为 $ X = f(W \cdot Z) $，其中 $ Z $ 是输入层的输入，$ f $ 是激活函数。为了简化推导，假设激活函数为线性函数，即 $ f(W \cdot Z) = W \cdot Z $，则：    $$    X = W \cdot Z    $$    代入误差函数，得到：    $$    e = \frac{1}{2}(Y - W \cdot Z)^2    $$    然后对 $ W $ 求偏导：    $$    \frac{\partial e}{\partial W} = \frac{\partial}{\partial W} \left( \frac{1}{2}(Y - W \cdot Z)^2 \right)    $$    使用链式法则计算：    $$    \frac{\partial e}{\partial W} = \frac{1}{2} \cdot 2 \cdot (Y - W \cdot Z) \cdot \frac{\partial}{\partial W}(Y - W \cdot Z)    $$    $$    = (Y - W \cdot Z) \cdot (-Z)    $$    $$    = -Z(Y - W \cdot Z)    $$  3. **代入权系数的更新公式**：    将计算得到的梯度代入权系数的更新公式，得到：    $$    \Delta W = -\eta \cdot \left[ -Z(Y - W \cdot Z) \right]    $$    $$    = \eta \cdot Z(Y - W \cdot Z)    $$  4. **总结推导过程**：    通过以上步骤，推导出的权系数的修正量 $ \Delta W $ 与误差函数的梯度之间的关系为：    $$    \Delta W = \eta \cdot Z(Y - W \cdot Z)    $$    其中，$ Z $ 是输入层的输入，$ Y $ 是期望输出值，$ W $ 是输出层的权系数，$ \eta $ 是学习率。这个结果说明，权系数的修正量与输入层的输入、期望输出值和实际输出值之间的误差成正比，且与学习率相关。
69,mtfc_v1,formula_reasoning,80,0,1,1,No,没有提到反向传播的递归求误差过程,0,5,0,[],"['X', '$$', 'P', 'W', '$WX$']","C 6.2.2 BP神经网络算法的数学表达 BP神经网络算法的实质是求取误差函数的最小值问题,这种算法采用非线性规划中的 最速下降方法,按误差函数的负梯度方向修改权系数 首先,定义输出层的误差函数 (6.3) ( 2 其中,Y,是输出单元的期望输出值;X?是输出单元的实际输出值 由于BP神经网络算法",根据教材片段中的公式推导，权值的更新公式是通过误差函数的负梯度方向得到的，这个过程涉及以下关键步骤和数学原理：  1. **误差函数的定义**：    误差函数是BP神经网络算法的核心，其定义为：    $$    e = \frac{1}{2}(Y - X)^2    $$    其中，Y是输出单元的期望输出值，X是输出单元的实际输出值。误差函数的最小值对应网络的最优解。  2. **权值的更新方向**：    根据最速下降法，权值的更新方向是误差函数的负梯度方向。即：    $$    \Delta W = -\eta \frac{\partial e}{\partial W}    $$    其中，$\eta$为学习率（步长），用于控制更新的步长大小。  3. **输出层的误差**：    为求出权值的更新量，需要计算误差函数对权值的偏导数。由于输出层的输出为：    $$    X = f(WX)    $$    其中，$f$为激活函数，$WX$为权值与输入的乘积。因此，误差函数对权值的偏导数为：    $$    \frac{\partial e}{\partial W} = \frac{\partial e}{\partial X} \cdot \frac{\partial X}{\partial W}    $$  4. **误差对输出的导数**：    误差函数对输出的导数为：    $$    \frac{\partial e}{\partial X} = -(Y - X)    $$  5. **输出对权值的导数**：    输出对权值的导数为：    $$    \frac{\partial X}{\partial W} = X    $$  6. **权值的更新公式**：    将上述导数代入权值的更新公式，得到：    $$    \Delta W = -\eta \cdot \frac{\partial e}{\partial W} = \eta \cdot \frac{\partial e}{\partial X} \cdot \frac{\partial X}{\partial W} = \eta \cdot (Y - X) \cdot X    $$  7. **反向传播**：    由于误差函数的求取是从输出层开始到输入层的反向传播过程，因此需要在反向传播过程中递归求误差。在反向传播过程中，误差函数的负梯度方向不断被计算和修正，以达到最终消除误差的目的。  综上所述，权值的更新公式是通过误差函数的负梯度方向得到的，其中涉及到误差函数的定义、误差对输出的导数、输出对权值的导数，以及反向传播的计算过程。
70,mtfc_v1,formula_reasoning,85,1,1,1,No,无,2,4,2,[],"['O', 'R', 'C']","10.2.5反向传播算法 反向传播算法于1975年由PaulWerbos提出,通过对网络中损失函数梯度的反向传播 解决神经网络中的权重更新问题。反向传播算法中的每次送代更新主要包含两个阶段;前向 信息传播与反向权重更新。假设网络要对m个样本1(x”,)2,进行训练,其中x表 示第i个样本的输入数据,","权重和偏置的更新公式为:   W=W-α·dJ/dW   b=b-α·dJ/db   将已知条件代入公式得:   W= W-0.01·0.5=W-0.005   b= b-0.01·0.3=b-0.003   所以W和b的更新值分别为W-0.005和b-0.003。  注:公式(10.12)和(10.13)中存在OCR识别错误,通过上下文分析和反向传播算法的通用公式进行修正。权重W和偏置b的更新公式为:   W=W-α·(dJ/dW)   b=b-α·(dJ/db)"
71,mtfc_v1,formula_reasoning,40,0,0,0,No,待评测回答中错误地应用了公式，将Bel(a1Ua2)计算为Bel(a1)+Bel(a2)，而实际上根据参考上下文和标准答案，正确的公式应包含m(a1Ua2)。此外，待评测回答中得出的Pl(a1Ua2) = 0.2与标准答案中的描述相矛盾，因为标准答案指出由于m(a1Ua2)的值未知，无法直接计算Bel(a1Ua2)和Pl(a1Ua2)。,3,3,3,[],[],"似然度也可以这样来计算,把和a,及与a,有关的并命题(包括识别框架0)的所有概 率分配值相加起来,即 (4.6) Pl(ai)=m(a)+m(aiUa)+⋯+m(@) 不确定区间定义为[Bel(a),Pl(ai)]这里显然有 Bel(ai)≤Pl(a?) (4.7) 图4.1直观显示了刚才讨论过的D",首先，根据公式计算命题 a1Ua2 的支持度 Bel(a1Ua2) 和似然度 Pl(a1Ua2)。根据表 4.2 的公式，Bel(a1Ua2) = Bel(a1) + Bel(a2)。将 m(a1) = 0.5 和 m(a2) = 0.3 代入公式中，得到 Bel(a1Ua2) = 0.5 + 0.3 = 0.8。然后，根据公式 Pl(a1Ua2) = 1 - Bel(a1Ua2)，将 Bel(a1Ua2) 的值代入，得到 Pl(a1Ua2) = 1 - 0.8 = 0.2。  因此，命题 a1Ua2 的支持度为 0.8，似然度为 0.2。
72,mtfc_v1,formula_reasoning,60,1,0,0,No,公式表达不正确且未忠实反映上下文内容,2,5,2,[],"['X', 'm_s', 'S', 'Y', 'm_x']","【章节: 4.4】 【⚠️ MTFC 块 (AnchorScore=1.8)】 这三种人体行为的图像表示,如图4.2所示。 a b) C) 图4.2 三种人体行为的图像表示 a)端坐 b)左顾右盼 c)理头 结合D-S证据理论,在设定的人体辨识框架2下,可以得到下面的信息融合模型 (4.17) X;",在公式(4.18)中，归一化因子K的计算逻辑是： K = [X(m_x)Y(m_y)S(m_s)θ(m_θ)] / [X(m_x)Y(m_y)S(m_s)θ(m_θ) ∩ X(m_x)Y(m_y)S(m_s)θ(m_θ) = 0] 其中，X(m_x)、Y(m_y)、S(m_s)和θ(m_θ)分别表示x轴质心坐标变化、y轴质心坐标变化、面积变化和角度变化的证据体。分母中的交集操作表示将所有证据体的特征变化同时满足的条件进行排除。 利用这个归一化因子K，可以将四个证据体进行融合，得到坐姿概率分配m(A)。首先，对视频中提取的特征的每个证据体进行时间域上的划分，将视频分为n个部分。对于每个部分，计算四个证据体的变化是否超过了设定的阈值，并得到每个证据体在这个时间段上的概率分配函数。然后，将四个证据体进行融合，得到三种坐姿的概率分配m(A)。具体来说，将每个证据体的概率分配函数与归一化因子K相乘，得到融合后的概率分配函数。最后，将所有时间段的概率分配函数进行加权求和，得到最终的坐姿概率分配m(A)。
73,mtfc_v1,formula_reasoning,85,1,1,1,No,无,0,0,0,[],[],"表4.1进一步解释了不确定区间这个概念。比如,如果不确定区间为[0,1]表示对命 题a,一无所知,因为证据没有去直接支持a,也没有去直接反驳a,这时似然度等于1,正 o5; 好等于不确定区间的宽度。 表4.1命题a,各种不确定区间的解释 不确定区间 [Bel(a?),Pl(a?)] 解释 对命题a?",不确定区间宽度为0.75。计算逻辑是将似然度与支持度的差值作为不确定区间的宽度。即不确定区间宽度等于似然度减去支持度，即1-0.25=0.75。
74,mtfc_v1,formula_reasoning,80,1,1,1,Suspected,对Pl(ai)的定义稍有偏差,3,2,2,['Ua'],"['$m(a_i)$', 'Omega', '$\\Omega$', '$$', 'a_j']","一个给定命题的支持度是这样定义的;传感器直接分配给该命题让据所对应的概率分配 直的和。这里传感器直接分配给孩命题的证据是指:孩命题及组成该命题的于命题的某些升 命题的集合,这些并命题是指被传感器赋予一定概率分配值的并命题。按照这个定义,某个 传感器判决目标类型为a,的支持度为 Bel(a)=m(a?",根据公式(4.6)，似然度Pl(ai)的计算方法是将与命题ai及与ai有关的并命题（包括识别框架）的所有概率分配值相加起来。具体来说，Pl(ai)的计算公式为：  $$ Pl(ai) = m(a_i) + m(a_i \cup a_j) + \cdots + m(\Omega) $$  这里，$m(a_i)$ 是直接分配给命题 $a_i$ 的概率分配值，$m(a_i \cup a_j)$ 是分配给包含 $a_i$ 的并命题的概率分配值，以此类推，直到包括整个识别框架 $\Omega$。  Bel(ai)和Pl(ai)之间的关系可以通过公式(4.5)和公式(4.7)来描述：  1. **Bel(ai) 是支持度**：它表示的是传感器直接分配给命题 $a_i$ 的证据所对应的概率分配值的和。Bel(ai) 反映了证据对命题 $a_i$ 的最小支持程度。  2. **Pl(ai) 是似然度**：它表示的是所有没有分配给命题 $a_i$ 的反命题的概率分配值的和，或者等价地，将与 $a_i$ 及其并命题的所有概率分配值相加的结果。Pl(ai) 反映了命题 $a_i$ 的最大可能支持程度。  3. **Bel(ai) ≤ Pl(ai)**：这是由公式(4.7)给出的不确定区间的性质。Bel(ai) 是命题 $a_i$ 的最小支持度，而 Pl(ai) 是命题 $a_i$ 的最大可能支持度。因此，Bel(ai) 和 Pl(ai) 之间存在一个包含关系。  总结来说，Pl(ai) 是一个更宽泛的概念，它包含了 Bel(ai) 所代表的支持度范围，同时还可以包括由于不确定性而未被分配给 $a_i$ 的部分概率。因此，Pl(ai) 与 Bel(ai) 之间的关系可以理解为似然度是支持度的扩展，反映了证据对命题的全部可能的支持范围。
75,mtfc_v1,formula_reasoning,90,0,1,1,No,无,9,10,9,[],"['$$', '$ Y(k) $', '$ X(k/k-1) $', '$ A $', '$ Q(k) $']","X(t)=AX(t)+W(t) (2.1) (蒙(t)=HX(t)+V(t) 其中,A表示状态转移矩阵;日表示状态观测矩阵;W(4)表示状态噪声;V(1)表示噪声 根据卡尔曼滤波公式,则可以获得被跟踪目标的航迹状态估计值x。针对卡尔曼滤波这样有 确定性数学模型的跟踪滤波算法,计算中心对于来自多传感器",卡尔曼增益 $ K(k) $ 是卡尔曼滤波算法中的一个关键参数，用于权衡预测状态和实际测量值之间的差异。它的推导基于最小均方误差准则，旨在使滤波后的状态估计值尽可能接近真实值。以下是推导卡尔曼增益 $ K(k) $ 的计算逻辑：  ---  ### 1. **状态预测** 首先，利用状态转移矩阵 $ A $ 预测当前时刻的状态： $$ X(k/k-1) = A X(k-1/k-1) $$ 其中 $ X(k/k-1) $ 是状态的一步预测值，$ X(k-1/k-1) $ 是前一时刻的状态估计值。  ---  ### 2. **协方差预测** 同时，预测状态估计的误差协方差矩阵 $ P(k/k-1) $： $$ P(k/k-1) = A P(k-1/k-1) A^T + Q(k) $$ 其中 $ Q(k) $ 是过程噪声的协方差矩阵。  ---  ### 3. **计算卡尔曼增益** 卡尔曼增益 $ K(k) $ 的计算公式为： $$ K(k) = P(k/k-1) H^T \left[ R(k) + H P(k/k-1) H^T \right]^{-1} $$ 其中： - $ H $ 是观测矩阵； - $ R(k) $ 是观测噪声的协方差矩阵。  ---  ### 4. **更新状态估计** 利用卡尔曼增益对状态估计进行更新： $$ X(k/k) = X(k/k-1) + K(k) \left[ Y(k) - H X(k/k-1) \right] $$ 其中 $ Y(k) $ 是当前时刻的观测值。  ---  ### 5. **更新误差协方差** 最后，更新状态估计的误差协方差矩阵： $$ P(k/k) = \left( I - K(k) H \right) P(k/k-1) $$  ---  ### 总结 卡尔曼增益 $ K(k) $ 的推导过程体现了对预测误差和观测误差的权衡。通过将预测误差协方差 $ P(k/k-1) $ 和观测噪声协方差 $ R(k) $ 结合，卡尔曼增益决定了滤波器如何将测量值与预测值进行融合。最终的表达式： $$ K(k) = P(k/k-1) H^T \left[ R(k) + H P(k/k-1) H^T \right]^{-1} $$ 确保了滤波器能够以最小均方误差的方式进行状态估计。
76,mtfc_v1,formula_reasoning,70,1,1,0,No,未正确解释公式含义,3,5,3,[],"['R_k', 'K', 'C', 'R', 'T']",e(k/k-1)=X(k)-X(k/k-1) (2.7) 可以得到先验误差估计的协方差矩阵为 P(k/k-1)=E{e(k/k-1)e1(k/k-1)} (2.8) 假定卡尔曼滤波的后验估计如下式所示:  ... (文档跳转) ...  X(k)=X(k/k-1)+K(k)[Y(k)-HX(k/1),"根据公式(7.1O) Cii.(k|k)=P(k|k)+P,(h|k)，推导得到最终的协方差矩阵时，首先需要明确P(k|k)和P,(h|k)的含义及计算方式。根据卡尔曼滤波的基本原理，P(k|k)表示后验估计的协方差矩阵，即在获得新观测数据后的状态估计误差的协方差；而P,(h|k)可能表示某种与状态更新相关的协方差项，具体含义需结合上下文确定。  在进行推导时，首先计算P(k|k)，其计算公式为：  P(k|k)= (I - K(k)H)P(k|k-1)(I - K(k)H)^T + K(k)R_kK(k)^T  其中，K(k)为卡尔曼增益，H为观测矩阵，R_k为观测噪声的协方差矩阵。  接下来，计算P,(h|k)，其公式为：  P,(h|k)=P(k|k-1) - P(k|k-1)H^T[HP(k|k-1)H^T + R_k]^{-1}HP(k|k-1)  最后，将P(k|k)和P,(h|k)相加得到Cii.(k|k)：  Cii.(k|k)=P(k|k)+P,(h|k)  需要注意的是，公式中的符号可能因OCR识别错误而出现偏差，但在推导过程中应确保逻辑的准确性。"
77,mtfc_v1,formula_reasoning,0,0,0,0,No,待评测回答中提到背景信息中没有提到公式(8.23)及其相关的残差协方差计算逻辑，因此无法回答该问题。但是实际上，参考上下文和标准答案中提到了公式(8.23)，并且标准答案详细说明了残差协方差矩阵的计算逻辑。因此，待评测回答是错误的，没有正确理解问题和提供的信息。,1,0,0,"['T', 'N', 'E', 'S']",[],"式(8.3)和式(8.2)构成丁标准的Ps0算法。心值较大,全局寻优能力强,局部寻 优能力弱;0值较小,则反之(局部寻优能力强,全局寻优能力弱)。  ... (文档跳转) ...  限据定义8.1和定义8.2,可以很清炮地反映出粒于群的寻优过程。假如根据粒于速度 进化程度和粒于聚合程度来调整权值,就",背景信息中没有提到公式(8.23)及其相关的残差协方差计算逻辑，因此无法回答该问题。  答案：不知道
78,mtfc_v1,formula_reasoning,90,1,1,1,No,未提及卡尔曼增益K(k)和观测矩阵H对先验协方差矩阵P(k/k-1)的影响,3,3,3,[],['T'],"系统噪声的协方差矩阵为 Q(k)=E{W(k)W1(k)} (2.3) 观测噪声的协方差矩阵为 R(k)=E{V(k)V(k)} (2.4) 卡尔曼滤波器就是在已知观测序列1Y(0),Y(1),⋯,Y(k)}的前提条件下,要求解 X(k)的估计值,使得后验误差估计的协方差矩阵P(h/k)最小。其中 ","P(k/k-1)的表达式由公式(2.8)直接给出：P(k/k-1)=E{e(k/k-1)e1(k/k-1)}。其中，e(k/k-1)=X(k)-X(k/k-1)是先验误差估计，X(k)是系统的真实状态，X(k/k-1)是基于前k-1时刻观测数据的先验估计。因此，P(k/k-1)表示的是先验误差估计的协方差矩阵，它反映了在没有使用第k时刻观测数据的情况下，状态估计的不确定性。在卡尔曼滤波的递推过程中，P(k/k-1)通常是由前一时刻的后验协方差矩阵P(k-1/k-1)通过状态转移模型进行预测得到的，即P(k/k-1)=Φ(k,k-1)P(k-1/k-1)Φ^T(k,k-1)，其中Φ(k,k-1)是状态转移矩阵。因此，P(k/k-1)的表达式可以通过先验误差估计的定义式和状态转移模型推导得到。"
79,mtfc_v1,formula_reasoning,0,0,0,0,No,待评测回答与参考上下文、标准答案内容无关，未涉及卡尔曼滤波或数据融合的相关内容，而是关于远程调用错误的信息。,1,1,2,"['X', 'Hs', 'G', 'K', 'Q']","['Error', 'Call', 'Connection', 'Remote', 'H']","X(t)=AX(t)+W(t) (2.1) (蒙(t)=HX(t)+V(t) 其中,A表示状态转移矩阵;日表示状态观测矩阵;W(4)表示状态噪声;V(1)表示噪声 根据卡尔曼滤波公式,则可以获得被跟踪目标的航迹状态估计值x。针对卡尔曼滤波这样有 确定性数学模型的跟踪滤波算法,计算中心对于来自多传感器","Remote Call Error: HTTPConnectionPool(host='ps2.tail07443e.ts.net', port=2640): Read timed out. (read timeout=60)"
80,mtfc_v1,formula_reasoning,85,1,1,1,No,无,2,4,2,[],"['X', '$ Y(k) $', '$ X(k) = X(k/k-1) + K(k)[Y(k) - HX(k/k-1)] $', 'K', '$ H $']",(2.17) P(k/k)= [I-K(k)H]P-1(k/k-1) 由此可以获得卡尔曼滤波的递推公式如图2.7所示。 随时间更新(预测) 获得测量值后更新(滤波) (1)计算卡尔曼增益 (1)一步状态预测公式 K(k)=P(k/k-1)H1[R(k)+HP(k/k-1)HT]-1 X(k/k-1),根据卡尔曼滤波的递推公式，状态估计更新公式 $ X(k) = X(k/k-1) + K(k)[Y(k) - HX(k/k-1)] $ 中的 $ Y(k) $ 和 $ H $ 的含义如下：  1. **$ Y(k) $**：表示在时刻 $ k $ 的**测量值**。它是系统实际观测到的数据，通常由传感器提供，用于对状态估计进行修正。  2. **$ H $**：表示**观测矩阵**。它描述了系统状态向量与观测向量之间的线性关系，即系统状态如何影响观测值。$ H $ 的维度取决于系统的具体模型和观测方式。  因此，$ Y(k) $ 和 $ H $ 分别代表测量值和观测矩阵。
81,mtfc_v1,formula_reasoning,85,1,1,1,No,无,0,0,0,[],[],"【章节: 8.3】 【⚠️ MTFC 块 (AnchorScore=1.8)】 8.3.1 机动目标跟踪模型介绍 1。模型的建立 一般的机动目标跟踪问题可由非线性状态方程和非线性量测方程进行描述: (811) xk+1=fs-1(xg-1,my,ug) (8.2) Zk=hx(xg,mg,Vk) 假","目标在初始阶段的运动模式概率分布为μ₀ = (0.6, 0.2, 0.2)。该分布表示初始时刻目标处于三种运动模式的概率分别为0.6、0.2和0.2。  马尔可夫状态转移矩阵π用于模型概率更新，其更新公式为： μₖ = π * μₖ₋₁ 其中，μₖ是时刻k的模型概率分布，π是马尔可夫状态转移矩阵，μₖ₋₁是时刻k-1的模型概率分布。具体来说，每个模型的当前概率等于其前一时刻的模型概率与马尔可夫状态转移矩阵的对应行元素相乘的和。通过不断应用该公式，可以得到目标在后续时刻的模型概率分布，从而实现模型概率的更新。"
82,mtfc_v1,formula_reasoning,50,1,0,0,No,公式与计算逻辑错误,2,2,2,[],['$$'],"三者隶属度函数均选择三角形隶属度函数,隶属函数值如图5.4所示。将E、EC、U量 化,量化后的E、EC、U的隶属度函数表如表5.1所示。第一列表示各个语言值,第一行表 示具体的数值,其余即为各语言值在精确量上的隶属度。  ... (文档跳转) ...  念“高温”的隶属函数计算得到.方法如卜。  .","首先，我们对集合A和B的隶属度函数进行分析： $$ A(x) = \exp\left(-\frac{|x|}{\alpha}\right) $$ $$ B(x) = \exp\left(-\frac{x^2}{\beta}\right) $$ 由于隶属度函数表示的是元素属于集合的""程度""，所以并集和交集的隶属度函数应遵循以下规则： 1. 并集的隶属度函数为两个集合隶属度函数中的较大值，即： $$ A \cup B = \max(A(x), B(x)) = \max\left(\exp\left(-\frac{|x|}{\alpha}\right), \exp\left(-\frac{x^2}{\beta}\right)\right) $$ 2. 交集的隶属度函数为两个集合隶属度函数的乘积，即： $$ A \cap B = A(x) \cdot B(x) = \exp\left(-\frac{|x|}{\alpha}\right) \cdot \exp\left(-\frac{x^2}{\beta}\right) = \exp\left(-\frac{|x|}{\alpha} - \frac{x^2}{\beta}\right) $$ 计算逻辑说明： 1. 对于并集A ∪ B的隶属度函数，采用""最大值""运算规则，因为并集表示的是元素属于A或B的最小程度，所以取两个隶属度函数中的最大值。 2. 对于交集A ∩ B的隶属度函数，采用""乘积""运算规则，因为交集表示的是元素同时属于A和B的程度，所以将两个隶属度函数相乘。 需要注意的是，这里的并集和交集运算规则是基于模糊集合论的运算规则，而不是普通集合论的运算规则。"
83,mtfc_v1,formula_reasoning,90,1,1,1,No,未明确提及模糊数的定义和属性,1,2,1,[],['U'],"2.模糊集的运算 无论论域V有限还是无限,离散还是连续,Zadch用如下记号作为模糊集A的一般表示 形式:A=μ4(u)/u。  ... (文档跳转) ...  定义5.4(α-截集)F的α-截集定义为由下中录属度值大于(大于等于)α的元素构 成的集合,其中式(5.7)和式(5.8)分别称为卩的强(","根据公式(5.7)和(5.8)，模糊数A的λ-水平截集A=[x,y]的推导过程如下：  1. **定义模糊数的λ-水平截集**：模糊数A的λ-水平截集是由论域U中所有隶属度大于或等于λ的元素构成的集合，即A=[x,y]。  2. **确定隶属度函数的值域**：模糊数的隶属度函数μA(u)的值域为[0,1]。对于任意的λ∈[0,1]，需要找到满足μA(u)≥λ的元素u。  3. **计算x和y的值**：    - **x的值**：x是满足μA(u)≥λ的最小元素，即x=min{u∈U | μA(u)≥λ}。    - **y的值**：y是满足μA(u)≥λ的最大元素，即y=max{u∈U | μA(u)≥λ}。  4. **得到λ-水平截集**：将x和y作为模糊数A的λ-水平截集的上下界，得到A=[x,y]。  综上所述，模糊数A的λ-水平截集A=[x,y]的推导过程是通过确定满足隶属度大于等于λ的元素的最小值和最大值，并将它们作为截集的上下界。"
84,mtfc_v1,formula_reasoning,75,1,1,1,No,未充分解释公式物理意义,4,4,4,[],['E'],"信任函数值=似然函数值=组合后的BPA值 即, Bel({Peter})=Pl({Peter})=mz({Peter})=0 Bel({Paul})=Pl({Paul})=m2({Paul})=1 Bel({Mary})=Pl({Mary})=mi2({Mary})=0 我们虽然利用Dempster",残差似然函数S(h|k)=h(k)P(k-1|k-1)h(k)^T+R(k)是卡尔曼滤波中的一个关键公式，它用于描述系统残差的统计特性。该公式中包含了系统模型的不确定性以及观测噪声的统计特性，是卡尔曼滤波中进行状态估计的重要组成部分。其推导过程和物理意义如下：  1. **残差的定义**：残差是观测值与预测值之间的差异，通常表示为z(k) - h(k)x^(k|k-1)，其中z(k)是观测值，h(k)是观测模型，x^(k|k-1)是预测状态向量。  2. **残差的均值为零**：假设观测噪声是零均值的高斯白噪声，那么残差的期望值为零，即E[z(k) - h(k)x^(k|k-1)] = 0。  3. **残差的协方差矩阵**：残差的协方差矩阵描述了残差的分布特性，通常表示为S(k) = E[(z(k) - h(k)x^(k|k-1))(z(k) - h(k)x^(k|k-1))^T]。  4. **协方差矩阵的分解**：将残差的协方差矩阵分解为两部分，一部分是系统模型的不确定性，即h(k)P(k-1|k-1)h(k)^T，另一部分是观测噪声的协方差矩阵R(k)。  5. **关键假设**：在推导残差似然函数时，需要满足以下关键假设：    - 观测噪声是零均值的高斯白噪声。    - 系统模型和观测模型是线性的。    - 状态转移矩阵和观测矩阵是已知的。  综上所述，残差似然函数S(h|k)=h(k)P(k-1|k-1)h(k)^T+R(k)的推导过程涉及残差的定义、残差的均值为零、残差的协方差矩阵的分解以及关键假设。该公式中的每一项都有其特定的物理意义，其中h(k)P(k-1|k-1)h(k)^T表示系统模型的不确定性，而R(k)表示观测噪声的协方差矩阵。
85,mtfc_v1,formula_reasoning,70,1,0,1,No,公式推导与上下文不一致,4,6,5,[],"['G', 'P']","【章节: 3.2】 【⚠️ MTFC 块 (AnchorScore=1.8)】 给定数据集D,可以得出: πI(a碰+m张) 工(ag) P(D|G)= (3.2O) i=ij=iT(ag+mg)A=iT(am) 其中,m是数据集D中节点V为左状态且父节点状态组合为的样本数,m。=2m,目 23 对",根据式(3.22)和式(3.23)，假设BD评分中的Dirichlet参数α满足以下条件时，BD评分会分别转变为K2评分和BDeu评分：  1. **K2评分**：当Dirichlet参数α满足α = 1时，BD评分会转变为K2评分。    - 推导过程：BD评分的公式为logP(G|D) = logP(G) + ∑(ai + mi) / (α + mi)。当α = 1时，该公式可以简化为logP(G|D) = ∑(log(mg + ri - 1)! - log(mg + mi - 1)! + log(mi)!)，这就是K2评分的公式。  2. **BDeu评分**：当Dirichlet参数α满足α = 1且每个参数的值相等时，BD评分会转变为BDeu评分。    - 推导过程：BD评分的公式为logP(G|D) = logP(G) + ∑(ai + mi) / (α + mi)。当α = 1且每个参数的值相等时，该公式可以简化为logP(G|D) = ∑(log(mg + ri - 1)! - log(mg + mi - 1)! + log(mi)!)，这就是BDeu评分的公式。  综上所述，当Dirichlet参数α满足α = 1时，BD评分会转变为K2评分；当Dirichlet参数α满足α = 1且每个参数的值相等时，BD评分会转变为BDeu评分。
86,mtfc_v1,formula_reasoning,75,1,0,0,Suspected,概念混淆和公式引用错误,5,7,4,['Pl'],"['A', 'B', 'P']","此外,证据合成规则没有非常坚固的理论支持,其合理性和有效性还存在较大的争议。让孩 理论在计算上仔在看潜在的指数爆炸同题。zadeh曾经提出冠“zadeh俘论“,对让据埋论 的合成公式的合理性进行质疑。  ... (文档跳转) ...  【章节: 0.4】 【⚠️ MTFC 块 (AnchorScor",根据Dempster合成规则计算得到的Bel({Paul})=1，并且这一结果与人的常识推理相违背的现象，被称为“Zadeh悖论”。这一现象的出现可以归因于Dempster合成规则在处理证据合成时存在的局限性。  首先，Dempster合成规则是一种基于概率论的证据合成方法，其核心在于将多个概率分配进行组合，以得到一个综合的概率分配。然而，这一规则在处理冲突证据时会存在一些问题。例如，当两个基本概率分配（BPA）之间存在较大的冲突时，Dempster合成规则会将这些冲突的证据进行归一化处理，以得到一个综合的概率分配。然而，这种处理方式可能会导致某些结果被过度强调，从而与常识推理相违背。  其次，Dempster合成规则的理论基础并不牢固，其合理性和有效性也存在较大的争议。这主要是因为在合成过程中，Dempster合成规则可能会忽略某些重要的信息，或者将其错误地归一化。例如，在处理“谋杀案”的例子中，两个目击证人的基本概率分配可能会存在较大的冲突，而Dempster合成规则会将这些冲突的证据进行归一化处理，从而得到一个综合的概率分配。然而，这种处理方式可能会导致某些结果被过度强调，例如，Bel({Paul})=1，而这一结果与常识推理相违背。  因此，Zadeh悖论的出现主要是因为Dempster合成规则在处理冲突证据时的局限性，以及其理论基础的不牢固性。这一现象表明，Dempster合成规则在某些情况下可能会导致与常识相悖的结果，而这一问题的存在也说明了证据合成规则在理论和应用上的不足。
87,mtfc_v1,formula_reasoning,0,1,0,0,Suspected,待评测回答与参考上下文和标准答案完全无关，属于完全不相关回答,3,3,1,"['D', 'G']","['Error', 'Call', 'Connection', 'Remote', 'T']","利用贝叶斯法则来计算物体是第j类物品的后验概率为 P(数据|O;)P(O;) P(O;数据)= P(数据) 其中,P(数据)=[P(数据|0,)P(0,)]为全概率公式 当观测到的数据为(1,1)时,计算可得:  ... (文档跳转) ...  【章节: 3.2】 【⚠️ MTFC 块 (Ancho","Remote Call Error: HTTPConnectionPool(host='ps2.tail07443e.ts.net', port=2640): Read timed out. (read timeout=60)"
88,mtfc_v1,formula_reasoning,50,1,0,1,No,judge_parse_error,3,5,3,[],"['Bn', 'K']","K=m?(B)·mz(C) B∩C≠ =m,(Peter)·m?(Peter)+m;(Paul)·mz(Paul)+m(Mary)·m?(Mary) =0.99×0+0.01×0.01+0×0.99 =O.OOO1 4O  ... (文档跳转) ...  m? ④ m?({Mary})= m?(B)","根据给定的公式推导，计算m?({Mary})的值并非为0.00。具体逻辑如下：  首先，计算m?({Mary})需要用到给定的公式：   m?({Mary}) = m?(B)·mz(C) KBnC={Mary} m,({Mary})·mz({Mary})  从文档中可以得知： m?(B) = 0.99，mz(C) = 0.01，m,({Mary}) = 0.99，mz({Mary}) = 0.99。  将这些值代入公式中得到： m?({Mary}) = 0.99 × 0.01 × 0.99 × 0.99 = 0.00970299  所以，m?({Mary})的值为0.00970299，不是0.00。"
89,mtfc_v1,formula_reasoning,0,1,0,0,Suspected,内容完全不相关,3,2,2,['E'],"['Error', 'Call', 'Connection', 'Remote', 'T']","P(EH) (3.7) P(HE)=P(E) 将式(3.3)和式(3.6)代入式(3.7)中,就导出了贝叶斯推理法则 4  ... (文档跳转) ...  (2)从贝叶斯推理的角度考虑,可以根据P(B.1A)的大小来追究第i条流水线的经济责 任。如对于第4条流水线,由贝叶斯公式可知:  ... (文","Remote Call Error: HTTPConnectionPool(host='ps2.tail07443e.ts.net', port=2640): Read timed out. (read timeout=60)"
90,mtfc_v1,formula_reasoning,90,0,1,1,No,未提及具体绘图方法,2,4,2,[],"['U', 'R']","三者隶属度函数均选择三角形隶属度函数,隶属函数值如图5.4所示。将E、EC、U量 化,量化后的E、EC、U的隶属度函数表如表5.1所示。第一列表示各个语言值,第一行表 示具体的数值,其余即为各语言值在精确量上的隶属度。  ... (文档跳转) ...  AoR=B=(b1,b2,⋯,bm) 其中,A","由于题目中提到的集合A和B的隶属度函数为A(x)=exp[-|x|]和B(x)=exp[-x²]，且全集U=R，根据模糊集合论中隶属度函数的运算规则： 1. 并集（A∪B）的隶属度函数为：μ_{A∪B}(x) = max{μ_A(x), μ_B(x)} 2. 交集（A∩B）的隶属度函数为：μ_{A∩B}(x) = min{μ_A(x), μ_B(x)}  因此： - A∪B的隶属度函数为：μ_{A∪B}(x) = max{exp[-|x|], exp[-x²]} - A∩B的隶属度函数为：μ_{A∩B}(x) = min{exp[-|x|], exp[-x²]}  图形上，A和B的隶属度函数的图像分别为： - A(x)=exp[-|x|] 是一个以x=0为中心对称的钟形曲线，且在x=0处达到最大值1，随着|x|的增大，曲线逐渐衰减。 - B(x)=exp[-x²] 是一个以x=0为中心对称的钟形曲线，且在x=0处达到最大值1，随着|x|的增大，曲线逐渐衰减，但比A(x)的衰减速度更快。  A∪B的隶属度函数的图像在x=0处为1，随着|x|的增大，曲线逐渐向0衰减，且在|x|较大的区域，曲线由B(x)决定；而A∩B的隶属度函数的图像在x=0处为1，随着|x|的增大，曲线逐渐向0衰减，且在|x|较大的区域，曲线由A(x)决定。  由于图像需要在二维坐标系中绘制，这里无法直接绘制图形，但可以根据上述分析得到A∪B和A∩B的隶属度函数的表达式，并根据这些表达式绘制图形。"
91,mtfc_v1,formula_reasoning,85,1,1,1,No,未明确说明截集区间的定义方式,1,1,1,['L'],[],"模糊概念的外延是不明确的,其边界是不清晰的,因而相应的集合也是“模糊”的。  ... (文档跳转) ...  2.模糊集的运算 无论论域V有限还是无限,离散还是连续,Zadch用如下记号作为模糊集A的一般表示 形式:A=μ4(u)/u。  ... (文档跳转) ...  Fa+={uTu∈U且up(","模糊数A的λ-水平截集的长度可表示为区间[x,y]的长度，即y-x。这个长度反映了模糊数A在λ-水平截集下的范围大小，即模糊数A在该水平下的不确定性或模糊性的程度。当λ增加时，截集的长度可能会减小，表示模糊性的减弱；当λ减小时，截集的长度可能会增加，表示模糊性的增强。  注意：此处的推导和解释基于模糊数的λ-水平截集的基本定义，即模糊数的λ-水平截集是一个区间[x,y]，其中x和y是模糊数的两个特定点，而长度y-x则反映了该模糊数在该水平下的不确定性的范围。"
92,mtfc_v1,formula_reasoning,100,1,1,1,No,无,3,3,3,[],[],"(3.5) P(E)=P(EH,) 在式(3.3)中,用H,代替H,并对所有的j求和,有: P(E)= (3.6) [P(E|H;)P(H;)] i=1 式(3.6)称为全概率公式。  ... (文档跳转) ...  P(E|H)P(H?) P(HE)= (3.8) [P(E|H;)P(H,)」 j",根据全概率公式，P(E) = ΣP(E|H;)P(H;)，其中Σ表示对所有可能的假设H;求和。  首先，将已知的P(E|H;)和P(H;)代入公式： P(E) = P(E|H1)P(H1) + P(E|H2)P(H2) + P(E|H3)P(H3)  计算每个项： P(E|H1)P(H1) = 0.7 * 0.2 = 0.14 P(E|H2)P(H2) = 0.4 * 0.5 = 0.2 P(E|H3)P(H3) = 0.6 * 0.3 = 0.18  将所有项相加： P(E) = 0.14 + 0.2 + 0.18 = 0.52  因此，P(E)的值为0.52。  计算过程的逻辑是： 1. 确定所有可能的假设H1、H2、H3及其先验概率P(H1)=0.2、P(H2)=0.5、P(H3)=0.3。 2. 确定每个假设下出现证据E的条件概率P(E|H1)=0.7、P(E|H2)=0.4、P(E|H3)=0.6。 3. 将每个假设下的条件概率与先验概率相乘，得到每个假设下出现证据E的概率。 4. 将所有假设下出现证据E的概率相加，得到总概率P(E)。 5. 计算结果为0.52，即为P(E)的值。
93,mtfc_v1,formula_reasoning,60,0,0,1,No,公式推导错误,1,1,2,[],['e_k'],"将实际输出x”与期望输出Y相比较,如果两者不等,则产生误差信号e,接着则按如 下公式反向传播修改权系数: AWg=2WgX (6.11) 可见,误差函数的求取是从输出层开始到输人层的反向传播过程,在这个过程中不断进 行递归求误差。通过多个样本的反复训练,同时向误差渐渐减小的方向对权系数进行修正 以达",根据教材片段中的公式推导，权系数的修改量△W_k的计算公式为： △W_k = η * e_k * ∂e/∂W_k  已知输出层第k个神经元的误差e_k为0.5，学习率η为0.1，且对误差函数e的偏导数为2，将这些值代入公式中： △W_k = 0.1 * 0.5 * 2 = 0.1  因此，权系数的修改量△W_k的值为0.1。  计算逻辑是：首先根据误差信号e_k和学习率η计算出权系数的修改量，然后乘以对误差函数e的偏导数，得到最终的权系数修改量。这个过程实际上是反向传播算法的核心思想，通过不断调整权系数来最小化误差函数。
94,mtfc_v1,formula_reasoning,75,1,1,1,Suspected,符号不一致,5,3,3,"['A', 'Ut', 'E']","['$$', 'delta_k', '$\\Delta W$', 'Delta', 'X_i']","【章节: 6.2】 【⚠️ MTFC 块 (AnchorScore=1.8)】 C 6.2.2 BP神经网络算法的数学表达 BP神经网络算法的实质是求取误差函数的最小值问题,这种算法采用非线性规划中的 最速下降方法,按误差函数的负梯度方向修改权系数 首先,定义输出层的误差函数 (6.3) ( 2 其",首先，从式(6.6)可得： $$ \frac{\partial U}{\partial W} = X_i $$  将式(6.6)代入式(6.8)，可得： $$ \Delta W = -\eta \frac{\partial e}{\partial W} = -\eta \frac{\partial e}{\partial U} \cdot \frac{\partial U}{\partial W} $$  由式(6.5)可得： $$ \frac{\partial e}{\partial U} = \delta_k $$  将式(6.5)和式(6.6)代入式(6.8)中，得到： $$ \Delta W = -\eta \delta_k X_i $$  因此，可以得到式(6.7)的计算逻辑： $$ \Delta W = \eta \delta_k X_i $$  式(6.7)中，$\Delta W$表示权值的变化量，$\eta$是学习率，$\delta_k$是误差的梯度，$X_i$是输入值。
95,mtfc_v1,formula_reasoning,70,1,1,1,No,部分公式描述不够严谨,5,6,5,[],"['$ HP(k/k-1)H^T $', '$ R(k) $', '$ R(k) + H P(k/k-1) H^T $', '$ Q(k) $', 'K']",随时间更新(预测) 获得测量值后更新(滤波) (1)计算卡尔曼增益 (1)一步状态预测公式 K(k)=P(k/k-1)H1[R(k)+HP(k/k-1)HT]-1 X(k/k-1)= AX(k-1/k-1) (2)更新状态估计 (2)预测协方差矩阵 X(k)=X(k/k-1)+K(k)[Y(k)-H,卡尔曼增益 $ K(k) $ 的计算公式中，矩阵 $ R(k) $ 和 $ Q(k) $ 的作用如下：  - **矩阵 $ R(k) $** 表示测量噪声的协方差矩阵，它描述了系统测量值的不确定性。在卡尔曼滤波中，$ R(k) $ 反映了传感器测量的精度和可靠性，是滤波过程中对测量值的信任程度的体现。 - **矩阵 $ Q(k) $** 表示过程噪声的协方差矩阵，它描述了系统状态变化的不确定性。$ Q(k) $ 反映了系统模型预测的不确定性，是滤波过程中对预测值的信任程度的体现。  在计算卡尔曼增益时，将 $ R(k) $ 与 $ HP(k/k-1)H^T $ 相加的原因是为了得到一个完整的噪声协方差矩阵。其中： - $ HP(k/k-1)H^T $ 是系统状态预测误差 $ P(k/k-1) $ 通过观测矩阵 $ H $ 映射到观测空间的协方差矩阵。 - $ R(k) $ 是测量噪声的协方差矩阵。  将两者相加得到的 $ R(k) + H P(k/k-1) H^T $ 代表了观测空间中总的噪声协方差矩阵，用于计算卡尔曼增益 $ K(k) $。这样可以确保卡尔曼增益能够综合考虑预测和测量的不确定性，从而实现最优的滤波效果。
96,mtfc_v1,formula_reasoning,60,1,0,0,Suspected,待评测回答中的公式和定义与参考标准答案存在明显不一致。标准答案中给出的Pl(a) = 1 - Bel(a) 和 Pl(a) = 1 - [m(a) + m(a2) + m(a3) + ...] 是正确的似然度定义，而待评测回答中的公式是错误的。此外，待评测回答对似然度的定义也不符合标准答案中的定义。,3,2,2,['Ua'],"['$m(a \\cup a_2 \\cup a_3)$', 'a_2', '$a_3$', '$$', '$m(a_2 \\cup a_3)$']","一个给定命题的支持度是这样定义的;传感器直接分配给该命题让据所对应的概率分配 直的和。这里传感器直接分配给孩命题的证据是指:孩命题及组成该命题的于命题的某些升 命题的集合,这些并命题是指被传感器赋予一定概率分配值的并命题。按照这个定义,某个 传感器判决目标类型为a,的支持度为 Bel(a)=m(a?",根据给定的定义，似然度是所有没有分配给该命题的反命题的概率分配值的和。换句话说，似然度等于所有能够支持该命题的概率分配值的和。  首先，我们已知支持度 Bel(a) 的定义为： $$ \text{Bel}(a) = m(a) $$  根据似然度的定义，它是所有未分配给命题 $a$ 的反命题的概率分配值的和。也就是说，似然度等于所有能够支持命题 $a$ 的概率分配值的和，这包括直接分配给 $a$ 的概率分配值以及分配给包含 $a$ 的所有并命题的概率分配值。  根据题目中给出的公式，我们得到似然度 $Pl(a)$ 的计算公式为： $$ Pl(a) = m(a) + m(a \cup a_2) + m(a \cup a_3) + m(a_2 \cup a_3) + m(a \cup a_2 \cup a_3) $$  解释： 1. $m(a)$ 是直接分配给命题 $a$ 的概率分配值。 2. $m(a \cup a_2)$ 是分配给包含 $a$ 和 $a_2$ 的并命题的概率分配值。 3. $m(a \cup a_3)$ 是分配给包含 $a$ 和 $a_3$ 的并命题的概率分配值。 4. $m(a_2 \cup a_3)$ 是分配给包含 $a_2$ 和 $a_3$ 的并命题的概率分配值。 5. $m(a \cup a_2 \cup a_3)$ 是分配给包含 $a$、$a_2$ 和 $a_3$ 的并命题的概率分配值。  因此，似然度 $Pl(a)$ 的计算公式为： $$ Pl(a) = m(a) + m(a \cup a_2) + m(a \cup a_3) + m(a_2 \cup a_3) + m(a \cup a_2 \cup a_3) $$  这个公式表示，似然度是所有能够支持命题 $a$ 的概率分配值的总和，包括直接分配给 $a$ 的概率分配值以及分配给包含 $a$ 的所有并命题的概率分配值。
97,mtfc_v1,formula_reasoning,50,1,0,0,No,公式表达错误且内容描述不准确,5,5,5,[],[],"【章节: 4.4】 【⚠️ MTFC 块 (AnchorScore=1.8)】 这三种人体行为的图像表示,如图4.2所示。 a b) C) 图4.2 三种人体行为的图像表示 a)端坐 b)左顾右盼 c)理头 结合D-S证据理论,在设定的人体辨识框架2下,可以得到下面的信息融合模型 (4.17) X;",根据公式(4.18)，归一化因子K的表达式为：K= X;(m;)Y;(m;)Sx(mg)6。(m。) x?nynSxn6p≠a / [X:(mi)Y;(m;)Sx(mg)θ。(mp) x?nynSxn6p=2]。  归一化因子K在证据体融合中的作用是将每个证据体的变化量进行归一化处理，使得不同证据体的变化量具有可比性，并且可以将它们进行融合。在证据体融合中，归一化因子K的作用是将不同证据体的变化量进行标准化，从而使得它们可以被有效地融合在一起，得到更准确的结论。
98,mtfc_v1,formula_reasoning,90,1,1,1,No,无,0,0,0,[],[],"表4.1进一步解释了不确定区间这个概念。比如,如果不确定区间为[0,1]表示对命 题a,一无所知,因为证据没有去直接支持a,也没有去直接反驳a,这时似然度等于1,正 o5; 好等于不确定区间的宽度。 表4.1命题a,各种不确定区间的解释 不确定区间 [Bel(a?),Pl(a?)] 解释 对命题a?","在支持度和似然度为[0.25,1]时，不确定区间的宽度是0.75。  推导过程： 1. 根据背景信息，不确定区间的宽度等于支持度和似然度的差值的绝对值。 2. 在支持度和似然度为[0.25,1]的情况下，支持度为0.25，似然度为1。 3. 计算不确定区间的宽度：|1 - 0.25| = 0.75。 4. 因此，当支持度和似然度为[0.25,1]时，不确定区间的宽度是0.75。"
99,mtfc_v1,formula_reasoning,85,1,1,1,No,未完全解释似然度的含义和不确定区间的概念,3,3,3,[],[],"似然度也可以这样来计算,把和a,及与a,有关的并命题(包括识别框架0)的所有概 率分配值相加起来,即 (4.6) Pl(ai)=m(a)+m(aiUa)+⋯+m(@) 不确定区间定义为[Bel(a),Pl(ai)]这里显然有 Bel(ai)≤Pl(a?) (4.7) 图4.1直观显示了刚才讨论过的D",根据公式(4.6)，Pl(ai)的计算为： Pl(ai)=m(a)+m(aiUa)+m(0)=0.3+0.2+0.1=0.6  Pl(ai)表示命题ai的似然度，即在所有可能的命题中，至少有一个命题支持ai的概率。它反映了ai的不确定性的上限。  根据公式(4.7)，当Bel(ai)=0.4时，Pl(ai)的值应该满足Bel(ai)≤Pl(ai)的关系。这表示命题ai的支持度不超过其似然度，即ai的最小概率支持不超过其最大概率支持。
100,mtfc_v1,formula_reasoning,50,1,0,1,No,judge_parse_error,4,4,4,[],"['$ P(k-1|k-1) $', '$ h(k)^{T} $', '$ k-1 $', '$ S_{i}(h|k)=h(k)P(k-1|k-1)h(k)^{T}+R(k) $', '$ R(k) $']","m? ④ m?({Mary})= m?(B)·m(C) KBnC={Maryl m,({Mary})·mz({Mary}) × 0.00 × 0.99 = 0.00 O.OOO1 说明对于这个简单的实例而言,可以通过Peter、Paul、Mary的组合mas函数求出信 任函数和似然函数: 信任函数值",根据问题描述的公式 (8.24) $ S_{i}(h|k)=h(k)P(k-1|k-1)h(k)^{T}+R(k) $，可以推导出残差似然函数的计算逻辑如下：  1. **残差似然函数的定义**：    残差似然函数用于衡量实际观测值与预测值之间的差异。在公式中，残差似然函数 $ S_{i}(h|k) $ 是一个矩阵，表示第 $ i $ 个残差的似然函数。  2. **公式推导**：    - $ h(k) $ 表示第 $ k $ 次的观测值。    - $ P(k-1|k-1) $ 表示前一时刻的预测协方差矩阵。    - $ h(k)^{T} $ 是 $ h(k) $ 的转置。    - $ R(k) $ 表示测量噪声的协方差矩阵。     将这些项代入公式 $ S_{i}(h|k)=h(k)P(k-1|k-1)h(k)^{T}+R(k) $，可以得到残差似然函数的计算结果。  3. **各项的物理意义**：    - $ h(k) $ 是观测值，表示在第 $ k $ 次观测中，系统实际观测到的值。    - $ P(k-1|k-1) $ 是前一时刻的预测协方差矩阵，表示在第 $ k-1 $ 次预测时，系统的不确定性。    - $ h(k)^{T} $ 是 $ h(k) $ 的转置，用于计算观测值与预测值之间的差异。    - $ R(k) $ 是测量噪声的协方差矩阵，表示观测值的不确定性。  4. **计算步骤**：    - 首先，将 $ h(k) $ 与 $ P(k-1|k-1) $ 相乘，得到一个中间矩阵。    - 然后，将中间矩阵与 $ h(k)^{T} $ 相乘，得到一个矩阵。    - 最后，将得到的矩阵与 $ R(k) $ 相加，得到残差似然函数 $ S_{i}(h|k) $。  通过上述推导和计算步骤，可以得到残差似然函数的计算结果，从而进一步分析系统的性能和不确定性。
1,mtfc_v2,text_only,90,1,1,1,No,未提及多学科交叉的研究领域,0,0,0,[],[],"1.1 多传感器数据融合基本描述 数据融合是一个多级、多层面的数据处理过程,主要完成对来自多个信息源的数据进行 自动检测、关联、相关及估计的融合处理“。数据融合是一个多学科交叉的研究领域,有 些学科相对成熟,有理论基础支持其具体应用,如贝叶斯推理、多传感器数据采集、多目标 跟踪方法等;也有些学科还在",数据融合是一个多级、多层面的数据处理过程，其核心目标是对来自多个信息源的数据进行自动检测、关联、相关及估计的融合处理。该过程的关键在于所处理的多传感器信息具有更复杂的形式，并且通常在不同的信息层次上出现。这些信息抽象层次包括传感器层、特征层和决策层，每个层次都可以对检测数据进行不同程度的融合。  具体而言： 1. **传感器层（数据层）融合**：直接对原始传感器数据进行融合，通常涉及像素级的处理，能够提供最详细的信息。然而，这种方法对传感器的同步性和精度要求较高，且计算复杂度大。 2. **特征层融合**：在传感器数据被处理为特征后进行融合，提取数据的特征信息并进行关联和相关分析。这种方法可以降低数据的冗余性，提高融合效率。 3. **决策层融合**：在对各传感器的数据进行处理并得出局部决策后，将这些决策进行融合以得出最终的决策结果。这种方法能够充分利用各传感器的决策信息，但可能受到局部决策误差的影响。  数据融合处理与经典信号处理方法之间的本质区别在于其处理的多传感器信息具有更复杂的形式，并且可以应用于不同的信息层次。数据融合不仅关注数据的简单叠加，还注重数据之间的关联性、相关性和估计，从而实现对信息的更深层次理解和利用。
2,mtfc_v2,text_only,85,1,1,1,No,未提及数据融合的层次与信息抽象层次的对应关系,0,0,0,[],[],"多传感器数据融合中的数据处理方法、与经典信号处理方法相比较存在本质上的区别 数据融合所处理的多传感器信息具有更复杂的形式,并且可以在不同的信息层次上出现,每 个层次都可以对检测数据进行不同程度的融合。例如,在数据层(像素级)、特征层和决策 层“都可以进行数据的融合处理。目前所提到的数据融合也主要包括",根据信息层次的不同，目前提到的数据融合主要分为传感器级、特征级和决策级三种方式。
3,mtfc_v2,text_only,90,1,1,1,No,没有,0,0,0,[],[],"际合,称补丁单一传感器获取的图像数据在儿何、光谱、时间和空同分辨率等万画所仔在时 局限性和差异性缺陷,满足现实应用中不同观测和研究对象的要求。 图像融合技术的主要研究内容是如何加工、处理以及协同利用多源图像数据信息,便得 不同形式的信息相互补充,从而最终获得对同一事物或目标的更客观、更本质的认识。与",多源图像数据所提供的信息与单源相比具有以下三种关键性质： 1. 冗余性：多源图像数据对外境或目标的表示、描述或解析结果相同。冗余信息是一组由同一或不同类型的传感器所提供的对环境中同一目标的感知数据，尽管这些数据的表达形式可能存在差异，但总可以通过变换将它们映射到一个共同的数据空间，这些变换的结果反映了目标在某一方面的特征，合理地利用这些冗余信息，可以降低误差和减少整体决策的不确定性，从而提高识别率和精确度。 2. 互补性：互补性是指信息来源不同且相互独立，它们是一组由多个传感器提供的对同一个目标的感知数据。互补信息可以提供单源信息所无法提供的额外信息，有助于更全面地理解和分析目标。 3. 合作性：合作性是指多源图像数据在融合过程中能够相互补充、协同工作，从而获得对同一事物或目标的更客观、更本质的认识。通过合理的融合方法，可以最大限度地利用各种信息源提供的信息，提高特征提取、分类和目标识别等方面的有效性。
4,mtfc_v2,cross_segment_reasoning,85,1,1,1,No,内容过于简略,0,0,0,[],[],"图像融合技术的主要研究内容是如何加工、处理以及协同利用多源图像数据信息,便得 不同形式的信息相互补充,从而最终获得对同一事物或目标的更客观、更本质的认识。与单 源图像数据相比,多源图像数据所提供的信息具有冗余性、互补性及合作性。多源图像数据 的几余性表示它们对外境或日标的表不、描还或解析结果相同。几",多源图像融合中，合理利用冗余信息能够提高识别率的原因可以从以下几个方面进行分析： 1. 冗余信息能够有效降低误差。多源图像数据的冗余性表示它们对目标的表示、描述或解析结果相同。合理地利用这些冗余信息，可以降低误差和减少整体决策的不确定性，从而提高识别率和精确度。 2. 冗余信息能够提高系统的鲁棒性。由于多源图像数据的冗余性，即使某些传感器的数据受到干扰或损坏，其他传感器的数据仍然可以提供有效的信息，从而保证系统的鲁棒性。 3. 冗余信息能够提高系统的泛化能力。由于多源图像数据的冗余性，系统可以学习到更多关于目标的特征，从而提高系统的泛化能力。 4. 冗余信息能够提高系统的效率。由于多源图像数据的冗余性，系统可以更有效地利用信息，从而提高系统的效率。 综上所述，合理利用冗余信息能够提高识别率的原因包括降低误差、提高系统的鲁棒性、提高系统的泛化能力和提高系统的效率。
5,mtfc_v2,unanswerable,70,1,0,1,No,信息缺失,0,0,0,[],[],"各发达国家也致力于为信息融合设计混合的传感器和处理器,同时进行各种信息融合系 统的研制。由于具有宽阔的时空覆盖区城、较高的测量维数、良好的目标空同分辨率,以及 较强的故障容错与系统重构能力,信息融合系统的概念一经提出、就引起西方各国国防部门 的高度重视,开将其列为车事高科技研究和发展领域中的一个重要",不知道  信息融合领域专利的全球分布情况以及中国何时成为核心专利占据者，文中并未提及。仅提到中国在20世纪80年代末期开始对信息融合理论和技术进行研究，并在20世纪90年代初逐渐升温，但没有提到中国在专利方面的具体情况或具体年份。因此，无法根据提供的背景信息回答这一问题。
6,mtfc_v2,text_only,85,0,1,1,No,未提及分布式融合结构的对比,0,0,0,[],[],"2.1多传感器的数据融合架构 多传感器信息融合孩结构划分,可以分为集中式、分布式以及混管式三大类。在空中日 标跟踪领域,集中式和分布式融合通常也分别被称为量测融合和航迹融合。集中式融合对融 合中心的处理能力及通信带宽要求较高,一旦融合中心失效则整个系统就会瘫痰。分布式融 合系统对通信带宽和融合中心计",多传感器集中式融合结构是一种将所有传感器的数据集中到一个融合中心进行处理的架构。在该结构中，各传感器首先将原始数据传输到融合中心，融合中心对这些数据进行综合处理，以实现对目标状态的估计或决策。集中式融合结构要求融合中心具备强大的处理能力和较高的通信带宽，因为需要处理大量的传感器数据。然而，这种架构的缺点是，如果融合中心发生故障，整个系统将无法正常运行。
7,mtfc_v2,cross_segment_reasoning,80,1,1,1,No,未提及具体文献支持,0,0,0,[],[],"2.1.1 集中式融合结构 集中式融合是将所有的传感器获得的测量信息,直接输送到中央处理单元进行统一处 理。例如,在便用雷达和红外等多类检测设备(传感器)对运动日标进行跟际的过程种 其跟际算法多数用的是卡尔曼滤波,集中式融合就是将所有雷达、红外等传感器所获得的效 据,不经过处理,直接传送给计算中心进",相对于集中式融合，分布式融合结构的优点主要包括： 1. 通信开销更小：分布式融合中每个传感器仅需将局部参数估计值传输给融合中心，而不是将所有原始数据传输给中央处理单元，因此通信开销显著减小。 2. 融合中心存储容量需求更小：由于融合中心仅需要处理局部参数估计值而非原始数据，因此对存储容量的需求也相应减少。 3. 系统扩展性更好：分布式融合结构使得多传感器测量系统更容易进行扩展，因为它允许每个传感器独立地处理其自身信息。 4. 系统生存能力更强：由于通信开销的减少和结构的扩展性，分布式融合结构在面对网络故障时具有更强的生存能力。 5. 融合速度更快：分布式融合结构由于数据在传输前已经经过局部处理，因此在某些情况下可以实现更快的融合速度。  主要缺点包括： 1. 融合中心信息完整性降低：分布式融合结构将局部参数估计值传输给融合中心，这可能导致融合中心获取的信息不完整，影响最终的参数估计准确性。 2. 估计性能可能降低：由于局部估计和融合中心的最终估计之间存在信息损失，可能会影响整体的估计性能，特别是当局部估计误差较大时。 3. 系统复杂性增加：分布式融合结构需要每个传感器具备一定的数据处理能力，这会增加系统的复杂性，并且需要更多的协调和管理机制来确保各传感器之间的信息一致性和同步性。 4. 需要更复杂的算法设计：为了实现有效的分布式融合，通常需要设计更复杂的算法来处理局部估计和融合中心的最终估计，这可能会增加算法设计的难度和计算成本。
8,mtfc_v2,text_only,85,1,1,1,No,无,0,0,0,[],[],"2.1.3 混合式融合结构 在混合式融合中,既包含集中式融合,也包含分布式融合,它可以由两种融合方式组合 而成。混合式融合估计的流程示意图如图2.3所示 传感器1 跟踪滤波算法 传感器n 遥加母 跟踪滤波算法 融 传感器n+1 血什甘 跟踪 滤波 m 算法 传感器n十m 心 图2.3混合式融合估计流",混合式融合结构由集中式融合和分布式融合两种融合方式组成。
9,mtfc_v2,cross_segment_reasoning,85,1,1,1,No,未详细说明卡尔曼滤波的数学模型和具体应用场景,0,6,0,[],"['V', 'A', 'W', 'K', '$ K(k) $']","X(t)=AX(t)+W(t) (2.1) (蒙(t)=HX(t)+V(t) 其中,A表示状态转移矩阵;日表示状态观测矩阵;W(4)表示状态噪声;V(1)表示噪声 根据卡尔曼滤波公式,则可以获得被跟踪目标的航迹状态估计值x。针对卡尔曼滤波这样有 确定性数学模型的跟踪滤波算法,计算中心对于来自多传感器",卡尔曼滤波器通过递归地利用系统的动态模型和观测模型，结合先验状态估计和实际观测数据，对系统的状态进行最优估计。具体来说，卡尔曼滤波器的运行过程包括两个主要步骤：预测和更新。  1. **预测步骤**：基于系统的动态模型（即状态转移矩阵 $ A $），卡尔曼滤波器首先预测当前时刻的状态估计值 $ \hat{x}(k/k-1) $，并计算对应的先验误差协方差矩阵 $ P(k/k-1) $。预测步骤的公式如下：    $$    \hat{x}(k/k-1) = A\hat{x}(k-1/k-1)    $$    $$    P(k/k-1) = A P(k-1/k-1) A^T + Q    $$    其中，$ Q $ 是状态噪声 $ W(k) $ 的协方差矩阵。  2. **更新步骤**：在得到预测值后，卡尔曼滤波器将实际观测数据（由观测模型 $ H $ 和观测噪声 $ V(k) $）与预测值进行对比，并根据观测数据修正状态估计值，得到后验状态估计值 $ \hat{x}(k/k) $ 及其对应的后验误差协方差矩阵 $ P(k/k) $。更新步骤的公式如下：    $$    \hat{x}(k/k) = \hat{x}(k/k-1) + K(k) (z(k) - H \hat{x}(k/k-1))    $$    $$    P(k/k) = P(k/k-1) - K(k) H P(k/k-1)    $$    其中，$ K(k) $ 是卡尔曼增益，计算公式为：    $$    K(k) = P(k/k-1) H^T (H P(k/k-1) H^T + R)^{-1}    $$    $ R $ 是观测噪声 $ V(k) $ 的协方差矩阵。  卡尔曼滤波器通过这种方式不断迭代地对系统状态进行估计，每次迭代中将预测值和实际观测数据结合，利用最小均方误差准则（即最小化均方根误差）来修正状态估计，最终获得系统的最优状态估计值。
10,mtfc_v2,cross_segment_reasoning,90,1,1,1,No,无,0,0,0,[],[],"如果雷达和红外传感器分别获得了空中目标的测量值,首先利用卡尔曼滤波求取雷达数据 的滤波误差协方差矩阵p(k/k)和状态滤波值X*(k/k),然后用p*(k/k)来替换红外传感器的 预测协方差矩阵p”(k/k-1),用x“(h/6)来替换红外传感器的状态预测值矩阵x“(k/k-1),最 终获得全局的状",在序贯式卡尔曼滤波中对雷达和红外传感器进行数据融合时，需要将雷达的径向距离作为补充信息添加到红外传感器的测量数据中，主要是为了保证两种传感器的数据在维度上保持一致，从而实现有效的数据融合。  ### 原因分析： 1. **维度一致性要求**：    - 雷达传感器通常可以提供目标的径向距离、高低角和方位角等三维测量信息。    - 红外传感器则主要提供目标的高低角和方位角这两个角度信息，缺乏径向距离这一维度。    - 在进行卡尔曼滤波的数据融合过程中，为了保证传感器测量数据的维度一致，需要将雷达的径向距离信息补充到红外测量数据中，这样两种传感器的测量数据才能在相同的空间维度上进行融合，确保滤波过程的正确性。  2. **保证测量数据的物理意义和可比性**：    - 雷达和红外传感器的测量值本质上是描述目标在空间中的不同物理参数。如果红外数据中缺少径向距离这一维度，将导致在进行状态估计和误差协方差计算时，无法全面、准确地反映目标的运动状态。    - 补充雷达的径向距离可以确保红外传感器的测量数据在物理意义和空间表示上与雷达的测量数据保持一致，从而提高融合结果的精度和可靠性。  3. **满足卡尔曼滤波算法的数学要求**：    - 卡尔曼滤波算法要求所有传感器的测量数据和系统模型具有相同的维度和结构。将雷达的径向距离补充到红外测量数据中，可以确保其测量数据的维度与雷达测量数据一致，避免因为维度不匹配而导致的滤波算法失效或结果失真。  4. **简化计算过程**：    - 在融合过程中，将雷达和红外的测量数据统一到相同的维度下，可以简化滤波过程中涉及的矩阵运算和误差协方差的更新计算，使算法更加高效和稳定。  ### 注意事项： - 补充的径向距离是假设与红外传感器提供的高低角和方位角之间相互独立的，这一假设是基于实际物理场景中，雷达和红外传感器的测量参数之间可能存在一定的独立性。 - 该方法是一种次优的融合算法，其性能依赖于对传感器测量数据的合理建模和假设。  综上所述，将雷达的径向距离补充到红外测量数据中，是为了确保两种传感器数据在维度上的一致性和物理意义的可比性，从而实现更准确和可靠的卡尔曼滤波数据融合。
11,mtfc_v2,unanswerable,80,1,0,1,No,未引用公式但内容符合,0,0,0,[],[],"系统噪声的协方差矩阵为 Q(k)=E{W(k)W1(k)} (2.3) 观测噪声的协方差矩阵为 R(k)=E{V(k)V(k)} (2.4) 卡尔曼滤波器就是在已知观测序列1Y(0),Y(1),⋯,Y(k)}的前提条件下,要求解 X(k)的估计值,使得后验误差估计的协方差矩阵P(h/k)最小。其中 ",卡尔曼滤波器本身是一种数学算法，其理论和计算过程不直接依赖于外部环境温度等物理条件。因此，从算法的角度来看，卡尔曼滤波器在零下50度的恶劣极地环境下仍然可以正常进行计算，不会因为环境温度而产生失真。但是，实际应用中，雷达信号的采集和处理设备可能会受到低温环境的影响。例如，电子元件的工作性能可能受到温度的影响，导致信号采集的精度下降，或者硬件设备可能因为低温而发生故障。这些因素可能间接影响卡尔曼滤波器对雷达信号的处理效果，但并非卡尔曼滤波器算法本身的问题。因此，如果能够保证雷达信号采集设备在零下50度的环境中正常工作，卡尔曼滤波器仍然可以正常处理雷达信号而不失真。
12,mtfc_v2,text_only,90,1,1,1,No,无,0,0,0,[],[],"第3章贝叶斯推理方法 贝叶斯推理方法是一种统计方法,在数据融合中属于统计融合算法,其理论基础是贝叶 斯法则。在给定证据的条件下,贝叶斯推理能提供一种计算条件概率(即后验概率)的方 法。贝叶斯网络是一种源自图形化的建模工具,它将有向无环图与概率理论相结合,用于不 确定性推理。本章首先介绍贝叶斯法则与贝",贝叶斯推理方法在数据融合技术中属于统计融合算法，其理论基础是贝叶斯法则。
13,mtfc_v2,cross_segment_reasoning,60,0,0,1,No,未能正确引用贝叶斯法则和概率公式，而是提到了最小二乘法和滤波方法。,5,5,5,[],[],"例3.2金属粒测器(MD)能检测出大于1cm且只有儿克重的金属碎片的存在、地卜 探测雷达(GPR)能利用电磁波的差异从土壤和其他背最中发现大于10cm的物体。金属检 测器只能简单地区分物体中是否含有金属,而地下探测雷达却具有物体地分类功能,因为它 能对物体地多个属性有所响应,如尺寸、形状、物体类型及",在给定的矿物探测实例中，结合地下探测雷达(GPR)和金属探测器(MD)融合的核心原理是通过数据融合技术，将两种传感器各自的特性进行互补和整合，以提高对矿物的检测性能。具体来说，GPR能够检测大于10cm的物体，并且能够对物体的多个属性进行响应，如尺寸、形状、物体类型及内部结构等。而MD能够检测出大于1cm且只有几克重的金属碎片的存在，但只能简单地区分物体中是否含有金属。  融合的核心原理是基于传感器的互补性和各自的优势，通过信息融合技术将GPR和MD的输出数据进行综合处理，以实现更精确、更全面的矿物检测。例如，可以采用最小二乘法对红外数据进行滤波，并与雷达共同获得的测量值进行融合，从而提高检测的准确性和可靠性。这种融合方法充分利用了GPR的分类能力和MD的金属检测能力，实现了对矿物的更有效检测。
14,mtfc_v2,cross_segment_reasoning,70,1,1,1,No,部分概念描述不够准确,0,0,0,[],[],"定义3.3(贝叶斯网络)假设贝叶斯网络中的节点集为V=1V,V,⋯,V},则贝叶斯 网络N可以表示为二元组N=(G,)。其中,G=(V,E)表示节点关系的有同无环图,称之 为贝叶斯网络结构;0=10,6,⋯,9,表不每个节点V在它的父节点集pa(X)的条件卜的 条件概率,称之为贝叶斯网络参数。 根据",在贝叶斯网络图结构中，根节点和叶节点的区别主要体现在它们的父节点和子节点数量上：  1. **根节点**是指没有父节点的节点，即该节点的父节点集为空。根节点的值不会受到其他节点的影响，它直接作为贝叶斯网络的起点。 2. **叶节点**是指没有子节点的节点，即该节点的子节点集为空。叶节点的值是网络中最终的观察结果，通常不具有进一步的影响，即作为贝叶斯网络的终点。  因此，根节点和叶节点在贝叶斯网络结构中分别对应于没有输入和没有输出的节点。
15,mtfc_v2,text_only,85,1,1,1,No,未正确描述特殊连接方式的名称,0,1,0,[],['X'],"如图3.3所示,考虑三类特殊的节点连接情况:第一类是顺序连接(X→X→X),其中 X为头对尾节点;第二类是发散连接(X一X→X),其中X为尾对尾节点;第三类是收敛 连接(X→X一X),其中X为头对头节点。  ... (文档跳转) ...  定义3.4(有向分离)对于贝叶斯网络N=(G,O),X,和X",根据背景信息，贝叶斯网络中有向分离的三种特殊节点连接情况分别称为：  1. 顺序连接（X→X→X），其中X为头对尾节点。 2. 发散连接（X一X→X），其中X为尾对尾节点。 3. 收敛连接（X→X一X），其中X为头对头节点。  这些特殊连接情况对应于贝叶斯网络中节点间不同的连接模式，它们在判断变量之间的条件独立性时具有不同的影响。
16,mtfc_v2,cross_segment_reasoning,90,1,1,1,No,没有明显错误，但可以更简洁,2,2,2,[],[],"在贝叶斯网络应用中,每个节点的状态信息会保存在历史数据中,而通过这些历史数据 (训练数据)学习DAG结构则被称为结构学习。相比于专家知识的方法,基于数据学习的 方法更省资源且更高效,学习得到的结构也更贴近于实际应用,这也使得基于数据学习的方 法更适用于构建贝叶斯网络。由于贝叶斯网络结构空间的大小会随",基于数据学习贝叶斯网络结构时可能遇到的问题包括： 1. **结构空间的指数级增长**：贝叶斯网络的结构空间大小会随着节点数量和节点状态数呈指数级增长，导致结构学习成为NP难问题。 2. **计算复杂度高**：由于结构空间的指数级增长，结构学习的计算和搜索复杂度非常高，难以在合理时间内完成。 3. **数据不足或噪声干扰**：当训练数据量不足或存在大量噪声时，所学习的贝叶斯网络结构可能与实际相差较大，影响模型的准确性和实用性。 4. **精度较低**：基于约束的方法虽然求解效率较高，但可能会有精度较低的问题，一旦数据不足或存在噪声，结果与实际偏差较大。 5. **不合理结构的产生**：在数据学习过程中，可能会生成不合理或不符合实际的边，需要通过专家知识进行修正，以确保学习到的结构是合法和合理的。
17,mtfc_v2,cross_segment_reasoning,85,1,1,1,No,没有提到方法在数据量充足或无噪声时的表现，但其他方面描述准确。,0,0,0,[],[],"【章节: 3.2】 【⚠️ MTFC 块 (AnchorScore=1.8)】 关的一些变量,从而降低学习的复杂度;另一方面当训练数据量不足或存在很多噪声时,所 学习的贝叶斯网络结构可能与实际相差巨大,通过专家对所学习的结构进行修正,能够确保 所构建的贝叶斯网络结构是符合实际应用的。 结构学习的目的",基于约束的贝叶斯网络结构学习方法有容易被忽略的弱点是：精度较低。一旦数据不足或存在噪声时，结果将会与实际偏差较大。
18,mtfc_v2,unanswerable,100,1,1,1,No,无失败类型,0,0,0,[],[],"定义3.2(马尔可夫条件)假设有向无环图G=(V,E),且V的联合概率分布为P(V) 对仕意的X∈V,在X的父节点集pa(X)已知的情况下,如果X强立于其非后代节点集 nd(X),即I(X,nd(X)|pa(X)),则称G=(V,E)符合马尔可夫条件。 贝叶斯网络同样满是马尔可天条件,它也是对联合概",不知道。
19,mtfc_v2,cross_segment_reasoning,80,0,1,1,No,未提及Zadeh的质疑和计算复杂度的指数爆炸问题,2,3,2,[],"['P', 'A', 'Dempster', 'Zadeh', 'B']","D-S算法的核心是一套Dempster合成规则(也称让据合成公式),这是Depster在研 究统计同题时盲先提出的,随后Shacr把它推)到更为一般的情形。该算法的优点在于证雅 理论中需要的先验数据比概率推理理论中的更为直观、更容易获得,再加上Dempser合成 公式可以综合不同专家或数据源的知识或","D-S证据理论中的Dempster合成规则在以下情况下不适用或受到局限： 1. **证据不独立**：D-S算法要求证据之间必须是独立的，而这个条件在实际应用中有时难以满足。 2. **理论支持不足**：证据合成规则缺乏非常坚固的理论支持，其合理性和有效性还存在较大的争议。 3. **计算复杂度高**：在计算上存在潜在的指数爆炸问题，尤其是在处理大量证据或高维数据时，计算复杂度会急剧增加。 4. **Zadeh的质疑**：Zadeh提出的""Zadeh悖论""对Dempster合成公式的合理性提出了质疑，指出当基本概率分配（BPA）的不确定性较高时，合成结果可能失去意义。"
20,mtfc_v2,cross_segment_reasoning,70,0,0,1,No,对D-S证据理论中BPA与不确定区间的关系有误解,0,0,3,"['Bel', 'Pl']","['D', 'S']","予了该命题的反命题,因此a,的支持度为0,它的似然度1-Ba(a)也等于0(由于 Be(a)=1)。如果知道命题a,肯定为真,可以用[1,1]表示它的支持度和似然度,此时 不确定区间也为0,这是因为所有的概率分配值都赋予了命题α,因此α,的支持度为1 它的似然度1-Be(a)由于Ba(a)=0,所以","在D-S证据理论中，基本概率赋值(BPA)是确定不确定区间的核心依据。BPA是为基本命题分配的概率质量函数，它直接决定了支持某个命题及其反命题的概率分配值。具体而言：  1. **支持度和似然度的计算**：    - 支持度是指直接支持命题的传感器证据所对应的概率分配值的和。    - 似然度是指直接支持命题的反命题的证据所对应的概率分配值的和。  2. **不确定区间的定义**：    - 不确定区间是通过支持度和似然度来定义的。当支持度和似然度为[0.25,1]时，说明证据部分支持命题，但未直接反驳它，此时不确定区间为0.75。    - 如果不确定区间为[0,0.85]，说明证据未直接支持命题，但部分支持反命题，此时不确定区间为0.85。    - 如果不确定区间为[0.25,0.85]，则说明证据部分支持命题，也部分支持其反命题，此时不确定区间为0.6。  3. **BPA对不确定区间的影响**：    - BPA决定了每个命题及其反命题的概率分配值，因此直接影响支持度和似然度的计算。    - 不确定区间是支持度和似然度的函数，因此BPA的分配值变化会直接改变不确定区间的范围。  综上所述，BPA通过为其分配的概率质量函数直接决定支持度和似然度，从而影响不确定区间的范围和性质。"
21,mtfc_v2,cross_segment_reasoning,80,0,1,1,No,部分信息未覆盖,0,0,0,"['D', 'S']","['Dempster', 'Shafer']","第3章贝叶斯推理方法 贝叶斯推理方法是一种统计方法,在数据融合中属于统计融合算法,其理论基础是贝叶 斯法则。在给定证据的条件下,贝叶斯推理能提供一种计算条件概率(即后验概率)的方 法。贝叶斯网络是一种源自图形化的建模工具,它将有向无环图与概率理论相结合,用于不 确定性推理。本章首先介绍贝叶斯法则与贝",证据理论与贝叶斯理论在处理不确定性时的核心差异在于它们对不确定性的建模方式和对先验知识的依赖程度。贝叶斯理论基于概率论，将不确定性视为概率分布的一部分，并通过先验概率与似然函数结合，利用贝叶斯定理更新后验概率。贝叶斯方法要求先验知识的明确表达，并且在处理不确定信息时，假设所有可能性都可以用概率形式表示。而证据理论（也称为Dempster-Shafer理论）则不依赖于概率分布，而是通过基本概率分配（mass function）来量化证据对命题的支持程度。它允许对不确定性的不同来源进行组合，并且可以处理部分未知或不完全信息的情况，而不需要先验概率。证据理论的处理方式更加强调证据的组合和冲突的处理，而贝叶斯理论则更注重概率的更新和条件概率的计算。
22,mtfc_v2,cross_segment_reasoning,80,0,1,1,No,未明确说明具体融合规则和门限值的计算方法,0,5,0,['Dempster'],"['S_threshold2', 'X', 'M', 'S_threshold1', 'S']","4.4 证据理论在图像融合中的应用举例 假定我们可以获取学生在听课时的图像信息,如何判断学生听课的专注度,这是一个很 富挑战性的课题。假定针对一个学生进行判别时,将人体识别框架设定为2=1左顾右盼,理 头,端坐,不确定1,分别用h、h、h,和V来表示,将人体的x轴质心变化、y轴质心变化、 面积变化和","根据背景信息，DS证据理论在图像融合中结合摄像头的多个特征进行决策的过程如下：  1. **特征提取**：首先，通过摄像头捕捉到的学生图像信息，提取了四个特征：x轴质心变化、y轴质心变化、面积变化和角度变化。这四个特征对应四个独立的证据体：M = {X, Y, S, θ}。  2. **阈值设定**：对每个特征设定一个阈值。例如，面积变化的阈值为S_threshold1和S_threshold2，角度变化的阈值为θ_threshold1和θ_threshold2。这些阈值用于区分不同的行为状态。  3. **基本概率赋值**：将提取的特征数值与对应的阈值进行比较，得到每个特征对应的行为状态的基本概率赋值。例如，若面积变化超过S_threshold1或小于S_threshold2，则对应的面积特征可能支持“左顾右盼”或“端坐”的状态。  4. **证据融合**：使用改进的D-S证据理论对四个证据体（X, Y, S, θ）的基本概率赋值进行融合。这个过程包括两个步骤：首先在空间域上对每个部分的特征进行融合，然后在时间域上将这些结果进一步融合，以获得最终的决策结果。  5. **决策结果**：融合后的结果通过基本概率赋值的组合来决策。例如，当基本概率赋值的数值满足特定阈值（如门限=0.1）时，可以得出学生处于某种状态的结论。例如，当m(h)的值较高时，可以判断学生处于“端坐”的状态。  综上所述，DS证据理论通过提取多个特征，设定对应的阈值，并将这些特征的基本概率赋值进行融合，最终得出学生行为状态的决策结果。"
23,mtfc_v2,unanswerable,85,1,1,1,No,未明确说明原因,0,0,0,[],"['A', 'B', 'P']","4.3 证据理论与贝叶斯判决理论的比较 在证据(Dempster-shafer)理论中,可以把表示不确定概念的概率直接分配给不知道事 件,也就是能分配给识别框架θ里的任何命题,从这一点来说,证据理论比贝叶斯理论更 具一般性。而且在证据理论中,可以把传感器的分类错误,用直接分配给由不知道所引起的 不确",根据提供的背景信息，没有提到任何关于学生在吃零食时BPA（概率分配）分配极度失衡的实验数据。背景信息主要讨论了证据理论和贝叶斯理论的比较，并未涉及与学生吃零食相关的具体实验或数据。因此，没有明确的证据理论实验数据支持该问题的陈述。  回答：不知道
24,mtfc_v2,text_only,60,0,0,1,No,概念混淆,0,0,0,[],[],"(1)模糊化接口;模糊控制器的输入向量必须是一个经过模糊化的向量,因此需要将 系统原先的精确数字向量转换为一个模糊向量,该模糊向量可以用语言值(或者基于模糖 集合的标识符)来表示,而且可以万便地被模糊规则所辨识、计算。  ... (文档跳转) ...  (3)模糊推理机;是模糊控制器的核心,以模糊概",模糊计算原理中的核心元件是模糊推理机。它主要解决非线性、时变、时滞和难以建立精确数学模型的复杂系统问题。
25,mtfc_v2,cross_segment_reasoning,75,0,0,1,No,未准确匹配公式内容，但整体内容忠实于参考上下文和标准答案,3,3,3,[],[],"将上还模糊控制算法用于球秆系统实际控制,反复调整系统的参数使得系统达到稳定。  ... (文档跳转) ...  5.3.4 球秆系统楔砌控制器改进与伤具 常规模糊控制器本身的特点,决定了它不能消除系统静差。以简单一维模糊控制器为例 分析其原因;设输人变量e在论域E上的模糊子集为B(i=1,2,⋯,m","在球杆系统模糊控制器中,对传统PID进行模糊推论化改进主要是为了克服传统PID控制方法在处理非线性、时变和不确定性系统时的局限性。传统PID控制器是基于精确数学模型的线性控制器,其控制规律为比例、积分和微分作用的线性组合,适用于线性系统或可线性化的系统。然而,球杆系统作为一种典型的非线性、时变系统,其动态特性复杂且难以用精确数学模型描述,传统PID控制方法在面对系统参数变化、外部扰动和模型不确定性时往往难以达到理想的控制效果。  模糊推论化改进的模糊积分控制器能够更好地处理系统中的不确定性,其核心思想是利用模糊逻辑和规则库对系统的输入输出进行模糊推理,从而得到更适应系统特性的控制输出。这种改进的控制器能够更好地适应系统的非线性特性和时变特性,提高控制的鲁棒性和适应性。因此,对传统PID进行模糊推论化改进是为了解决传统PID在球杆系统中的不足,以实现更好的控制性能。"
26,mtfc_v2,cross_segment_reasoning,70,0,1,1,No,未明确指出BP神经网络在多传感器数据融合中的致命收敛缺陷，但提供了通用BP神经网络的收敛问题,2,2,2,[],[],"多传感器数据融合中的数据处理方法、与经典信号处理方法相比较存在本质上的区别 数据融合所处理的多传感器信息具有更复杂的形式,并且可以在不同的信息层次上出现,每 个层次都可以对检测数据进行不同程度的融合。例如,在数据层(像素级)、特征层和决策 层“都可以进行数据的融合处理。目前所提到的数据融合也主要包括",根据提供的背景信息，未直接提及BP神经网络在进行多传感器数据融合时的具体致命收敛缺陷。因此，依据现有信息，无法确定具体缺陷。  不过，基于对BP神经网络的通用知识，其存在一些常见的收敛问题，例如：  1. **局部极小值问题**：BP神经网络在训练过程中容易陷入局部极小值而非全局最优解。 2. **学习速度慢**：梯度下降算法的学习速度较慢，尤其是在非凸优化问题中。 3. **权值初始化问题**：不合理的权值初始化可能导致收敛困难或训练过程不稳定。 4. **过拟合问题**：网络可能在训练数据上表现良好，但在测试数据上泛化能力较差。 5. **梯度消失/爆炸问题**：在深层网络中，梯度可能在传播过程中消失或爆炸，导致训练困难。  由于背景信息中没有提到这些具体问题，所以不能确定是否为致命缺陷。因此，回答为不知道。
27,mtfc_v2,text_only,80,0,1,1,Suspected,未提及Hopfield神经网络的数学公式或模型结构,3,1,0,"['T', 'P', 'S']",['Hopfield'],"状态,那么Hopield神经网络就能够用于解决优化组合问题。Hopield神经网络模型是由一 系列互联的神经单元组成的反馈型网络,如图6.5所示[3 图6.5 Hopfield神经网络模型 对于Hopfield神经网络第i个神经元,采用微分方程建立其输人输出关系, dui L 十 Cid wgbj ",Hopfield神经网络相较于前馈网络，主要被应用于解决**优化组合问题**和**系统优化问题**中的融合难题。具体来说，它通过反馈连接和能量函数的设计，能够将复杂的问题转化为能量最小化问题，从而找到近似最优解。Hopfield神经网络在**路径优化**、**图像恢复**、**模式识别**等领域有广泛应用。例如，文献中提到基于Hopfield神经网络的最短路径路由算法，表明其在优化路径问题中的应用。此外，它还能够处理具有复杂相互关系的输入变量之间的融合问题，适用于数据关联、视觉特征识别等场景。
28,mtfc_v2,cross_segment_reasoning,85,0,1,1,No,部分概念解释不够深入,0,0,0,[],[],"(5)根据交义概率P。及变异概率P⋯,执行交叉和变异操作,在上一代群体的基础上产 生新一代的码串群体。这样反复执行第(1)步到第(5)步,使码单群体一代一代不断进 化,最后搜索到最适合问题环境的个体,求得问题的最优解。  ... (文档跳转) ...  在编码过程中,为了设计合适的染色体和相应的遗传",遗传算法中的交叉和变异操作对全局寻优分别起到以下宏观作用：  1. **交叉操作**：交叉操作的主要作用是**保留优良基因**，通过将两个父代个体的基因片段进行交换，生成新的子代个体。这一过程模拟了生物遗传中的基因重组现象，有助于在种群中传播和组合优良的特征，从而加快算法收敛到最优解的速度。然而，交叉操作的强度需要合理控制，以避免破坏具有高适应度的个体结构。  2. **变异操作**：变异操作的主要作用是**引入新的基因**，通过随机改变个体的某些基因，增加种群的多样性。这一过程模拟了生物遗传中的突变现象，有助于避免算法陷入局部最优解，从而提升全局寻优能力。但变异概率若设置过小，会导致种群多样性不足；若设置过大，则可能破坏优良个体的结构。  综上所述，交叉和变异操作共同作用，通过基因重组和突变，使种群在搜索空间中不断探索和优化，最终寻找到问题的最优解。
29,mtfc_v2,unanswerable,0,1,0,0,No,待评测回答未提供任何信息，而标准答案明确指出参考资料中未提供相关信息无法解答。因此，待评测回答未能忠实反映标准答案的内容，并且未能正确识别信息缺失的情况。,0,0,0,[],[],"(2)对参数进行编码。遗传算法是对待优化参数转化成的梁色体进行遗传操作的,所以 盲先要将参数编码为遗传空间中的基因甲。基本的编码方式有实数编码和二进制编码,实数 编码虽然不用解码,但是不便于进行遗传操作,二进制编码虽然需要解码,但是遗传操作 方便。  ... (文档跳转) ...  代表同一个目标,",不知道
30,mtfc_v2,unanswerable,80,1,1,1,No,没有直接提到多模态目标关联算法，但提供了关于如何通过调整权值来处理局部最优解的信息。,0,0,0,[],[],"当经过若干次迭代后,a(x)值保持为1时则表明算法停滞或找到了最优值 定义8.2若第t代种群中的第i个粒子用x(4)1(i∈11,2,⋯,N1)表示,该粒子当前 最优适应度用元表示,当前时刻的个体极值用元⋯(4)表不,当丽所有粒于的平均值用 fve(t)表示,用β(x)表示粒子聚合的程度,则有 f,","不知道  解析： 1. 从提供的背景信息中，没有提到关于局部最优解(pbest)与多模态目标关联算法冲突的具体内容。 2. 背景信息中提到了粒子群算法的聚合程度β(x)和进化程度α(x)，并说明了如何通过调整权值来控制粒子群的收敛性和多样性。但并未提及多模态目标关联算法，也未说明如何处理局部最优解与多模态目标之间的冲突。 3. 因此，基于提供的信息无法回答""如果粒子群算法中的局部最优解(pbest)与多模态目标关联算法冲突，应如何强行合并？""这一问题。"
31,mtfc_v2,formula_dependent,60,0,1,0,Suspected,未正确引用文档中的信息，缺少系统噪声项和协方差矩阵的描述,2,2,1,"['X_{k', 'W', 'W_{k', 'X_k']","['$X(k/k-1)$', '$$', 'A', '$X(k-1/k-1)$', '$A$']","X(t)=AX(t)+W(t) (2.1) (蒙(t)=HX(t)+V(t) 其中,A表示状态转移矩阵;日表示状态观测矩阵;W(4)表示状态噪声;V(1)表示噪声 根据卡尔曼滤波公式,则可以获得被跟踪目标的航迹状态估计值x。针对卡尔曼滤波这样有 确定性数学模型的跟踪滤波算法,计算中心对于来自多传感器",根据文档提供的信息，卡尔曼滤波器的状态更新方程（又称为状态预测方程）的完整数学表达式为：  $$ X(k/k-1) = A X(k-1/k-1) $$  其中，$X(k/k-1)$ 表示第 $k$ 时刻的状态预测值，$A$ 是状态转移矩阵，$X(k-1/k-1)$ 表示第 $k-1$ 时刻的状态估计值。
32,mtfc_v2,formula_dependent,85,0,1,1,Suspected,没有明确指出R是观测噪声的协方差矩阵，而是直接说代表量测误差协方差矩阵,2,1,1,"['V', 'V_k']",['$ R $'],"系统噪声的协方差矩阵为 Q(k)=E{W(k)W1(k)} (2.3) 观测噪声的协方差矩阵为 R(k)=E{V(k)V(k)} (2.4) 卡尔曼滤波器就是在已知观测序列1Y(0),Y(1),⋯,Y(k)}的前提条件下,要求解 X(k)的估计值,使得后验误差估计的协方差矩阵P(h/k)最小。其中 ",在卡尔曼滤波的五大核心方程中，增益矩阵的表达式中用来代表量测误差协方差矩阵的是由大写字母 $ R $ 构成的数学符号。
33,mtfc_v2,formula_dependent,70,0,0,0,No,公式匹配错误和忠实度缺失,1,2,1,[],"['Dempster', '$ K $']","end while endfor returnG K。算法从一个空图出发,按照节点顺序p逐个考察节点,通过比较添加某个节点后其 CH(Cooper-Heskovits)评分是否增大来“贪婪”地添加其为父节点。正整数n则是用来 限制父节点的个数,即限制|pa(V)1<u。Coop将其测试于经典的ALA",在Dempster合成规则中，公式分母中的归一化常数 $ K $ 表示的是所有非空交集的mass函数的乘积之和。其物理意义是描述多个证据之间冲突程度的量化指标。具体来说，$ K $ 是所有可能的交集为零的集合（即证据间存在冲突的场景）的mass函数值的乘积之和。当 $ K $ 接近于1时，表示不同证据之间存在较大的冲突，这会导致合成结果的不确定性增加。因此，$ K $ 反映了证据之间的冲突程度。
34,mtfc_v2,formula_dependent,40,0,0,0,No,待评测回答对基本概率分配函数的描述存在明显错误。标准答案强调m(空集)=0且所有子集的m(A)之和等于1，而待评测回答将归一化条件错误地表述为对所有子集求和等于1，未提及m(空集)=0的条件。此外，待评测回答中提到的'基本概率分配函数'和'基本概率赋值'概念混淆，标准答案中强调的是基本概率赋值的要求，而非分配函数。,1,3,1,[],"['D', 'S']","开始 边缘检测 提取轮廊 读取图像 图像预处理 在空间域进行 在时域进行信 结束 得到结果 证据收集 信息融合 息融合 图4.3 学生行为分析与推理决策流程图 4.4.1 基本概率赋值的获取 在运用D-S理论的过程中,最为关键的部分是利用现有独立证据给每个相应焦元进行 基本概率两数分配。但基本概率赋","D-S理论中用于表示基本概率赋值向目标全集映射的规范化数学形式是基本概率分配函数，其数学形式为：m:2^Θ→[0,1]，其中，Θ为识别框架，m为基本概率分配函数。对于Θ的每一个子集A⊆Θ，m(A)表示证据支持A的最小概率，且满足归一化条件：∑_{A⊆Θ}m(A)=1。"
35,mtfc_v2,formula_dependent,60,1,0,1,No,未正确回答问题，但内容基本符合主题,0,0,0,[],[],录 前言 第1章多传感器数据融合概述⋯ 1.1 多传感器数据融合基本描述 1.2 多传感器数据融合的基本原理描述 1.3 数据融合技术的应用领域 1.3.1 数据融合技术在机器人领域的应用· 1.3.2 数据融合技术在图像处理领域的应用 1.4数据融合研究的国内外现状简介 1.5 本书主要内容 参考,在利用贝叶斯法则进行多传感器序列数据连续更新（如递归滤波）时，其递推数学形态通常不直接包含微积分操作。贝叶斯推理本质上是一种概率更新过程，其核心是通过贝叶斯定理对先验概率进行后验概率的更新，适用于离散或连续的随机变量，不涉及对时间或参数的连续变化求导等微积分操作。  然而，贝叶斯法则在递归滤波（如卡尔曼滤波）中的应用，虽然是通过递推形式进行的，但其数学表达形式主要依赖于概率分布的更新，而非微积分操作。卡尔曼滤波的递推过程通过状态估计和误差协方差矩阵的更新来实现，这些更新基于矩阵运算和概率论的基本原理，而非微积分。  综上所述，贝叶斯法则在多传感器序列数据连续更新中的递推数学形态不直接包含微积分操作，而是基于概率分布的递推更新。
36,mtfc_v2,formula_reasoning,70,1,0,1,No,公式推导错误,1,2,1,[],['Robinson'],"【章节: 3.2】 【⚠️ MTFC 块 (AnchorScore=1.8)】 关的一些变量,从而降低学习的复杂度;另一方面当训练数据量不足或存在很多噪声时,所 学习的贝叶斯网络结构可能与实际相差巨大,通过专家对所学习的结构进行修正,能够确保 所构建的贝叶斯网络结构是符合实际应用的。 结构学习的目的","根据Robinson的公式(3.12)，g(n)的计算公式为：  g(n) = 2^(n-1) + C(n, 2) * g(n-1)  其中，C(n, 2)表示从n个元素中取出2个的组合数。  当n=5时，代入公式可得：  g(5) = 2^(5-1) + C(5, 2) * g(4)  首先计算2^(5-1) = 16。  然后计算C(5, 2) = 5!/(2! * (5-2)!) = 10。  接着计算g(4)：  g(4) = 2^(4-1) + C(4, 2) * g(3) = 8 + 6 * g(3)  计算g(3)：  g(3) = 2^(3-1) + C(3, 2) * g(2) = 4 + 3 * g(2)  计算g(2)：  g(2) = 2^(2-1) + C(2, 2) * g(1) = 2 + 1 * g(1)  计算g(1)：  g(1) = 2^(1-1) = 1  因此：  g(2) = 2 + 1 * 1 = 3 g(3) = 4 + 3 * 3 = 13 g(4) = 8 + 6 * 13 = 86 g(5) = 16 + 10 * 86 = 876  所以，当n=5时，g(n)=876。"
37,mtfc_v2,formula_reasoning,90,1,1,1,No,无,3,3,4,[],"['$ P(H_i) $', 'H_1', 'H_n', '$$', '$ H_i $']","P(E)= (3.6) [P(E|H;)P(H;)] i=1 式(3.6)称为全概率公式。  ... (文档跳转) ...  P(E|H)P(H?) P(HE)= (3.8) [P(E|H;)P(H,)」 j=1 式中,P(H1E)为在给定证据E的情况下,假设事件日,发生的概率;P(E|日)为假设事","全概率公式是一种在概率论中用来计算某一事件概率的方法，其核心思想是将复杂事件分解为若干互斥且完备的子事件，通过这些子事件的条件概率与其先验概率的乘积之和来计算原事件的概率。在式(3.6)中，全概率公式的形式为：  $$ P(E) = \sum_{i=1}^{n} P(E|H_i)P(H_i) $$  ### 推导过程 全概率公式的推导基于以下两个基本概率公理：  1. **条件概率公式**：    $$ P(E|H_i) = \frac{P(E \cap H_i)}{P(H_i)} $$    这表示在事件 $ H_i $ 发生的条件下，事件 $ E $ 发生的概率。  2. **概率的可加性**：    若 $ H_1, H_2, \ldots, H_n $ 是一组互斥且完备的事件（即它们的并集为整个样本空间，且两两互斥），则：    $$ P(E) = \sum_{i=1}^{n} P(E \cap H_i) $$  将条件概率公式代入概率的可加性公式中： $$ P(E) = \sum_{i=1}^{n} P(E|H_i)P(H_i) $$  ### 计算逻辑 全概率公式的核心计算逻辑是将事件 $ E $ 的概率分解为一系列互斥且完备的子事件 $ H_i $ 的条件概率与先验概率的乘积之和。  1. **先验概率 $ P(H_i) $**：    表示在没有额外信息的情况下，事件 $ H_i $ 发生的概率。它反映了对事件 $ H_i $ 的先验信念。  2. **条件概率 $ P(E|H_i) $**：    表示在事件 $ H_i $ 发生的条件下，事件 $ E $ 发生的概率。它描述了在已知 $ H_i $ 的情况下，事件 $ E $ 的可能性。  3. **全概率公式 $ P(E) $**：    表示在所有可能的子事件 $ H_i $ 的影响下，事件 $ E $ 的总概率。它是对所有 $ H_i $ 的条件概率和先验概率乘积求和的结果。  ### 各部分的含义 - **$ P(E) $**：事件 $ E $ 的概率，即我们想要计算的总概率。 - **$ P(E|H_i) $**：在事件 $ H_i $ 发生的条件下，事件 $ E $ 发生的概率。 - **$ P(H_i) $**：事件 $ H_i $ 的先验概率，即在没有额外信息的情况下，事件 $ H_i $ 发生的概率。  全概率公式通过将复杂事件分解为多个互斥且完备的子事件，使得计算变得更为简单和直观。它在实际应用中被广泛用于各种概率分析和决策问题中。"
38,mtfc_v2,formula_reasoning,80,1,1,1,No,部分公式符号不一致,3,3,3,[],[],"C 6.2.2 BP神经网络算法的数学表达 BP神经网络算法的实质是求取误差函数的最小值问题,这种算法采用非线性规划中的 最速下降方法,按误差函数的负梯度方向修改权系数 首先,定义输出层的误差函数 (6.3) ( 2 其中,Y,是输出单元的期望输出值;X?是输出单元的实际输出值 由于BP神经网络算法",首先，根据输出层的误差函数和权值更新公式，得到： ∂e/∂W = ∂/∂W [1/2 (Y - W * X1)^2] = - (Y - W * X1) * X1  将上式代入权值更新公式，得到： ΔW = -η * ∂e/∂W = η * (Y - W * X1) * X1  因此，权值W的更新公式为： W = W + η * (Y - W * X1) * X1
39,mtfc_v2,formula_reasoning,75,1,1,1,No,未完全涵盖标准答案中的关键点,2,6,2,[],"['$$', 'P', 'W', 'Delta', 'U']","神经网络计算有以下的特点:  ... (文档跳转) ...  C 6.2.2 BP神经网络算法的数学表达 BP神经网络算法的实质是求取误差函数的最小值问题,这种算法采用非线性规划中的 最速下降方法,按误差函数的负梯度方向修改权系数 首先,定义输出层的误差函数 (6.3) ( 2 其中,Y,是输出单元",根据公式(6.6)和公式(6.8)，权值修正公式AWg的表达式可以推导为：   $$ \Delta W_{g} = -\eta \frac{\partial e}{\partial W_{g}} = -\eta \frac{\partial e}{\partial U} \frac{\partial U}{\partial W_{g}} $$   其中，$\eta$为学习率，它决定了在权值修正过程中每次更新的步长。学习率$\eta$的选择对算法的收敛性和稳定性有重要影响。如果$\eta$太大，可能导致权值更新过快，使得误差函数在最小值附近震荡甚至发散；如果$\eta$太小，权值更新过慢，导致训练过程收敛速度变慢。因此，选择一个适当的学习率是保证BP神经网络算法有效性和收敛性的关键。
40,mtfc_v2,formula_reasoning,90,1,1,1,No,正则项的梯度表达式和解释可以更精确，标准答案中的正则项是(λ/m)W，而待评测回答中的正则项是(λ/m)ΣW_k，虽然意思相近，但表达式不完全一致。,2,2,2,[],"['$$', 'W_k', '$\\frac{\\partial J(W,b)}{\\partial W}$', 'sum_{i', 'Delta']","将实际输出x”与期望输出Y相比较,如果两者不等,则产生误差信号e,接着则按如 下公式反向传播修改权系数:  ... (文档跳转) ...  在将反向传播算法应用于前向多层网络时,采用Sigmoid函数作为激活函数,可通过下 列步骤对网络的权系数W,进行递归求取。注意每层有n个神经元的情况。即有一1,","反向传播算法的权重更新公式为： $$ \Delta W = -\eta \frac{\partial J(W,b)}{\partial W} $$ 其中，$\eta$为学习率，$\frac{\partial J(W,b)}{\partial W}$为损失函数J(W,b)对权重W的梯度。  损失函数J(W,b)的梯度为： $$ \frac{\partial J(W,b)}{\partial W} = \frac{1}{m} \sum_{i=1}^m \left[ f(x^{(i)};W,b) - y^{(i)} \right] \frac{\partial f(x^{(i)};W,b)}{\partial W} + \frac{\lambda}{m} \sum_{k=1}^n W_k $$ 其中，$\frac{1}{m} \sum_{i=1}^m \left[ f(x^{(i)};W,b) - y^{(i)} \right] \frac{\partial f(x^{(i)};W,b)}{\partial W}$为数据项的梯度，$\frac{\lambda}{m} \sum_{k=1}^n W_k$为正则项的梯度。  正则项$\frac{\lambda}{2m} \sum_{k=1}^n ||W_k||^2$的作用是控制各层权值矩阵的元素大小，防止网络因权值矩阵过大而出现过拟合的问题。正则项的梯度$\frac{\lambda}{m} \sum_{k=1}^n W_k$会使得权重W的梯度减小，从而在权重更新过程中，权重W的值会变小，从而达到防止过拟合的效果。"
41,mtfc_v2,formula_reasoning,75,1,0,1,No,公式表达不准确,1,1,1,[],"['lim_{', '$$']","本节介绍一种基于目标转弯速率自适应模型集的交互多模型辅助粒子滤波算法6(A daptveNodelSctsIterctngMutpleModelAxilayPartcleFtrAMS-IM-APF),该算 法可以构造包含目标机动转弯率的状态转移矩阵,在线估计目标的机动转弯角速率,并依推 辨识到的转弯",根据式(8.17)，状态转移矩阵φ(k)在采样周期T趋近于零时的极限形式为： $$ \lim_{T \to 0} \phi(k) = \begin{bmatrix} 1 & 0 & 0 & T & 0 \\ 0 & 1 & 0 & 0 & T \\ 0 & 0 & 1 & 0 & T \\ 0 & 0 & 0 & 1 & 0 \\ 0 & 0 & 0 & 0 & 1 \\ \end{bmatrix} $$ 该极限形式对应的是匀速运动模型。物理意义是：当采样周期T趋近于零时，目标的运动可以看作是匀速运动，即目标的角速率趋于零，状态转移矩阵的时变性消失，变为一个常数矩阵。
42,mtfc_v2,formula_reasoning,85,1,1,1,No,无,5,7,5,[],"['$$', 'P', '$ Y(k) $', '$ X(k/k) $', '$ X(k/k-1) $']",=E{[I-K(k)H]e(k/k-1)e'(k/k-1)[I-K(k)H]*}- (2.11) E{K(k)V(k)e'(k/k-1)[I-K(k)H]'}- E{[I-K(k)H3e(k/k-1)V1(k)K'(k)}+ E{K(k)V(k)V(k)K1(k)} 假设:随机信号W(h)与V(h),### 状态估计的更新公式推导  根据公式(2.15)和(2.16)，可以推导出状态估计的更新公式为：  $$ X(k/k) = X(k/k-1) + K(k)[Y(k) - HX(k/k-1)] $$  其中：  - $ X(k/k) $ 是第 $ k $ 个时刻的状态估计值（即后验估计）。 - $ X(k/k-1) $ 是第 $ k $ 个时刻的状态预测值（即先验估计）。 - $ K(k) $ 是卡尔曼增益，用于调节预测值和观测值之间的加权。 - $ Y(k) $ 是第 $ k $ 个时刻的观测值。 - $ H $ 是观测矩阵，将状态空间映射到观测空间。 - $ K(k) $ 的计算公式为：   $$   K(k) = P(k/k-1)H'[R(k) + HP(k/k-1)H']^{-1}   $$   其中 $ P(k/k-1) $ 是预测误差的协方差矩阵，$ R(k) $ 是观测噪声的协方差矩阵。  ### 计算逻辑  1. **状态预测**：首先根据状态转移矩阵 $ A $，将前一时刻的状态估计值 $ X(k-1/k-1) $ 预测为 $ X(k/k-1) $，即：    $$    X(k/k-1) = A X(k-1/k-1)    $$  2. **状态更新**：利用观测值 $ Y(k) $ 和预测值 $ X(k/k-1) $ 的差值，通过卡尔曼增益 $ K(k) $ 对预测值进行修正，得到更精确的状态估计值 $ X(k/k) $。  3. **卡尔曼增益计算**：卡尔曼增益 $ K(k) $ 的大小决定了预测值和观测值之间的加权比例。如果观测噪声较大，则 $ K(k) $ 较小，预测值对状态估计的贡献更大；反之，如果观测噪声较小，则 $ K(k) $ 较大，观测值对状态估计的贡献更大。  ### 符号含义  - $ X(k/k) $：第 $ k $ 个时刻的状态估计值。 - $ X(k/k-1) $：第 $ k $ 个时刻的状态预测值。 - $ K(k) $：卡尔曼增益。 - $ Y(k) $：第 $ k $ 个时刻的观测值。 - $ H $：观测矩阵。 - $ A $：状态转移矩阵。 - $ P(k/k-1) $：预测误差的协方差矩阵。 - $ R(k) $：观测噪声的协方差矩阵。  综上，状态估计的更新公式通过预测值和观测值的结合，利用卡尔曼增益对预测值进行修正，从而得到更精确的状态估计值。
43,mtfc_v2,formula_reasoning,40,1,0,0,No,公式表达错误和物理意义不准确,2,2,2,[],[],"X(k)=X(k/k-1)+K(k)[Y(k)-HX(k/1)] (2.15) 状态预测估计为 X(k/k-1)=AX(k-1/k-1) (2.16) 进一步计算得出误差的协方差矩阵如下式所示:  ... (文档跳转) ...  令C.(k1k)为[X.(k1k)-X,(k丨k)]的协方差矩阵,当状","在状态误差相关的情况下，协方差矩阵的更新公式中，Cii.(k|k)与P(k|k)和P,(h|k)之间的关系为：  Cii.(k|k) = P(k|k) + P,(h|k)   推导过程：  1. 首先，根据状态误差不相关的条件，协方差矩阵的更新公式为：    Cii.(k|k) = P(k|k) + P,(h|k)  2. 当状态误差相关时，误差的协方差矩阵需要考虑误差之间的相关性。因此，需要将状态误差和观测误差的协方差矩阵进行扩展。  3. 在状态误差相关的条件下，误差的协方差矩阵的更新公式为：    Cii.(k|k) = P(k|k) + P,(h|k) + P,(h|k)   4. 这里，P,(h|k) 是观测误差的协方差矩阵，而 P(k|k) 是状态误差的协方差矩阵。  物理意义：  Cii.(k|k) 表示状态和观测误差的协方差矩阵的更新值。当状态误差相关时，这个值不仅包括状态误差的协方差矩阵 P(k|k) 和观测误差的协方差矩阵 P,(h|k)，还包括它们之间的相关性。因此，Cii.(k|k) 的值比状态误差不相关时的值更大，反映了误差之间的相关性对协方差矩阵的影响。"
44,mtfc_v2,formula_reasoning,60,1,0,1,No,公式不匹配和概念性错误,1,2,3,['R'],"['$P_z(k|k-1)$', '$H(k)$', '$$', '$H^T(k)$', '$P_x(k|k-1)$']","X(k)=X(k/k-1)+K(k)[Y(k)-HX(k/1)] (2.15) 状态预测估计为 X(k/k-1)=AX(k-1/k-1) (2.16) 进一步计算得出误差的协方差矩阵如下式所示:  ... (文档跳转) ...  令C.(k1k)为[X.(k1k)-X,(k丨k)]的协方差矩阵,当状","根据公式 (8.23) z(k|k-1)=h(h)x,(k|k-1)，可以推导出残差协方差的计算公式如下： $$P_z(k|k-1)=C_{zz}(k|k-1)=H(k)P_x(k|k-1)H^T(k)$$ 其中： - $P_z(k|k-1)$ 是残差协方差矩阵，表示预测残差的协方差； - $H(k)$ 是观测矩阵，将状态向量转换为观测向量； - $P_x(k|k-1)$ 是状态预测的误差协方差矩阵，表示状态预测的不确定性； - $H^T(k)$ 是观测矩阵的转置。  该公式表示残差协方差是观测矩阵与状态预测误差协方差矩阵的乘积，再与观测矩阵的转置相乘的结果。它反映了状态预测误差如何通过观测矩阵传播到观测残差中。"
45,mtfc_v2,formula_reasoning,85,1,1,1,No,部分公式排版不规范,2,7,2,[],"['$ Y(k) $', '$ P(k/k-1) = E\\{e(k/k-1)e^T(k/k-1)\\} $', 'K', '$ e(k/k-1) $', '$ K(k) $']","系统噪声的协方差矩阵为 Q(k)=E{W(k)W1(k)} (2.3) 观测噪声的协方差矩阵为 R(k)=E{V(k)V(k)} (2.4) 卡尔曼滤波器就是在已知观测序列1Y(0),Y(1),⋯,Y(k)}的前提条件下,要求解 X(k)的估计值,使得后验误差估计的协方差矩阵P(h/k)最小。其中 ",先验误差估计的协方差矩阵 $ P(k/k-1) = E\{e(k/k-1)e^T(k/k-1)\} $ 是对先验误差估计 $ e(k/k-1) = X(k) - \hat{X}(k/k-1) $ 的二阶统计特性描述。具体关系如下：  1. **定义关系**：      先验误差估计 $ e(k/k-1) $ 是状态真值 $ X(k) $ 与先验估计值 $ \hat{X}(k/k-1) $ 的差值，即：    $$    e(k/k-1) = X(k) - \hat{X}(k/k-1)    $$    而其协方差矩阵 $ P(k/k-1) $ 是对 $ e(k/k-1) $ 的期望值的统计量，表示为：    $$    P(k/k-1) = E\{e(k/k-1)e^T(k/k-1)\}    $$  2. **物理意义**：      协方差矩阵 $ P(k/k-1) $ 描述了先验估计误差的不确定性。它反映了在没有利用当前观测值 $ Y(k) $ 的情况下，状态估计值 $ \hat{X}(k/k-1) $ 与实际状态 $ X(k) $ 之间的偏差程度。在卡尔曼滤波中，$ P(k/k-1) $ 是预测误差的统计特性，用于计算卡尔曼增益 $ K(k) $，从而确定当前观测值对状态估计的修正程度。  3. **在卡尔曼滤波中的作用**：      - **卡尔曼增益计算**：卡尔曼增益 $ K(k) $ 是通过先验误差协方差矩阵 $ P(k/k-1) $、观测噪声协方差矩阵 $ R(k) $ 以及系统转移矩阵 $ H $ 联合计算得到的，其公式为：      $$      K(k) = P(k/k-1)H^T(HP(k/k-1)H^T + R(k))^{-1}      $$      该增益决定了当前观测值对状态估计的修正权重。    - **误差协方差更新**：在滤波过程中，先验误差协方差矩阵 $ P(k/k-1) $ 会用于计算后验误差协方差矩阵 $ P(k/k) $，从而不断更新对状态估计误差的不确定性估计。  综上所述，先验误差估计的协方差矩阵 $ P(k/k-1) $ 是对先验误差 $ e(k/k-1) $ 的不确定性描述，它在卡尔曼滤波中用于计算卡尔曼增益并更新误差协方差矩阵，是滤波过程中的关键参数之一。
46,mtfc_v2,formula_reasoning,85,0,1,1,No,未完全涵盖推导过程中的关键数学表达式,3,5,6,"['G', 'E']","['$ Q(k) $', '$ X(k+1|k) = D(k) X(k|k) $', 'K', 'H', '$ P(k+1) $']",e(k/k-1)=X(k)-X(k/k-1) (2.7) 可以得到先验误差估计的协方差矩阵为 P(k/k-1)=E{e(k/k-1)e1(k/k-1)} (2.8) 假定卡尔曼滤波的后验估计如下式所示:  ... (文档跳转) ...  X(k)=X(k/k-1)+K(k)[Y(k)-HX(k/1),卡尔曼滤波的状态估计误差协方差矩阵的更新是基于状态转移矩阵和过程噪声协方差矩阵的。给定状态转移矩阵 $ D(k) $ 为 $ 2 \times 2 $ 矩阵，且过程噪声 $ W(k) $ 具有协方差矩阵 $ Q(k) $，状态估计误差的协方差矩阵 $ P(k+1) $ 可以通过以下步骤进行推导：  1. **预测步骤（状态预测和协方差预测）**：    - 状态预测公式为 $ X(k+1|k) = D(k) X(k|k) $。    - 状态估计误差的协方差预测公式为：      $$      P(k+1|k) = D(k) P(k|k) D(k)^T + Q(k)      $$    - 这一步骤将当前估计误差的协方差 $ P(k|k) $ 通过状态转移矩阵 $ D(k) $ 转换为下一时刻的预测协方差 $ P(k+1|k) $，并加上过程噪声的协方差矩阵 $ Q(k) $。  2. **更新步骤（观测更新和协方差更新）**：    - 假设观测方程为 $ Y(k) = H X(k) + V(k) $，其中 $ V(k) $ 是观测噪声，协方差矩阵为 $ R(k) $。    - 卡尔曼增益 $ K(k) $ 的计算公式为：      $$      K(k) = P(k|k-1) H^T (H P(k|k-1) H^T + R(k))^{-1}      $$    - 状态估计的更新公式为：      $$      X(k|k) = X(k|k-1) + K(k) (Y(k) - H X(k|k-1))      $$    - 协方差矩阵的更新公式为：      $$      P(k|k) = (I - K(k) H) P(k|k-1)      $$     - 注意，这里的 $ P(k|k) $ 是观测更新后的状态估计误差协方差矩阵。  3. **状态转移矩阵和噪声的影响**：    - 由于状态转移矩阵 $ D(k) $ 和过程噪声 $ W(k) $ 的影响，状态估计误差的协方差矩阵 $ P(k+1) $ 需要考虑到状态转移和噪声的共同作用。    - 具体地，状态估计误差的协方差矩阵 $ P(k+1) $ 可以表示为：      $$      P(k+1) = D(k) P(k) D(k)^T + Q(k)      $$    - 其中，$ D(k) $ 是状态转移矩阵，$ Q(k) $ 是过程噪声的协方差矩阵，$ P(k) $ 是当前状态估计误差的协方差矩阵。  综上所述，状态估计误差的协方差矩阵 $ P(k+1) $ 的计算逻辑是： 1. 通过状态转移矩阵 $ D(k) $ 将当前估计误差的协方差 $ P(k) $ 转换为下一时刻的预测协方差。 2. 加上过程噪声的协方差矩阵 $ Q(k) $，以考虑过程噪声对状态估计误差的影响。 3. 得到的协方差矩阵 $ P(k+1) $ 即为下一时刻的状态估计误差协方差矩阵。
47,mtfc_v2,formula_reasoning,85,1,1,1,No,未详细解释矩阵转置的数学原因,5,7,5,[],"['X', 'Y']",e(k/k-1)=X(k)-X(k/k-1) (2.7) 可以得到先验误差估计的协方差矩阵为 P(k/k-1)=E{e(k/k-1)e1(k/k-1)} (2.8) 假定卡尔曼滤波的后验估计如下式所示:  ... (文档跳转) ...  (2.17) P(k/k)= [I-K(k)H]P-1(k/k,卡尔曼增益的计算公式为K(k)=P(k/k-1)H^[T] [R(k)+H P(k/k-1) H^[T]]^{-1}，其中H是观测矩阵，R(k)是观测噪声的协方差矩阵。为了更清楚地理解这个公式的逻辑，我们从卡尔曼滤波的基本思想出发。  首先，卡尔曼滤波是一种递推算法，它通过融合预测模型和观测数据来估计系统的状态。在预测阶段，我们根据系统的动态模型对状态进行预测，并计算预测误差的协方差矩阵P(k/k-1)。在更新阶段，我们利用观测数据来修正预测的状态估计，并计算更新后的误差协方差矩阵P(k/k)。  为了计算卡尔曼增益K(k)，我们需要考虑观测数据和预测数据之间的关系。观测数据Y(k)和预测数据X(k/k-1)之间的关系可以通过观测模型H来描述。观测模型H是一个线性变换矩阵，它将状态向量X映射到观测空间。因此，观测数据Y(k)可以表示为Y(k)=HX(k/k-1)+v(k)，其中v(k)是观测噪声。  为了计算卡尔曼增益K(k)，我们需要考虑预测误差和观测噪声的协方差。预测误差的协方差是P(k/k-1)，而观测噪声的协方差是R(k)。我们还需要考虑观测矩阵H的转置HT，这是因为观测数据和预测数据之间的关系是通过H来描述的。具体来说，观测数据和预测数据之间的协方差矩阵是H P(k/k-1) H^[T]，而观测噪声的协方差矩阵是R(k)。  因此，卡尔曼增益K(k)的计算公式为K(k)=P(k/k-1) H^[T] [R(k)+H P(k/k-1) H^[T]]^{-1}。这个公式中的HT是必要的，因为它确保了观测数据和预测数据之间的协方差矩阵的正确计算。通过将H和HT相乘，我们可以得到一个与观测数据和预测数据之间的关系相匹配的协方差矩阵。  总结来说，卡尔曼增益K(k)的计算公式中的H是转置矩阵HT，是因为我们需要考虑观测数据和预测数据之间的关系。通过将H和HT相乘，我们可以得到一个与观测数据和预测数据之间的关系相匹配的协方差矩阵，从而正确地计算卡尔曼增益K(k)。
48,mtfc_v2,formula_reasoning,90,1,1,1,No,无,0,0,0,[],[],"【章节: 8.3】 【⚠️ MTFC 块 (AnchorScore=1.8)】 至关重要的。在多模型算法中,为了获得好的估计性能,在模型集中,至少要有一个模型接 近于系统实际起作用的模型。 为了方便起见,考虑目标在水平面上做机动。假设目标在A时刻的转弯速率为心(A (假设在采样周期其角速率为常数)。","在本题中，目标初始模型概率为 μ₀ = (0.6, 0.2, 0.2)，马尔可夫状态转移矩阵 π 为：  π =  [[0.97, 0.015, 0.015],  [0.015, 0.97, 0.015],  [0.015, 0.015, 0.97]]  在目标第一次转弯后，更新模型概率 μ₁ 的计算公式为：  μ₁ = π × μ₀  计算如下：  μ₁[0] = π[0][0] × μ₀[0] + π[0][1] × μ₀[1] + π[0][2] × μ₀[2]        = 0.97 × 0.6 + 0.015 × 0.2 + 0.015 × 0.2        = 0.582 + 0.003 + 0.003        = 0.588  μ₁[1] = π[1][0] × μ₀[0] + π[1][1] × μ₀[1] + π[1][2] × μ₀[2]        = 0.015 × 0.6 + 0.97 × 0.2 + 0.015 × 0.2        = 0.009 + 0.194 + 0.003        = 0.206  μ₁[2] = π[2][0] × μ₀[0] + π[2][1] × μ₀[1] + π[2][2] × μ₀[2]        = 0.015 × 0.6 + 0.015 × 0.2 + 0.97 × 0.2        = 0.009 + 0.003 + 0.194        = 0.206  因此，目标第一次转弯后，各模型的更新概率 μ₁ 为 (0.588, 0.206, 0.206)。"
49,mtfc_v2,formula_reasoning,65,0,1,0,No,对不确定区间的定义和解释存在偏差,2,2,2,[],[],"表4.1命题a,各种不确定区间的解释 不确定区间 [Bel(a?),Pl(a?)] 解释 对命题a?一无所知 [O,1] 命题a?为真的确切概率是0.6 [O.6,O.6] 命题a?完全为假 [O,o] 命题a?完全为真 [1,1] 证据部分支持命题a [O.25,1] 证据部分支持命题a;的反命题","根据教材片段中的定义，若某个传感器的Bel(a)=0.4，并且Pl(a)=0.6，那么可以得出以下结论：  1. **不确定区间**：该传感器对命题a的不确定区间为[0.4, 0.8]。这是因为在不确定区间中，Bel(a)表示支持度，而Pl(a)表示似然度，即1 - Bel(a)。因此，不确定区间为[Bel(a), 1 - Bel(a)] = [0.4, 0.8]。  2. **解释**：根据表4.1中的解释，不确定区间[0.4, 0.8]表示命题a为真的概率在0.4到0.8之间。这说明证据部分支持命题a，但没有完全支持。  3. **逻辑关系**：Bel(a)和Pl(a)的关系是互补的，即Pl(a) = 1 - Bel(a)。因此，当Bel(a) = 0.4时，Pl(a) = 1 - 0.4 = 0.6，这与题目中给出的Pl(a) = 0.6一致。  综上所述，根据给定的Bel(a)和Pl(a)，可以得出该传感器对命题a的不确定区间为[0.4, 0.8]，并且命题a为真的概率在0.4到0.8之间。"
50,mtfc_v2,formula_reasoning,80,1,1,1,No,无,1,1,1,[],"['X', '$$', '$K$', 'S_x', 'S']","m?() m?(·) m?() O.99 O.OO O.OO Peter 1.OO Paul O.O1 O.O1 O.99 O.OO Mary O.OO 试计算证人 W1和 W2提供证据的组合结果、 解 首先,计算归一化常数K。  ... (文档跳转) ...  (4.19) m;(h)m;(hz)",根据公式给出的K的计算公式： $$ K = \frac{X(m)Y(m)S_x(m)\theta(m)}{\sum X(m)Y(m)S_x(m)\theta(m)} $$  已知： - $\sum X(m)Y(m)S_x(m)\theta(m) = 120$ - 某个特定证据体的 $X(m)Y(m)S_x(m)\theta(m) = 30$  将已知值代入公式： $$ K = \frac{30}{120} $$  计算得出： $$ K = 0.25 $$  因此，这个特定证据体的归一化因子 $K$ 的值为 $0.25$。
51,mtfc_v2,formula_reasoning,0,1,False,1,No,judge_parse_error,0.00,0,0,[],"['$Pl(a_i)$', 'Omega', '$Bel(a_i)$', 'A', 'Dempster']","似然度也可以这样来计算,把和a,及与a,有关的并命题(包括识别框架0)的所有概 率分配值相加起来,即 (4.6) Pl(ai)=m(a)+m(aiUa)+⋯+m(@) 不确定区间定义为[Bel(a),Pl(ai)]这里显然有 Bel(ai)≤Pl(a?) (4.7) 图4.1直观显示了刚才讨论过的D","在Dempster-Shafer理论中，支持度和似然度是定义不确定区间的两个关键参数，其中支持度表示证据直接支持命题的概率分配值之和，而似然度表示证据直接支持命题反命题的概率分配值之和。当支持度和似然度为$[0.25,1]$时，不确定区间直接由这两个参数确定，即不确定区间为$[0.25,1]$。  具体而言，支持度$Bel(a_i)$和似然度$Pl(a_i)$的定义如下： 1. **支持度**：支持命题的直接证据对应的概率分配值之和，即$Bel(a_i) = \sum_{A \subseteq \Omega, a_i \in A} m(A)$。 2. **似然度**：支持命题反命题的不是直接证据对应的概率分配值之和，即$Pl(a_i) = \sum_{A \subseteq \Omega, a_i \in A} m(A)$。  在给定支持度为0.25和似然度为1的情况下，不确定区间即为$[Bel(a_i), Pl(a_i)] = [0.25, 1]$。  此外，根据Dempster-Shafer理论，不确定区间具有以下特性： - 支持度和似然度之间的关系为$Bel(a_i) \leq Pl(a_i)$。 - 不确定区间中的概率分配值既可能支持命题$a_i$，也可能支持其反命题$\neg a_i$。  综上所述，当支持度和似然度为$[0.25,1]$时，不确定区间为$[0.25,1]$。"
52,mtfc_v2,formula_reasoning,90,1,1,1,No,无,2,3,2,[],['Ua'],"似然度也可以这样来计算,把和a,及与a,有关的并命题(包括识别框架0)的所有概 率分配值相加起来,即 (4.6) Pl(ai)=m(a)+m(aiUa)+⋯+m(@) 不确定区间定义为[Bel(a),Pl(ai)]这里显然有 Bel(ai)≤Pl(a?) (4.7) 图4.1直观显示了刚才讨论过的D","根据公式(4.6)Pl(ai)=m(a)+m(aiUa)+⋯+m(@)，可以推导出不确定区间[Bel(ai),Pl(ai)]的下界和上界之间的关系为Bel(ai)≤Pl(ai)。这个关系的含义是，命题的支持度Bel(ai)是基于传感器的直接证据而得到的命题发生的最小概率，而似然度Pl(ai)是命题的支持度加上命题潜在可能发生的概率，因此，似然度Pl(ai)是命题发生的最大概率。这两个边界说明了某个证据中有多大比例是真正支持某个命题的，有多大比例是我们对该证据的不了解，以及有多大比例是为了概率分配函数的归一化。"
53,mtfc_v2,formula_reasoning,85,1,1,1,No,未明确说明取小法是模糊交运算的标准方法,2,4,2,[],"['$ |x| \\in [0, \\sqrt{2}] $', '$ B(0) = 1 $', '$ |x| > \\sqrt{2} $', '$ A(x) = \\exp\\left(-\\frac{|x|}{2}\\right) $', '$ x \\in (-\\infty, -\\sqrt{2}) \\cup (\\sqrt{2}, \\infty) $']","(2)求隶属函数田线。以论域元素为横坐标,录属度为纵坐标,画出是够多元素的录 属度(点),将这些点连接起来,得到所求模糊集合的录属函数曲线。  ... (文档跳转) ...  三者隶属度函数均选择三角形隶属度函数,隶属函数值如图5.4所示。将E、EC、U量 化,量化后的E、EC、U的隶属度函数表如表","根据题设条件，已知全集 $ U = \mathbb{R} $，集合 $ A $ 和 $ B $ 的隶属度函数分别为： $$ A(x) = \exp\left(-\frac{|x|}{2}\right) $$ $$ B(x) = \exp\left(-\frac{x^2}{2}\right) $$  要计算 $ A \cap B $ 的隶属度函数，需要根据模糊集合的交运算规则。模糊集合的交运算通常采用 **取小法**，即： $$ (A \cap B)(x) = \min\{A(x), B(x)\} $$  ### 步骤 1：分析隶属度函数的表达式 - 集合 $ A $ 的隶属度函数 $ A(x) = \exp\left(-\frac{|x|}{2}\right) $ 是一个对称的指数函数，其在 $ x = 0 $ 处取得最大值 $ A(0) = 1 $，随着 $ |x| $ 的增大，隶属度函数值逐渐减小。 - 集合 $ B $ 的隶属度函数 $ B(x) = \exp\left(-\frac{x^2}{2}\right) $ 是一个对称的高斯函数，其在 $ x = 0 $ 处取得最大值 $ B(0) = 1 $，随着 $ |x| $ 的增大，隶属度函数值也逐渐减小。  ### 步骤 2：计算 $ A \cap B $ 的隶属度函数 $$ (A \cap B)(x) = \min\left\{\exp\left(-\frac{|x|}{2}\right), \exp\left(-\frac{x^2}{2}\right)\right\} $$  ### 步骤 3：绘制图形 - 当 $ |x| \in [0, \sqrt{2}] $ 时，$ \exp\left(-\frac{|x|}{2}\right) $ 的值大于 $ \exp\left(-\frac{x^2}{2}\right) $，因此 $ (A \cap B)(x) = \exp\left(-\frac{x^2}{2}\right) $。 - 当 $ |x| > \sqrt{2} $ 时，$ \exp\left(-\frac{|x|}{2}\right) $ 的值小于 $ \exp\left(-\frac{x^2}{2}\right) $，因此 $ (A \cap B)(x) = \exp\left(-\frac{|x|}{2}\right) $。  ### 图形描述 - 在区间 $ x \in [-\sqrt{2}, \sqrt{2}] $ 内，隶属度函数 $ (A \cap B)(x) $ 随着 $ x $ 的绝对值增大而减小，形状与高斯函数一致。 - 在区间 $ x \in (-\infty, -\sqrt{2}) \cup (\sqrt{2}, \infty) $ 内，隶属度函数 $ (A \cap B)(x) $ 随着 $ x $ 的绝对值增大而减小，形状与指数函数一致。  因此，最终的隶属度函数 $ (A \cap B)(x) $ 的图形是一个在 $ x \in [-\sqrt{2}, \sqrt{2}] $ 内与高斯函数一致，而在 $ x \in (-\infty, -\sqrt{2}) \cup (\sqrt{2}, \infty) $ 内与指数函数一致的分段函数。"
54,mtfc_v2,formula_reasoning,85,1,1,1,No,未完全提及水平截集的定义,0,3,0,[],"['A', 'Fa', 'U']","(2)求隶属函数田线。以论域元素为横坐标,录属度为纵坐标,画出是够多元素的录 属度(点),将这些点连接起来,得到所求模糊集合的录属函数曲线。 (3)求录属函数。将求得的录属函数曲线与常用录属函数曲线相比较,取形状相似的 录属函数曲线所对应的函数,修改其参数,使修改参数后的录属函数的曲线与所求隶属函数","对于模糊数A的λ-水平截集A=[x,y]，根据公式(5.7)和(5.8)，我们可以得到： - Fa+={u|u∈U且μp(u)>λ}，即所有论域元素中隶属度大于λ的元素构成的集合。 - Fa={u|u∈U且μp(u)≥λ}，即所有论域元素中隶属度大于等于λ的元素构成的集合。  对于给定的论域U={1,2,3,4,5}和模糊数的隶属函数μp(u)=[0.1,0.3,0.5,0.7,0.9]，当λ=0.5时： - 首先，计算μp(u)>λ的元素，即μp(u)>0.5的元素对应u的值为4和5。 - 然后，计算μp(u)≥λ的元素，即μp(u)≥0.5的元素对应u的值为3、4和5。  因此，对于模糊数A的λ-水平截集A=[x,y]，当λ=0.5时，得到的区间为[3,5]。"
55,mtfc_v2,formula_reasoning,95,1,1,1,No,未提及公式中的条件概率P(E|Hi)的定义，但不影响最终结果的正确性,3,3,3,[],"['O', 'Hi', 'R', 'C']","P(E)= (3.6) [P(E|H;)P(H;)] i=1 式(3.6)称为全概率公式。  ... (文档跳转) ...  P(E|H)P(H?) P(HE)= (3.8) [P(E|H;)P(H,)」 j=1 式中,P(H1E)为在给定证据E的情况下,假设事件日,发生的概率;P(E|日)为假设事","根据全概率公式 P(E) = Σ P(E|H;)P(H;) (i=1)，可以计算 P(E) 的值。 首先，事件空间被划分为两个互斥且穷尽的事件 H1 和 H2，这意味着 P(H1) + P(H2) = 1。已知 P(H1) = 0.4，P(H2) = 0.6。 然后，已知 P(E|H1) = 0.7，P(E|H2) = 0.3。 根据全概率公式，P(E) = P(E|H1)P(H1) + P(E|H2)P(H2) = 0.7×0.4 + 0.3×0.6 = 0.28 + 0.18 = 0.46。 因此，P(E) 的值为 0.46。 计算过程中的每一步骤分别是：首先确认事件空间的划分和先验概率，然后计算每个假设条件下事件E发生的概率，并将这些概率乘以相应的先验概率，最后将所有结果相加得到P(E)的值。  注意：文档中的公式存在OCR识别错误，例如式(3.8)中的""P(H1E)""应为""P(Hi|E)""，""P(E|H)""应为""P(E|Hi)""，""P(H)""应为""P(Hi)""，""P(E丨H)p(H)""应为""P(E|Hi)P(Hi)""。在计算过程中，应使用正确的公式和符号。"
56,mtfc_v2,formula_reasoning,50,0,0,0,Suspected,公式和内容与标准答案不一致。待评测回答中推导的公式是ΔW_{m}^{(t+1)} = -η d_m · X_{m-1} + α ΔW_{m}^{(t)}，但标准答案中的公式是ΔW_{k} = 2η(Y_{k} - X_{k})U_{k}。待评测回答的推导过程没有按照参考上下文和标准答案中的公式进行，且存在多处错误。,4,3,3,"['U_{k}', 'X_{k}', 'Y_{k}', 'W_{k}', 'U']","['d_m', '$ \\Delta W_{m}^{(t+1)} $', 'W_{m}', '$$', '$ \\eta $']","将实际输出x”与期望输出Y相比较,如果两者不等,则产生误差信号e,接着则按如 下公式反向传播修改权系数: AWg=2WgX (6.11) 可见,误差函数的求取是从输出层开始到输人层的反向传播过程,在这个过程中不断进 行递归求误差。通过多个样本的反复训练,同时向误差渐渐减小的方向对权系数进行修正 以达",基于给定的背景信息和公式，输出层权值的修正公式可以通过以下步骤进行推导和解释：  ### 推导过程  1. **误差信号的计算**：    输出层的误差信号 $ d_m $ 通过以下公式计算：    $$    d_m = X_m(1 - X_m)(X_m - Y)    $$    其中，$ X_m $ 是输出层神经元的输出值，$ Y $ 是期望输出值，$ X_m(1 - X_m) $ 是输出层神经元的激活函数的导数。  2. **权值的修正**：    输出层权值 $ W_{m} $ 的修正公式为：    $$    \Delta W_{m}^{(t+1)} = -\eta d_m \cdot X_{m-1} + \alpha \Delta W_{m}^{(t)}    $$    其中：    - $ \eta $ 是学习率（learning rate），决定了权值更新的步长。    - $ X_{m-1} $ 是前一层的输出，即输入层的输出。    - $ \alpha $ 是动量系数（momentum coefficient），用于在更新权值时保留上一次的更新信息，以加快收敛速度并减少波动。    - $ \Delta W_{m}^{(t)} $ 是上一次的权值修正量。  ### 关键步骤解释  1. **误差信号的计算**：    - 输出层的误差信号 $ d_m $ 是根据实际输出 $ X_m $ 与期望输出 $ Y $ 的差值，并乘以激活函数的导数得到的。这一步的目的是量化神经网络输出与期望输出之间的误差。  2. **权值的修正**：    - 修正公式中的 $ -\eta d_m \cdot X_{m-1} $ 是当前的权值更新部分，通过将误差信号 $ d_m $ 与前一层的输出 $ X_{m-1} $ 相乘，再乘以学习率 $ \eta $，得到当前的权值更新方向和大小。    - 动量项 $ \alpha \Delta W_{m}^{(t)} $ 是为了保留上一次的更新信息，使得权值的更新更加稳定，并有助于跳出局部最优解。    - 修正后的权值 $ \Delta W_{m}^{(t+1)} $ 用于更新神经网络的权值，使得下一次的输出更接近期望输出。  ### 总结  输出层权值的修正公式是反向传播算法中的核心部分，它通过计算误差信号并将误差信号与前一层的输出相乘，得到权值的更新方向。同时，通过引入学习率和动量系数，可以有效调整权值的更新步长和方向，使得神经网络能够逐步减小误差，最终达到期望的输出。
57,mtfc_v2,formula_reasoning,70,1,0,0,No,推导过程和公式不匹配，未能正确反映参考上下文中的内容。,3,6,5,"['$\\frac{\\partial e}{\\partial U}$', 'W_i', '$\\frac{\\ial U}{\\partial W}$']","['$W_g$', 'Wi', 'A', 'W_{g}}', '$X$']","【章节: 6.2】 【⚠️ MTFC 块 (AnchorScore=1.8)】 C 6.2.2 BP神经网络算法的数学表达 BP神经网络算法的实质是求取误差函数的最小值问题,这种算法采用非线性规划中的 最速下降方法,按误差函数的负梯度方向修改权系数 首先,定义输出层的误差函数 (6.3) ( 2 其",根据教材片段中的公式推导，从式(6.6)和式(6.8)推导出最终的权值更新公式AWi的过程如下：  首先，式(6.6)和式(6.8)可以表示为： $$ \frac{\partial e}{\partial W_{g}} = \frac{\partial e}{\partial U} \cdot \frac{\partial U}{\partial W_{g}} $$ $$ \Delta W_{g} = -\eta \cdot \frac{\partial e}{\partial W_{g}} $$ 其中，$\frac{\partial e}{\partial W_{g}}$ 是误差函数对权值$W_g$的偏导数，$\eta$是学习率。  然后，将式(6.6)代入式(6.8)，得到： $$ \Delta W_{g} = -\eta \cdot \frac{\partial e}{\partial U} \cdot \frac{\partial U}{\partial W_{g}} $$  接着，根据教材片段中的公式推导，可以得到： $$ \frac{\partial e}{\partial U} = (Y - X) \cdot \frac{\partial X}{\partial U} $$ $$ \frac{\partial U}{\partial W_{g}} = X $$ 其中，$Y$是输出单元的期望输出值，$X$是输出单元的实际输出值。  将这两个公式代入上式，得到： $$ \Delta W_{g} = -\eta \cdot (Y - X) \cdot \frac{\partial X}{\partial U} \cdot X $$  最后，根据教材片段中的公式推导，可以得到： $$ \frac{\partial X}{\partial U} = 1 - X $$ 因此，最终的权值更新公式为： $$ \Delta W_{g} = -\eta \cdot (Y - X) \cdot (1 - X) \cdot X $$  综上所述，从式(6.6)和式(6.8)推导出最终的权值更新公式AWi的过程是： $$ \frac{\partial e}{\partial W_{g}} = \frac{\partial e}{\partial U} \cdot \frac{\partial U}{\partial W_{g}} $$ $$ \Delta W_{g} = -\eta \cdot \frac{\partial e}{\partial W_{g}} $$ $$ \frac{\partial e}{\partial U} = (Y - X) \cdot \frac{\partial X}{\partial U} $$ $$ \frac{\partial U}{\partial W_{g}} = X $$ $$ \frac{\partial X}{\partial U} = 1 - X $$ $$ \Delta W_{g} = -\eta \cdot (Y - X) \cdot (1 - X) \cdot X $$
58,mtfc_v2,formula_reasoning,0,1,0,0,Suspected,待评测回答与参考上下文和标准答案内容完全不相关，属于严重偏离主题的错误。,2,2,0,"['W', 'J']","['Error', 'P', 'Call', 'Connection', 'Remote']","(1)正同传播。输人的样本从输入层经过隐含层,一层一层进行处理,通过所有的隐 含层之后,则传同输出层。在逐层处理的过程中,每一层神经元的状态只对下一层神经元的 状态产生影响。在输出层,把实际输出和期望输出进行比较,如果实际输出不等于期望输 /  ... (文档跳转) ...  10.2.5反向传播算","Remote Call Error: HTTPConnectionPool(host='ps2.tail07443e.ts.net', port=2640): Read timed out. (read timeout=60)"
59,mtfc_v2,formula_reasoning,50,1,False,0,Suspected,judge_parse_error,3.00,2,2,"['H_1', 'H_2', 'H_i', 'H_n}', 'E']","['Error', 'Call', 'Connection', 'Remote', 'T']","P(E)= (3.6) [P(E|H;)P(H;)] i=1 式(3.6)称为全概率公式。  ... (文档跳转) ...  P(E|H)P(H?) P(HE)= (3.8) [P(E|H;)P(H,)」 j=1 式中,P(H1E)为在给定证据E的情况下,假设事件日,发生的概率;P(E|日)为假设事","Remote Call Error: HTTPConnectionPool(host='ps2.tail07443e.ts.net', port=2640): Read timed out. (read timeout=60)"
60,mtfc_v2,formula_reasoning,70,0,0,1,No,公式表达不准确且缺少关键推导步骤,4,4,6,"['B', 'P']",['U'],"习公式(6.8)可以表示为 (6.9) AW=-ndx·X 进一步推导,有 de=X÷(1-Xi)·2Wa°di+ (6.1O) 从上述过程可知,多层网络的训练方法是把一个样本加到输入层,并根据向前传播的规 则X=(V),不断一层一层地向输出层传递,最终在输出层可以得到输出X”。 将实际输出x”与期",根据背景信息和问题描述，输出层的误差函数为e=1/2(Y_t−X_o)^2，而权值更新公式为AW=−η*∂W/∂U。我们需要将误差函数与权值更新公式联系起来，并推导出权值更新的具体表达式。    首先，根据背景信息，误差信号的计算从输出层开始，通过反向传播算法不断递归求误差。误差函数e=1/2(Y_t−X_o)^2是输出层的误差，其中Y_t是期望输出，X_o是实际输出。根据链式法则，误差对权值W的偏导数为∂e/∂W。为了得到权值的更新公式，我们需要对误差函数进行求导，并将其与权值的更新公式相结合。    首先，对误差函数求导。根据链式法则，误差对权值W的偏导数为∂e/∂W=∂e/∂X_o×∂X_o/∂W。    其次，根据背景信息中的公式AW=−η*∂W/∂U，我们可以将误差信号e与权值的更新公式结合起来。将误差信号e与权值的偏导数相乘，可以得到权值的更新公式。即，AW=−η*∂e/∂W。    因此，权值的更新公式为AW=−η*∂e/∂W=−η*∂e/∂X_o×∂X_o/∂W。    综上所述，权值的更新公式为AW=−η*∂e/∂X_o×∂X_o/∂W，其中∂e/∂X_o是误差对输出的偏导数，∂X_o/∂W是输出对权值的偏导数。这两个偏导数可以通过链式法则计算得到。    需要注意的是，这里的推导过程是基于反向传播算法的，即误差信号从输出层开始，通过反向传播算法不断递归求误差，并最终得到权值的更新公式。因此，权值的更新公式是误差信号与权值的偏导数的乘积。
61,mtfc_v2,formula_reasoning,60,1,0,1,No,公式使用错误,3,3,3,[],[],"一个给定命题的支持度是这样定义的;传感器直接分配给该命题让据所对应的概率分配 直的和。这里传感器直接分配给孩命题的证据是指:孩命题及组成该命题的于命题的某些升 命题的集合,这些并命题是指被传感器赋予一定概率分配值的并命题。按照这个定义,某个 传感器判决目标类型为a,的支持度为 Bel(a)=m(a?",支持度Bel(a1Ua2Ua3)是传感器直接分配给该命题的证据所对应的概率分配的总和。根据给定的公式，Bel(a1Ua2Ua3)=m(a1)+m(a2)+m(a3)+m(a1Ua2)+m(a1Ua3)+m(a2Ua3)+m(a1Ua2Ua3)，代入数值得到： Bel(a1Ua2Ua3)=0.5+0.3+0.1+0.05+0.03+0.02+0.05=1.08。这明显大于1，不符合概率的基本要求，说明给定的m值不满足概率分配的基本性质，因此无法计算支持度Bel(a1Ua2Ua3)和似然度Pl(a1)。
62,mtfc_v2,formula_reasoning,45,1,0,0,Suspected,公式和推导过程存在严重错误，未正确反映参考标准答案和参考上下文中的定义和计算步骤。,7,6,6,['Kx'],"['m_s', 'm_x', 'm_y']","【章节: 4.4】 【⚠️ MTFC 块 (AnchorScore=1.8)】 这三种人体行为的图像表示,如图4.2所示。 a b) C) 图4.2 三种人体行为的图像表示 a)端坐 b)左顾右盼 c)理头 结合D-S证据理论,在设定的人体辨识框架2下,可以得到下面的信息融合模型 (4.17) X;",根据公式(4.17)和(4.18)，归一化因子K的表达式可以推导如下：  首先，公式(4.17)定义了信息融合模型，其中X、Y、S和θ分别代表x轴质心坐标变化、y轴质心坐标变化、面积变化和角度变化。K是归一化因子，其定义如公式(4.18)所示。  公式(4.18)可以表示为： K = [X(m_x)Y(m_y)S(m_s)θ(m_θ)] / [X(m_x)Y(m_y)S(m_s)θ(m_θ) * (x?nynSx∩6p≠a) / (x?nynSxn6p=2)]  其中，分子和分母中的项是四个证据体的变化值，而分母中的(x?nynSx∩6p≠a)和(x?nynSxn6p=2)是两个不同的条件。  推导过程中，首先需要将公式(4.17)中的四个证据体的变化值代入公式(4.18)中，得到一个包含这些值的表达式。然后，需要对这个表达式进行归一化处理，即将其除以一个归一化因子，使得整个表达式的值在0到1之间。  归一化因子K的计算过程可以分为以下关键步骤： 1. 将公式(4.17)中的四个证据体的变化值代入公式(4.18)中，得到一个包含这些值的表达式。 2. 对这个表达式进行归一化处理，即将其除以一个归一化因子，使得整个表达式的值在0到1之间。 3. 计算归一化因子K的值，即将得到的表达式除以一个归一化因子，得到最终的K值。  需要注意的是，在公式(4.18)中，分母中的(x?nynSx∩6p≠a)和(x?nynSxn6p=2)是两个不同的条件，可能会影响最终的K值。因此，在推导过程中需要特别注意这些条件的处理。  综上所述，归一化因子K的表达式可以通过将公式(4.17)中的四个证据体的变化值代入公式(4.18)中，并进行归一化处理得到。关键步骤包括代入、归一化处理和条件处理。
63,mtfc_v2,formula_reasoning,85,1,1,1,No,无,0,0,0,[],[],"表4.1进一步解释了不确定区间这个概念。比如,如果不确定区间为[0,1]表示对命 题a,一无所知,因为证据没有去直接支持a,也没有去直接反驳a,这时似然度等于1,正 o5; 好等于不确定区间的宽度。  ... (文档跳转) ...  予了该命题的反命题,因此a,的支持度为0,它的似然度1-Ba(a)","在给定支持度和似然度为[0.25,1]的情况下，不确定区间为[0,0.75]。以下为不确定区间的计算逻辑推导过程：  1. **支持度与似然度的定义**：    - 支持度是指支持该命题的传感器直接证据所对应的概率分配值的和。    - 似然度是指支持该命题反命题的不是传感器直接证据所对应的概率分配值的和。  2. **不确定区间宽度的定义**：    - 不确定区间的宽度等于支持度与似然度的差值，即不确定区间的宽度为1 - 0.25 = 0.75。  3. **不确定区间的确定**：    - 不确定区间是支持度和似然度之间的区间，即不确定区间为[0,0.75]。  因此，当支持度和似然度为[0.25,1]时，不确定区间为[0,0.75]。"
64,mtfc_v2,formula_reasoning,75,1,1,0,Suspected,对不确定区间解释的不完整性和表述不准确,3,2,2,['Ua'],"['$Pl(a_i)$', 'Omega', '$Bel(a_i)$', 'a_j', '$Bel(a_i) = 0.3$']","似然度也可以这样来计算,把和a,及与a,有关的并命题(包括识别框架0)的所有概 率分配值相加起来,即 (4.6) Pl(ai)=m(a)+m(aiUa)+⋯+m(@) 不确定区间定义为[Bel(a),Pl(ai)]这里显然有 Bel(ai)≤Pl(a?) (4.7) 图4.1直观显示了刚才讨论过的D","根据公式(4.6) $Pl(a_i) = m(a_i) + m(a_i \cup a_j) + \cdots + m(\Omega)$，假设 $m(a_i) = 0.3$、$m(a_i \cup a_j) = 0.2$ 和 $m(\Omega) = 0.1$，则 $Pl(a_i)$ 的计算如下：  $$ Pl(a_i) = 0.3 + 0.2 + 0.1 = 0.6 $$  接下来解释这些值如何对应到不确定区间的上下界：  1. **支持度 $Bel(a_i)$**：支持度是命题 $a_i$ 的最小概率，对应于直接证据的支持程度。根据公式，支持度是所有直接证据的概率分配值的总和，即 $Bel(a_i) = m(a_i)$。这里 $m(a_i) = 0.3$，所以 $Bel(a_i) = 0.3$。  2. **似然度 $Pl(a_i)$**：似然度是命题 $a_i$ 的最大概率，对应于命题的支持度加上潜在可能发生的概率。根据公式，似然度是所有概率分配值的总和，即 $Pl(a_i) = m(a_i) + m(a_i \cup a_j) + \cdots + m(\Omega)$。这里 $Pl(a_i) = 0.6$。  因此，不确定区间为 $[Bel(a_i), Pl(a_i)] = [0.3, 0.6]$。支持度 $0.3$ 表示命题 $a_i$ 的最小概率，即直接证据的支持程度；似然度 $0.6$ 表示命题 $a_i$ 的最大概率，即命题的支持度加上潜在可能发生的概率。"
65,mtfc_v2,formula_reasoning,80,1,1,1,No,未完全提及公式中的具体参数名称,0,3,1,[],"['$\\frac{\\partial J(W,b)}{\\partial W}$', 'M', 'W', 'R', 'Sprop']","AW,(t+1)=-ndi·Xi-1+aAW,(t) (6.12) 其中,η为学习率,即步长;α为权系数修正常数,一般取0.7~0.9。  ... (文档跳转) ...  10.2.5反向传播算法 反向传播算法于1975年由PaulWerbos提出,通过对网络中损失函数梯度的反向传播 解决神经网络中","是的，公式(10.12)和(10.13)中参数更新的计算逻辑与学习率α相关。  **具体作用**： 学习率α是参数更新过程中的一个关键控制因子，它决定了在梯度下降方向上，参数更新的步长大小。在公式中，学习率α与梯度$\frac{\partial J(W,b)}{\partial W}$和$\frac{\partial J(W,b)}{\partial b}$相乘，从而决定了参数W和b的更新幅度。如果α较大，参数更新的步长较大，可能导致参数跳过最优解；如果α较小，参数更新的步长较小，可能导致收敛速度变慢。  **如何平衡a的取值**： 在训练深度神经网络时，学习率α的取值需要根据具体问题和网络结构进行合理选择。通常有以下几种方法： 1. **固定学习率**：设置一个固定的学习率α，适用于简单的问题和网络结构。但这种方法在训练过程中可能会出现收敛速度慢或者无法收敛的问题。 2. **动态调整学习率**：根据训练过程中的某些指标动态调整学习率，如学习率衰减、自适应学习率方法等。这些方法可以更好地平衡参数更新的步长，使得模型可以更快地收敛。 3. **自适应学习率算法**：如Adam、RMSprop等算法，它们可以根据参数的历史梯度信息动态调整学习率α，使得参数更新更加高效和稳定。 4. **学习率调度器**：在训练过程中，根据训练的阶段调整学习率的大小，如在训练初期使用较大的学习率，随着训练的进行逐渐减小学习率。  在实际应用中，通常会采用自适应学习率算法或学习率调度器来平衡α的取值，以达到更好的训练效果。"
66,mtfc_v2,formula_reasoning,80,1,0,1,No,公式匹配错误,2,2,2,[],"['u_0', 'R']","P(X)=P(X|X)P(X)+P(X|X)P(X)=P(X|X) (3.11) 这样虽然X,和X,之间存在边连接但它们还是满是条件独立性。同样,可以推出X,和 X,条件独立,这也与有向分离相矛盾。实际上,对于贝叶斯网络图=(G,O)及联合概率 P(V),若X和Y被Z有向分离,则对于任意的网络参数0","首先,我们明确模糊数的定义和λ-水平截集的概念。模糊数A是一个模糊集,其隶属函数为μ_A(u),满足:   1. 支撑集为实数集R,即 supp(A)= {u∈R|μ_A(u)>0};   2. μ_A(u)是连续的;   3. μ_A(u)是凸的;   4. μ_A(u)有最大值1且为正规模糊数,即存在u_0∈R使得μ_A(u_0)=1。    对于模糊数A的λ-水平截集A^λ,其定义为:   A^λ={u∈U|μ_A(u)≥λ},λ∈(0,1]    由于模糊数的λ-水平截集是一个区间,我们将其记为A^λ=[x,y],其中x为左端点,y为右端点。那么,通过公式推导得到区间端点x和y的表达式的方法如下:    1. 对于模糊数A的隶属函数μ_A(u),确定其最大值为1的点u_0,即μ_A(u_0)=1。   2. 确定λ的取值范围为(0,1],并将λ代入到模糊数A的隶属函数μ_A(u)中,得到:   μ_A(u)≥λ。   3. 解不等式μ_A(u)≥λ,得到一个区间[x,y],其中x为左端点,y为右端点。    通过上述步骤,我们可以得到模糊数A的λ-水平截集A^λ的区间端点x和y的表达式:   x=μ^{-1}_A(λ)   y=μ^{-1}_A(λ)    这里,μ^{-1}_A(λ)表示隶属函数μ_A(u)的反函数,即满足μ_A(u)=λ的u值。    综上所述,通过上述公式推导可以得到模糊数A的λ-水平截集A^λ的区间端点x和y的表达式。"
67,mtfc_v2,formula_reasoning,90,1,1,1,No,无,3,3,4,[],"['$ E \\cap H_i $', 'Omega', '$ E = \\bigcup_{i} (E \\cap H_i) $', '$ H_i $', '$ i \\neq j $']","P(E)= (3.6) [P(E|H;)P(H;)] i=1 式(3.6)称为全概率公式。  ... (文档跳转) ...  P(E|H)P(H?) P(HE)= (3.8) [P(E|H;)P(H,)」 j=1 式中,P(H1E)为在给定证据E的情况下,假设事件日,发生的概率;P(E|日)为假设事",全概率公式 $ P(E) = \sum P(E|H_i)P(H_i) $ 的推导过程中，各条件概率 $ P(E|H_i) $ 的独立性和互斥性是通过假设 $ H_i $ 之间满足互斥且穷尽的条件来保证的。具体而言：  1. **互斥性**：假设 $ H_i $ 之间是互斥的，即对于任意 $ i \neq j $，有 $ H_i \cap H_j = \emptyset $。这意味着在给定的条件下，事件 $ H_i $ 与 $ H_j $ 不可能同时发生。  2. **穷尽性**：假设 $ H_i $ 构成了样本空间的一个划分，即 $ \bigcup_{i} H_i = \Omega $，其中 $ \Omega $ 是所有可能的事件空间。这意味着对于任意一个事件 $ E $，它必定会落在某个 $ H_i $ 中。  在这些前提下，将 $ E $ 分解为 $ E = \bigcup_{i} (E \cap H_i) $，由于 $ H_i $ 是互斥的，这些交集 $ E \cap H_i $ 也是互斥的。因此，利用概率的可加性，可以得出： $$ P(E) = \sum P(E \cap H_i) $$ 然后，根据条件概率的定义 $ P(E|H_i) = \frac{P(E \cap H_i)}{P(H_i)} $，得到： $$ P(E \cap H_i) = P(E|H_i)P(H_i) $$ 将这一表达式代入前面的公式，最终得到全概率公式： $$ P(E) = \sum P(E|H_i)P(H_i) $$  通过上述的互斥性和穷尽性假设，确保了每个 $ P(E|H_i) $ 在计算时不会重复计算或遗漏，从而保证了公式的正确性。
68,mtfc_v2,formula_reasoning,85,1,1,1,No,部分步骤的表达不够严谨,3,5,3,[],"['$\\text{input}$', '$X$', '$f$', '$W$', '$Y$']","C 6.2.2 BP神经网络算法的数学表达 BP神经网络算法的实质是求取误差函数的最小值问题,这种算法采用非线性规划中的 最速下降方法,按误差函数的负梯度方向修改权系数 首先,定义输出层的误差函数 (6.3) ( 2 其中,Y,是输出单元的期望输出值;X?是输出单元的实际输出值 由于BP神经网络算法",根据BP神经网络算法的数学表达，输出层的误差函数为： $$ e = \frac{1}{2}(Y - X)^2 $$ 其中，$Y$ 是期望输出值，$X$ 是实际输出值。输出层的权系数为 $W$，其修正量 $\Delta W$ 与误差函数的梯度之间的关系可以通过以下步骤推导：  1. **计算误差函数对权系数的偏导数**：    根据BP神经网络算法，权系数的修正量是误差函数的负梯度方向。因此，首先需要计算误差函数 $e$ 对权系数 $W$ 的偏导数。    $$    \frac{\partial e}{\partial W} = \frac{\partial}{\partial W} \left( \frac{1}{2}(Y - X)^2 \right)    $$  2. **将实际输出 $X$ 表示为权系数 $W$ 的函数**：    在神经网络中，实际输出 $X$ 是由输入信号通过权系数 $W$ 和激活函数 $f$ 得到的。假设激活函数为线性函数（例如，无激活函数或恒等函数），则实际输出可以表示为：    $$    X = W \cdot \text{input}    $$    其中，$\text{input}$ 是输入信号。  3. **应用链式法则求导**：    根据链式法则，误差函数对权系数 $W$ 的偏导数可以分解为两部分：    $$    \frac{\partial e}{\partial W} = \frac{\partial e}{\partial X} \cdot \frac{\partial X}{\partial W}    $$  4. **计算各项的导数**：    - 误差函数 $e$ 对实际输出 $X$ 的偏导数：      $$      \frac{\partial e}{\partial X} = \frac{\partial}{\partial X} \left( \frac{1}{2}(Y - X)^2 \right) = -(Y - X)      $$    - 实际输出 $X$ 对权系数 $W$ 的偏导数：      $$      \frac{\partial X}{\partial W} = \frac{\partial}{\partial W} (W \cdot \text{input}) = \text{input}      $$  5. **将导数相乘**：    将上述结果相乘，得到误差函数对权系数 $W$ 的偏导数：    $$    \frac{\partial e}{\partial W} = -(Y - X) \cdot \text{input}    $$  6. **权系数的修正量**：    根据BP神经网络算法，权系数的修正量是误差函数的负梯度方向，乘以学习率 $\eta$：    $$    \Delta W = -\eta \cdot \frac{\partial e}{\partial W}    $$    将之前得到的导数代入，可以得到：    $$    \Delta W = \eta \cdot (Y - X) \cdot \text{input}    $$  7. **简化表达式**：    通常将 $Y - X$ 记为误差 $e$，因此可以进一步简化为：    $$    \Delta W = \eta \cdot e \cdot \text{input}    $$  通过以上步骤，可以得到权系数的修正量 $\Delta W$ 与误差函数的梯度之间的关系。权系数的修正量是误差函数的负梯度方向，乘以学习率 $\eta$，并结合输入信号的值。
69,mtfc_v2,formula_reasoning,85,0,1,1,No,未提及激活函数的导数与输入的乘积,0,6,0,[],"[""$f'(U)$"", '$\\frac{\\partial X}{\\partial U}$', 'W', '$X$', '$U$']","C 6.2.2 BP神经网络算法的数学表达 BP神经网络算法的实质是求取误差函数的最小值问题,这种算法采用非线性规划中的 最速下降方法,按误差函数的负梯度方向修改权系数 首先,定义输出层的误差函数 (6.3) ( 2 其中,Y,是输出单元的期望输出值;X?是输出单元的实际输出值 由于BP神经网络算法",根据教材片段中的公式推导，权值的更新公式是通过误差函数的负梯度方向得到的。推导过程中涉及的关键步骤和数学原理如下：  1. **定义误差函数**：首先，定义输出层的误差函数 $e$，其形式为 $e = \frac{1}{2}(Y - X)^2$，其中 $Y$ 是输出单元的期望输出值，$X$ 是输出单元的实际输出值。该误差函数是输出层神经元的输出与期望输出的平方差的一半。  2. **确定权值的更新方向**：BP神经网络算法按照误差函数的负梯度方向修改权系数。权值的修改量为 $\Delta W = -\eta \frac{\partial e}{\partial W}$，其中 $\eta$ 是学习率，$\frac{\partial e}{\partial W}$ 是误差函数对权值的梯度。  3. **求导数得到梯度**：为了求得 $\frac{\partial e}{\partial W}$，需要对误差函数进行求导。由于输出层的输出 $X$ 是通过激活函数和前一层的输出 $U$ 得到的，即 $X = f(U)$，其中 $f$ 是激活函数。因此，误差函数对权值的梯度可以表示为 $\frac{\partial e}{\partial W} = \frac{\partial e}{\partial X} \cdot \frac{\partial X}{\partial U} \cdot \frac{\partial U}{\partial W}$。  4. **反向传播求导**：为了求得 $\frac{\partial U}{\partial W}$，需要根据权值 $W$ 的定义进行求导。假设 $U$ 是前一层的输出，权值 $W$ 与前一层的输出 $X$ 有关，即 $U = W \cdot X$。因此，$\frac{\partial U}{\partial W} = X$。  5. **组合导数得到梯度**：将求得的导数组合起来，可以得到误差函数对权值的梯度 $\frac{\partial e}{\partial W} = e \cdot \frac{\partial X}{\partial U} \cdot X$，其中 $\frac{\partial X}{\partial U}$ 是激活函数的导数，即 $f'(U)$。  6. **权值的更新公式**：将梯度代入权值的更新公式中，得到 $\Delta W = -\eta \cdot e \cdot f'(U) \cdot X$。该公式表示权值的更新方向是误差函数的负梯度方向，同时学习率 $\eta$ 控制了更新的步长。  综上所述，通过误差函数的负梯度方向得到权值的更新公式的过程涉及误差函数的定义、导数的计算、反向传播求导和权值的更新公式推导。这些步骤共同构成了BP神经网络算法的核心思想。
70,mtfc_v2,formula_reasoning,90,1,1,1,No,无,2,2,2,[],[],"10.2.5反向传播算法 反向传播算法于1975年由PaulWerbos提出,通过对网络中损失函数梯度的反向传播 解决神经网络中的权重更新问题。反向传播算法中的每次送代更新主要包含两个阶段;前向 信息传播与反向权重更新。假设网络要对m个样本1(x”,)2,进行训练,其中x表 示第i个样本的输入数据,",权重W和偏置b的更新公式分别为：  W = W - a * (dJ/dW) b = b - a * (dJ/db)  其中，a是学习率，dJ/dW和dJ/db分别是损失函数J对W和b的梯度。  将学习率a=0.01，梯度dJ/dW=0.5，dJ/db=0.3代入公式，得到：  W = W - 0.01 * 0.5 = W - 0.005 b = b - 0.01 * 0.3 = b - 0.003  因此，权重W的更新值为W - 0.005，偏置b的更新值为b - 0.003。
71,mtfc_v2,formula_reasoning,50,0,0,0,Suspected,公式应用错误和对基本概率分配的误解,3,2,2,['Ua'],"['a_2', '$$', '$ \\text{Bel}(a) $', '$ \\text{Bel}(a_1 \\cup a_2) $', '$ \\text{Pl}(a_1 \\cup a_2) $']","似然度也可以这样来计算,把和a,及与a,有关的并命题(包括识别框架0)的所有概 率分配值相加起来,即 (4.6) Pl(ai)=m(a)+m(aiUa)+⋯+m(@) 不确定区间定义为[Bel(a),Pl(ai)]这里显然有 Bel(ai)≤Pl(a?) (4.7) 图4.1直观显示了刚才讨论过的D",根据提供的背景信息和计算规则，可以推导出命题 $ a_1 \cup a_2 $ 的支持度 $ \text{Bel}(a_1 \cup a_2) $ 和似然度 $ \text{Pl}(a_1 \cup a_2) $。  ### 1. **支持度 Bel(a1 ∪ a2) 的计算** 支持度 $ \text{Bel}(a) $ 是所有子集的概率分配值的总和。对于命题 $ a_1 \cup a_2 $，其支持度为： $$ \text{Bel}(a_1 \cup a_2) = m(a_1) + m(a_2) = 0.5 + 0.3 = 0.8 $$  ### 2. **似然度 Pl(a1 ∪ a2) 的计算** 似然度 $ \text{Pl}(a) $ 是支持度 $ \text{Bel}(a) $ 加上所有与 $ a $ 不相交的子集的概率分配值的总和。对于命题 $ a_1 \cup a_2 $，其似然度为： $$ \text{Pl}(a_1 \cup a_2) = 1 - \text{Bel}(\neg (a_1 \cup a_2)) = 1 - m(a_3) = 1 - 0.2 = 0.8 $$  ### 最终答案： 命题 $ a_1 \cup a_2 $ 的支持度 $ \text{Bel}(a_1 \cup a_2) $ 和似然度 $ \text{Pl}(a_1 \cup a_2) $ 分别为： $$ \text{Bel}(a_1 \cup a_2) = 0.8 $$ $$ \text{Pl}(a_1 \cup a_2) = 0.8 $$
72,mtfc_v2,formula_reasoning,65,1,1,1,No,未提及归一化因子K的定义及计算过程中需要进行归一化处理,2,5,2,[],"['prod_{i}', '$ S_x $', 'S', '$ X_i $', '$ \\theta_i $']","【章节: 4.4】 【⚠️ MTFC 块 (AnchorScore=1.8)】 这三种人体行为的图像表示,如图4.2所示。 a b) C) 图4.2 三种人体行为的图像表示 a)端坐 b)左顾右盼 c)理头 结合D-S证据理论,在设定的人体辨识框架2下,可以得到下面的信息融合模型 (4.17) X;",根据公式(4.18)，归一化因子 $ K $ 的计算逻辑如下：  1. **分子部分**：$ \prod_{i} X_i(m_i)Y_i(m_i)S_x(m_i)\theta_i(m_i) $，其中 $ X_i $、$ Y_i $、$ S_x $ 和 $ \theta_i $ 分别表示四个证据体对应的变化特征（x轴质心坐标变化、y轴质心坐标变化、面积变化和角度变化），$ m_i $ 是各个特征的相应概率分配值。  2. **分母部分**：$ \sum_{i} X_i(m_i)Y_i(m_i)S_x(m_i)\theta_i(m_i) $，其中对所有满足 $ X_i(m_i)Y_i(m_i)S_x(m_i)\theta_i(m_i) \neq 0 $ 的项进行求和。  归一化因子 $ K $ 的计算公式为：  $$ K = \frac{\prod_{i} X_i(m_i)Y_i(m_i)S_x(m_i)\theta_i(m_i)}{\sum_{i} X_i(m_i)Y_i(m_i)S_x(m_i)\theta_i(m_i)} $$  这个公式通过将各个证据体的特征值相乘得到分子，再将所有不为零的特征值相乘的结果相加得到分母，从而得到一个归一化的因子 $ K $，这个因子可以确保概率分配函数的总和为1，使得结果具有概率的性质。  利用这个归一化因子 $ K $ 对四个证据体进行融合以得到坐姿概率分配 $ m(A) $ 的过程如下：  1. **特征提取与时间域划分**：首先对视频中提取到的特征进行时间域上的划分，将整个视频划分为 $ n $ 个部分，每个部分计算出这四个证据体的变化是否超出了设定的阈值。  2. **概率分配函数计算**：根据各个时间段内特征的变化情况，计算得到每个证据体在这个时间段上的概率分配函数。  3. **时域融合**：将四个证据体进行时域上的融合，利用归一化因子 $ K $ 将它们的概率分配函数进行加权组合，得到一个综合的概率分配函数。  4. **空间域融合**：对四个信息源的时域融合信息进行空间域上的融合，最终得到一个时空融合的结果，即坐姿的概率分配 $ m(A) $。  通过以上步骤，归一化因子 $ K $ 使得各个证据体的信息能够有效地融合在一起，从而得到更准确和可靠的坐姿概率分配 $ m(A) $。
73,mtfc_v2,formula_reasoning,85,1,1,1,No,没有明确提到似然度和不确定区间宽度的定义,0,0,0,[],[],"表4.1进一步解释了不确定区间这个概念。比如,如果不确定区间为[0,1]表示对命 题a,一无所知,因为证据没有去直接支持a,也没有去直接反驳a,这时似然度等于1,正 o5; 好等于不确定区间的宽度。 表4.1命题a,各种不确定区间的解释 不确定区间 [Bel(a?),Pl(a?)] 解释 对命题a?","根据背景信息，支持度和似然度为[0.25,1]时，不确定区间的宽度为0.75。计算逻辑为：不确定区间的宽度等于似然度减去支持度，即1-0.25=0.75。"
74,mtfc_v2,formula_reasoning,70,1,0,0,Suspected,公式表达不准确且未完全遵循参考上下文和参考标准答案的定义,3,3,2,['Ua'],"['Omega', '$ m(a_i) $', '$ a_i $', 'a_j', 'A']","一个给定命题的支持度是这样定义的;传感器直接分配给该命题让据所对应的概率分配 直的和。这里传感器直接分配给孩命题的证据是指:孩命题及组成该命题的于命题的某些升 命题的集合,这些并命题是指被传感器赋予一定概率分配值的并命题。按照这个定义,某个 传感器判决目标类型为a,的支持度为 Bel(a)=m(a?",根据公式(4.6)，若给定基本概率分配函数 $ m(a_i) $ 和 $ m(a_i \cup a_j) $，则 $ Pl(a_i) $ 的计算公式为：  $$ Pl(a_i) = m(a_i) + m(a_i \cup a_j) + \cdots + m(\Omega) $$  其中，$ m(a_i) $ 是基本概率分配函数对 $ a_i $ 的分配值，$ m(a_i \cup a_j) $ 是基本概率分配函数对 $ a_i $ 与 $ a_j $ 并集的分配值，$ \Omega $ 是识别框架。  ### 解释 $ Pl(a_i) $ 与 $ Bel(a_i) $ 的关系  - $ Bel(a_i) $ 是命题 $ a_i $ 的支持度，代表了基于传感器直接证据支持 $ a_i $ 的最小概率，即 $ Bel(a_i) = \sum_{A \subseteq a_i} m(A) $。它表示了证据明确支持 $ a_i $ 的部分。 - $ Pl(a_i) $ 是命题 $ a_i $ 的似然度，代表了命题 $ a_i $ 可能发生的最大概率，即 $ Pl(a_i) = \sum_{A \cap a_i \neq \emptyset} m(A) $。它表示了证据支持或潜在支持 $ a_i $ 的概率。 - 根据公式 (4.5)，$ Pl(a_i) = 1 - Bel(a_i) $，这表明似然度和信任度是互补的。信任度 $ Bel(a_i) $ 与似然度 $ Pl(a_i) $ 的和为 1，因此 $ Bel(a_i) \leq Pl(a_i) $。这说明了证据支持 $ a_i $ 的部分（$ Bel(a_i) $）和证据可能支持但未被明确识别的部分（$ Pl(a_i) - Bel(a_i) $）的总和，即为 $ Pl(a_i) $。  ### 详细解释 - $ Bel(a_i) $ 是对 $ a_i $ 的直接支持的最小概率，即 $ a_i $ 被证据直接支持的部分。 - $ Pl(a_i) $ 是对 $ a_i $ 的最大可能支持，包括了所有可能支持 $ a_i $ 的概率分配值，即 $ Bel(a_i) $ 和 $ Pl(a_i) - Bel(a_i) $。 - $ Pl(a_i) = 1 - Bel(a_i) $ 说明了似然度和信任度的互补性，其中 $ 1 $ 是概率分配的总和，而 $ Pl(a_i) - Bel(a_i) $ 则是证据未被直接识别但可能支持 $ a_i $ 的部分。这反映了在证据不完全明确的情况下，似然度提供了一个更宽泛的支持范围。
75,mtfc_v2,formula_reasoning,90,0,1,1,Suspected,无,9,9,8,['I'],"['$$', '$ Y(k) $', '$ R(k) $', '$ H^T $', '$ Q(k) $']","X(t)=AX(t)+W(t) (2.1) (蒙(t)=HX(t)+V(t) 其中,A表示状态转移矩阵;日表示状态观测矩阵;W(4)表示状态噪声;V(1)表示噪声 根据卡尔曼滤波公式,则可以获得被跟踪目标的航迹状态估计值x。针对卡尔曼滤波这样有 确定性数学模型的跟踪滤波算法,计算中心对于来自多传感器",卡尔曼增益 $ K(k) $ 是卡尔曼滤波算法中的一个关键参数，用于确定在更新状态估计时，测量值与预测值之间差异的加权系数。其推导基于对预测误差协方差和测量噪声协方差的平衡考虑。  已知状态预测方程： $$ X(k/k-1) = A X(k-1/k-1) $$ 以及观测值 $ Y(k) $ 和观测矩阵 $ H $，我们首先需要知道预测的观测值 $ H X(k/k-1) $ 与实际观测值 $ Y(k) $ 之间的误差关系。根据卡尔曼滤波的基本原理，预测的观测值为： $$ \hat{Y}_{\text{pred}}(k) = H X(k/k-1) $$ 而实际的观测值为 $ Y(k) $，因此观测误差可以表示为： $$ \epsilon(k) = Y(k) - \hat{Y}_{\text{pred}}(k) = Y(k) - H X(k/k-1) $$  接下来，我们需要计算预测误差协方差矩阵 $ P(k/k-1) $。该矩阵反映了预测状态估计的不确定性，其计算公式为： $$ P(k/k-1) = A P(k-1/k-1) A^T + Q(k) $$ 其中 $ Q(k) $ 是状态噪声的协方差矩阵。  为了得到卡尔曼增益 $ K(k) $，我们需要将预测误差协方差矩阵与测量噪声协方差矩阵 $ R(k) $ 进行结合。根据卡尔曼滤波的递推公式，卡尔曼增益的计算公式为： $$ K(k) = P(k/k-1) H^T [H P(k/k-1) H^T + R(k)]^{-1} $$  这个公式中的各个部分分别表示： - $ P(k/k-1) $：预测状态估计的协方差矩阵。 - $ H $：观测矩阵，将状态空间映射到观测空间。 - $ R(k) $：测量噪声的协方差矩阵。 - $ H^T $：观测矩阵的转置。  通过将这些矩阵组合在一起，我们得到了卡尔曼增益 $ K(k) $ 的表达式。这个增益值的大小决定了我们在更新状态估计时对测量值的依赖程度。当预测误差协方差矩阵较大时，卡尔曼增益会增加，表示我们更信赖测量值；反之，当测量噪声协方差矩阵较大时，卡尔曼增益会减少，表示我们更信赖预测值。  因此，卡尔曼增益 $ K(k) $ 的计算公式为： $$ K(k) = P(k/k-1) H^T [H P(k/k-1) H^T + R(k)]^{-1} $$
76,mtfc_v2,formula_reasoning,40,1,1,0,No,概念性理解缺失,3,3,3,[],"['P_h', '$ Cii.(k|k) $', '$$']",e(k/k-1)=X(k)-X(k/k-1) (2.7) 可以得到先验误差估计的协方差矩阵为 P(k/k-1)=E{e(k/k-1)e1(k/k-1)} (2.8) 假定卡尔曼滤波的后验估计如下式所示:  ... (文档跳转) ...  X(k)=X(k/k-1)+K(k)[Y(k)-HX(k/1),根据公式 (7.1O)： $$ Cii.(k|k) = P(k|k) + P_h(k|k) $$ 可以推导得到最终的协方差矩阵为： $$ Cii.(k|k) = P(k|k) + P_h(k|k) $$  因此，最终的协方差矩阵为 $ Cii.(k|k) $。
77,mtfc_v2,formula_reasoning,0,0,0,0,No,"待评测回答中没有正确理解问题要求，直接给出了""不知道""的回应，同时没有正确识别参考上下文和标准答案中的内容。此外，回答中还包含了与问题无关的""不知道""的表述。",1,0,0,"['T', 'N', 'E', 'S']",[],"式(8.3)和式(8.2)构成丁标准的Ps0算法。心值较大,全局寻优能力强,局部寻 优能力弱;0值较小,则反之(局部寻优能力强,全局寻优能力弱)。  ... (文档跳转) ...  限据定义8.1和定义8.2,可以很清炮地反映出粒于群的寻优过程。假如根据粒于速度 进化程度和粒于聚合程度来调整权值,就",在给定的背景信息中，没有提到公式(8.23)以及与之相关的残差协方差的计算逻辑。因此，无法根据提供的背景信息回答该问题。  不知道。
78,mtfc_v2,formula_reasoning,85,1,1,1,No,部分公式表达不规范,3,5,3,[],"['Phi', '$ k-1 $', '$ Y(k) $', '$ e(k/k-1)^T $', '$ E\\{\\cdot\\} $']","系统噪声的协方差矩阵为 Q(k)=E{W(k)W1(k)} (2.3) 观测噪声的协方差矩阵为 R(k)=E{V(k)V(k)} (2.4) 卡尔曼滤波器就是在已知观测序列1Y(0),Y(1),⋯,Y(k)}的前提条件下,要求解 X(k)的估计值,使得后验误差估计的协方差矩阵P(h/k)最小。其中 ",在卡尔曼滤波框架中，先验误差估计的协方差矩阵 $ P(k/k-1) $ 的表达式来源于对系统状态的预测误差的统计特性分析。根据卡尔曼滤波的基本原理，其推导过程如下：  1. **定义先验误差估计**：    先验误差估计 $ e(k/k-1) $ 是指在获得第 $ k $ 次观测数据 $ Y(k) $ 之前，对状态 $ X(k) $ 的预测误差，定义为：    $$    e(k/k-1) = X(k) - \hat{X}(k/k-1)    $$    其中 $ \hat{X}(k/k-1) $ 是基于前 $ k-1 $ 次观测信息的预测值。  2. **定义先验误差估计的协方差矩阵**：    根据定义，先验误差估计的协方差矩阵 $ P(k/k-1) $ 表示预测误差的统计特性，即：    $$    P(k/k-1) = E\{e(k/k-1)e(k/k-1)^T\}    $$    这里的 $ E\{\cdot\} $ 表示数学期望，$ e(k/k-1)^T $ 是 $ e(k/k-1) $ 的转置。  3. **推导 $ P(k/k-1) $ 的表达式**：    根据卡尔曼滤波的预测步骤，先验误差估计的协方差矩阵 $ P(k/k-1) $ 可以通过递推公式得到：    $$    P(k/k-1) = \Phi(k) P(k-1/k-1) \Phi(k)^T + Q(k)    $$    其中：    - $ \Phi(k) $ 是状态转移矩阵，它描述了系统状态如何从时刻 $ k-1 $ 转移到时刻 $ k $。    - $ P(k-1/k-1) $ 是第 $ k-1 $ 次的后验误差估计的协方差矩阵。    - $ Q(k) $ 是系统噪声的协方差矩阵，表示系统状态变化的不确定性。  4. **意义**：    这个递推公式反映了先验误差估计的协方差矩阵 $ P(k/k-1) $ 的计算方法，它结合了前一步的后验误差估计的协方差矩阵 $ P(k-1/k-1) $、状态转移矩阵 $ \Phi(k) $ 以及系统噪声的协方差矩阵 $ Q(k) $，从而预测当前时刻的误差协方差矩阵。  综上所述，先验误差估计的协方差矩阵 $ P(k/k-1) $ 的表达式是基于状态转移矩阵 $ \Phi(k) $、前一步的后验误差估计的协方差矩阵 $ P(k-1/k-1) $ 和系统噪声的协方差矩阵 $ Q(k) $ 的递推关系推导得到的。
79,mtfc_v2,formula_reasoning,30,0,0,0,No,待评测回答未正确理解卡尔曼滤波的融合机制，错误地将多传感器融合简化为简单加权求和，而标准答案强调了卡尔曼增益的计算和状态更新的步骤。,1,2,3,"['X', 'Hs', 'G', 'K', 'Q']","['omega_s', 'P_{', 'A', '$ z_s(k) $', 'H']","X(t)=AX(t)+W(t) (2.1) (蒙(t)=HX(t)+V(t) 其中,A表示状态转移矩阵;日表示状态观测矩阵;W(4)表示状态噪声;V(1)表示噪声 根据卡尔曼滤波公式,则可以获得被跟踪目标的航迹状态估计值x。针对卡尔曼滤波这样有 确定性数学模型的跟踪滤波算法,计算中心对于来自多传感器",根据多传感器系统中卡尔曼滤波的原理，若已知状态转移矩阵 $ A(k) $ 和观测矩阵 $ H_s(k) $，可采用以下步骤推导出多传感器系统中融合观测值的最优估计公式：  1. **系统模型建立**：     多传感器系统可视为多个子系统并行运行，每个子系统的状态转移和观测方程分别为：    $$    x(k) = A(k)x(k-1) + w(k)    $$    $$    z_s(k) = H_s(k)x(k) + v_s(k)    $$    其中，$ x(k) $ 为状态向量，$ w(k) $ 为状态噪声，$ z_s(k) $ 为第 $ s $ 个传感器的观测值，$ v_s(k) $ 为第 $ s $ 个传感器的观测噪声。  2. **估计目标**：     通过多传感器的观测数据，估计出系统状态 $ \hat{x}(k) $。由于每个传感器的观测值可能具有不同的精度和可靠性，因此需要对各传感器的观测值进行加权融合。  3. **融合权重的确定**：    若已知每个传感器的观测噪声协方差矩阵 $ R_s(k) $，可利用以下公式确定各传感器的融合权重 $ \omega_s(k) $：    $$    \omega_s(k) = \frac{1}{\text{Tr}(H_s(k)P(k)H_s(k)^T + R_s(k))}    $$    其中，$ P(k) $ 为状态估计的协方差矩阵，$ \text{Tr} $ 表示矩阵的迹。  4. **最优估计的计算**：    将各传感器的观测值加权求和，得到多传感器系统的最优估计 $ \hat{x}_{\text{fusion}}(k) $：    $$    \hat{x}_{\text{fusion}}(k) = \sum_{s=1}^N \omega_s(k) z_s(k)    $$    其中，$ N $ 为传感器的总数。  5. **协方差矩阵的更新**：    融合后的状态估计的协方差矩阵 $ P_{\text{fusion}}(k) $ 可通过以下公式计算：    $$    P_{\text{fusion}}(k) = \sum_{s=1}^N \omega_s(k)(H_s(k)P(k)H_s(k)^T + R_s(k))\omega_s(k)    $$  综上所述，多传感器系统中融合观测值的最优估计公式为： $$ \hat{x}_{\text{fusion}}(k) = \sum_{s=1}^N \omega_s(k) z_s(k) $$ 其中，融合权重 $ \omega_s(k) $ 的计算公式为： $$ \omega_s(k) = \frac{1}{\text{Tr}(H_s(k)P(k)H_s(k)^T + R_s(k))} $$
80,mtfc_v2,formula_reasoning,85,1,1,1,No,部分术语解释不够深入,2,4,2,[],"['X', '$ Y(k) $', '$ X(k) = X(k/k-1) + K(k)[Y(k) - HX(k/k-1)] $', '$ X(k/k-1) $', 'K']","2.3 多传感器数据融合中的卡尔曼滤波理论 2.3.1 卡尔曼滤波简介 针对传感器信息的跟踪滤波算法,大多数工程技术人员会选用卡尔曼滤波算法。卡尔曼 滤波算法是R.E.Kalman在1960年发表的一篇著名论文中所阐述的一种递归解算法。该算 法在解决离散数据的线性滤波问题方面有着广泛的应用,特别是随",在卡尔曼滤波的状态估计更新公式 $ X(k) = X(k/k-1) + K(k)[Y(k) - HX(k/k-1)] $ 中： - $ Y(k) $ 表示第 $ k $ 时刻的测量值（即传感器的实际观测数据）； - $ H $ 是观测矩阵，用于将系统状态向量映射到观测空间。它描述了系统状态变量与观测值之间的关系。  ### 解释： 1. **$ Y(k) $**：      $ Y(k) $ 是第 $ k $ 时刻的观测值，通常由传感器提供。在多传感器数据融合的场景中，$ Y(k) $ 可能包含来自多个传感器的观测数据。在公式中，它代表的是实际的测量数据，用于与预测状态 $ X(k/k-1) $ 进行比较，以修正状态估计。  2. **$ H $**：      $ H $ 是一个矩阵，其维度为 $ m \times n $，其中 $ m $ 是观测变量的数量，$ n $ 是系统状态变量的数量。它将系统状态 $ X(k) $ 映射到观测空间。例如，在雷达与红外传感器数据融合的场景中，$ H $ 会将目标的运动状态（如位置、速度等）转换为雷达或红外传感器可观测的参数（如距离、角度等）。  ### 总结： - $ Y(k) $ 是第 $ k $ 时刻的测量值； - $ H $ 是观测矩阵，将状态向量映射到观测空间。  因此，状态估计更新公式中的 $ Y(k) $ 和 $ H $ 分别代表 **测量值** 和 **观测矩阵**。
81,mtfc_v2,formula_reasoning,60,1,1,0,No,未正确引用参考上下文中的模型转换概率和初始模型概率定义,0,0,0,[],[],"【章节: 8.3】 【⚠️ MTFC 块 (AnchorScore=1.8)】 8.3.1 机动目标跟踪模型介绍 1。模型的建立 一般的机动目标跟踪问题可由非线性状态方程和非线性量测方程进行描述: (811) xk+1=fs-1(xg-1,my,ug) (8.2) Zk=hx(xg,mg,Vk) 假","目标在初始阶段的运动模式概率分布为初始模型概率μ₀=(0.6, 0.2, 0.2)。其中，对应于0u=0°/s的模式的概率为0.6，对应于0m=3°/s的模式的概率为0.2，对应于0m=-3°/s的模式的概率为0.2。  利用马尔可夫状态转移矩阵π进行模型概率更新时，首先需要根据当前时刻的模型概率和马尔可夫状态转移矩阵π，计算下一时刻的模型概率。具体的计算公式为： μ_{k} = π * μ_{k-1} 其中，μ_{k}表示时刻k的模型概率，π表示马尔可夫状态转移矩阵，μ_{k-1}表示时刻k-1的模型概率。  在计算过程中，首先需要将马尔可夫状态转移矩阵π和初始模型概率μ₀相乘，得到下一时刻的模型概率μ₁。然后，将μ₁作为当前时刻的模型概率，重复上述过程，直到得到所需的模型概率。  需要注意的是，在进行模型概率更新时，还需要考虑目标的运动模式和噪声等因素的影响。因此，在实际应用中，可能需要对马尔可夫状态转移矩阵π和初始模型概率μ₀进行适当的调整和优化，以得到更准确的模型概率更新结果。"
82,mtfc_v2,formula_reasoning,90,1,1,1,No,未提及参数α和β的定义及范围,2,4,2,[],"['U', 'R']","三者隶属度函数均选择三角形隶属度函数,隶属函数值如图5.4所示。将E、EC、U量 化,量化后的E、EC、U的隶属度函数表如表5.1所示。第一列表示各个语言值,第一行表 示具体的数值,其余即为各语言值在精确量上的隶属度。  ... (文档跳转) ...  念“高温”的隶属函数计算得到.方法如卜。  .","由于问题中涉及的集合A和集合B的隶属度函数形式和背景信息中提到的三角形隶属度函数不一致，因此不能直接使用背景中提供的隶属度函数计算公式进行推导。不过，根据模糊集合理论的运算规则，可以推导A∪B和A∩B的隶属度函数表达式。  对于任意x∈U=R，集合A和B的隶属度函数分别为：  A(x)=exp(-|x|/α) B(x)=exp(-|x|²/β)  根据模糊集合的运算规则，A∪B的隶属度函数为两个集合的隶属度函数的最大值，即：  A∪B(x) = max{A(x), B(x)} = max{exp(-|x|/α), exp(-|x|²/β)}  同样，A∩B的隶属度函数为两个集合的隶属度函数的最小值，即：  A∩B(x) = min{A(x), B(x)} = min{exp(-|x|/α), exp(-|x|²/β)}  因此，可以得出A∪B和A∩B的隶属度函数表达式分别为：  A∪B(x) = max{exp(-|x|/α), exp(-|x|²/β)} A∩B(x) = min{exp(-|x|/α), exp(-|x|²/β)}  计算逻辑是：在模糊集合理论中，两个集合的并集的隶属度函数是两个集合的隶属度函数的最大值，而两个集合的交集的隶属度函数是两个集合的隶属度函数的最小值。这是基于模糊逻辑的运算规则，即并集和交集的定义分别对应于最大和最小操作。"
83,mtfc_v2,formula_reasoning,70,1,1,1,No,未完全涵盖λ-水平截集的定义和计算逻辑,1,3,1,[],"['$$', '$\\mu_A(u) > \\lambda$', 'F', 'F_{', 'U']","2.模糊集的运算 无论论域V有限还是无限,离散还是连续,Zadch用如下记号作为模糊集A的一般表示 形式:A=μ4(u)/u。  ... (文档跳转) ...  定义5.4(α-截集)F的α-截集定义为由下中录属度值大于(大于等于)α的元素构 成的集合,其中式(5.7)和式(5.8)分别称为卩的强(","根据公式(5.7)和(5.8)，模糊数A的λ-水平截集A=[x,y]的推导逻辑如下：  1. **确定模糊数的定义域和隶属函数**：首先，需要明确模糊数A的论域U和对应的隶属函数μ_A(u)。模糊数的隶属函数通常是一个连续的函数，其取值范围为[0,1]。  2. **确定λ值**：λ是一个介于0和1之间的参数，表示截集的阈值。对于模糊数的λ-水平截集，λ的取值范围为0 < λ ≤ 1。  3. **应用α-截集公式**：    - 对于强α-截集，根据公式(5.7)，得到：      $$      F_{\lambda}^{+} = \{u \in U \mid \mu_A(u) > \lambda\}      $$      这个集合包含了所有隶属度大于λ的元素。    - 对于弱α-截集，根据公式(5.8)，得到：      $$      F_{\lambda} = \{u \in U \mid \mu_A(u) \geq \lambda\}      $$      这个集合包含了所有隶属度大于等于λ的元素。  4. **确定截集的边界**：由于模糊数的隶属函数通常是一个连续的函数，可以找到满足$\mu_A(u) > \lambda$和$\mu_A(u) \geq \lambda$的最小和最大值对应的u值。设这两个值分别为x和y，那么对应的λ-水平截集为：    $$    A = [x, y]    $$    其中，x是满足$\mu_A(u) > \lambda$的最小u值，y是满足$\mu_A(u) \geq \lambda$的最大u值。  5. **验证结果的正确性**：为了确保得到的区间[x,y]确实是模糊数A的λ-水平截集，需要验证该区间内的所有u值都满足$\mu_A(u) \geq \lambda$，并且区间外的u值不满足这一条件。  综上所述，通过确定模糊数的定义域和隶属函数，应用α-截集公式，确定截集的边界，并验证结果的正确性，可以推导出模糊数A的λ-水平截集A=[x,y]。"
84,mtfc_v2,formula_reasoning,60,1,1,0,No,推导过程和假设与参考答案不符,4,4,4,[],"['x_k', 'e_k', 'Q', 'w_k', 'v_k']","信任函数值=似然函数值=组合后的BPA值 即, Bel({Peter})=Pl({Peter})=mz({Peter})=0 Bel({Paul})=Pl({Paul})=m2({Paul})=1 Bel({Mary})=Pl({Mary})=mi2({Mary})=0 我们虽然利用Dempster",残差似然函数S(h|k)=h(k)P(k-1|k-1)h(k)^T+R(k)是通过将观测模型和系统模型的误差进行数学表达得到的。具体推导过程如下：  1. 观测模型：    z_k = h(k)x_k + v_k    其中z_k是第k时刻的观测值，h(k)是观测矩阵，x_k是第k时刻的状态向量，v_k是观测噪声。  2. 系统模型：    x_k = f(x_{k-1}) + w_k    其中x_k是第k时刻的状态向量，f(x_{k-1})是状态转移函数，w_k是系统噪声。  3. 假设：    - 观测噪声v_k和系统噪声w_k都是独立的零均值高斯白噪声，具有已知的协方差矩阵R(k)和Q(k)。    - 状态向量x_k和观测值z_k之间存在线性关系，即h(k)是线性的。  4. 推导：    将观测模型代入到系统模型中，得到：    z_k = h(k)f(x_{k-1}) + v_k     由于系统噪声w_k和观测噪声v_k是独立的，可以将观测模型和系统模型的误差进行数学表达，得到：    e_k = z_k - h(k)x_{k-1}     将e_k代入到系统模型中，得到：    e_k = h(k)(x_k - x_{k-1}) + v_k     由于x_k和x_{k-1}之间存在线性关系，可以将e_k表示为：    e_k = h(k)P(k-1|k-1)h(k)^T + R(k)     其中P(k-1|k-1)是状态向量x_{k-1}的协方差矩阵，R(k)是观测噪声的协方差矩阵。  5. 物理意义：    - h(k)P(k-1|k-1)h(k)^T表示状态向量x_{k-1}的预测值与观测值z_k之间的差异。    - R(k)表示观测噪声v_k的协方差矩阵。    - S(h|k)表示残差似然函数，它反映了观测值z_k与系统模型的预测值之间的差异。  6. 关键假设：    - 状态向量x_k和观测值z_k之间存在线性关系。    - 观测噪声v_k和系统噪声w_k都是独立的零均值高斯白噪声，具有已知的协方差矩阵R(k)和Q(k)。    - 状态向量x_k和观测值z_k的误差服从高斯分布。
85,mtfc_v2,formula_reasoning,65,1,1,0,No,未准确反映参考上下文内容,4,6,5,[],"['$\\alpha = 1$', 'G', '$$', '$\\log P(G)$', 'P']","【章节: 3.2】 【⚠️ MTFC 块 (AnchorScore=1.8)】 给定数据集D,可以得出: πI(a碰+m张) 工(ag) P(D|G)= (3.2O) i=ij=iT(ag+mg)A=iT(am) 其中,m是数据集D中节点V为左状态且父节点状态组合为的样本数,m。=2m,目 23 对","根据提供的背景信息，BD评分中的Dirichlet参数α满足以下条件时，BD评分会分别转变为K2评分和BDeu评分。  1. **K2评分**的转变条件：    - 当Dirichlet参数α满足α=1时，BD评分会转变为K2评分。    - 推导过程如下：      - 在BD评分中，公式为：        $$        \text{BD}(G,D) = \log P(G) + \sum_{i=1}^{n} \log \frac{(\alpha_{a_i} + m_{a_i})!}{(\alpha_{a_i})! m_{a_i}!}        $$        其中，$\alpha_{a_i}$是Dirichlet参数，$m_{a_i}$是数据集中满足特定条件的样本数。      - 当$\alpha_{a_i} = 1$时，公式变为：        $$        \text{K2}(G,D) = \log P(G) + \sum_{i=1}^{n} \log \frac{(1 + m_{a_i})!}{1! m_{a_i}!}        $$        由于$\log P(G)$在均匀分布下为0，所以K2评分可以简化为：        $$        \text{K2}(G,D) = \sum_{i=1}^{n} \log \frac{(1 + m_{a_i})!}{m_{a_i}!}        $$  2. **BDeu评分**的转变条件：    - 当Dirichlet参数α满足α=α_s（或α=α_s^*）时，BD评分会转变为BDeu评分。    - 推导过程如下：      - 在BD评分中，公式为：        $$        \text{BD}(G,D) = \log P(G) + \sum_{i=1}^{n} \log \frac{(\alpha_{a_i} + m_{a_i})!}{(\alpha_{a_i})! m_{a_i}!}        $$        其中，$\alpha_{a_i}$是Dirichlet参数，$m_{a_i}$是数据集中满足特定条件的样本数。      - 当$\alpha_{a_i} = \alpha_s$（或$\alpha_{a_i} = \alpha_s^*$）时，公式变为：        $$        \text{BDeu}(G,D) = \log P(G) + \sum_{i=1}^{n} \log \frac{(\alpha_s + m_{a_i})!}{\alpha_s! m_{a_i}!}        $$        由于$\log P(G)$在均匀分布下为0，所以BDeu评分可以简化为：        $$        \text{BDeu}(G,D) = \sum_{i=1}^{n} \log \frac{(\alpha_s + m_{a_i})!}{\alpha_s! m_{a_i}!}        $$  因此，BD评分中的Dirichlet参数α满足$\alpha = 1$时，BD评分会转变为K2评分；而当Dirichlet参数α满足$\alpha = \alpha_s$（或$\alpha = \alpha_s^*$）时，BD评分会转变为BDeu评分。"
86,mtfc_v2,formula_reasoning,0,1,False,0,Suspected,judge_parse_error,5.00,2,0,"['Dempster', 'Bel', 'Pl', 'Zadeh', 'Paul']","['Error', 'P', 'Call', 'Connection', 'Remote']","此外,证据合成规则没有非常坚固的理论支持,其合理性和有效性还存在较大的争议。让孩 理论在计算上仔在看潜在的指数爆炸同题。zadeh曾经提出冠“zadeh俘论“,对让据埋论 的合成公式的合理性进行质疑。  ... (文档跳转) ...  【章节: 0.4】 【⚠️ MTFC 块 (AnchorScor","Remote Call Error: HTTPConnectionPool(host='ps2.tail07443e.ts.net', port=2640): Read timed out. (read timeout=60)"
87,mtfc_v2,formula_reasoning,0,1,0,0,Suspected,内容不相关,3,3,1,"['D', 'G']","['Error', 'Call', 'Connection', 'Remote', 'T']","P(EH) (3.7) P(HE)=P(E) 将式(3.3)和式(3.6)代入式(3.7)中,就导出了贝叶斯推理法则 4  ... (文档跳转) ...  【章节: 3.2】 【⚠️ MTFC 块 (AnchorScore=1.8)】 C。在搜索评分过程中,其约束条件C要求搜索到的结构满足结构图中无","Remote Call Error: HTTPConnectionPool(host='ps2.tail07443e.ts.net', port=2640): Read timed out. (read timeout=60)"
88,mtfc_v2,formula_reasoning,50,1,0,1,No,judge_parse_error,3,6,3,[],"['Bn', 'K', 'Maryl']","K=m?(B)·mz(C) B∩C≠ =m,(Peter)·m?(Peter)+m;(Paul)·mz(Paul)+m(Mary)·m?(Mary) =0.99×0+0.01×0.01+0×0.99 =O.OOO1 4O  ... (文档跳转) ...  m? ④ m?({Mary})= m?(B)","根据提供的信息，计算m?({Mary})的值为0.00。  计算逻辑如下：   首先，m?({Mary})的计算公式为m?(B)·mz(C) KBnC={Maryl m,({Mary})·mz({Mary}) × 0.00 × 0.99 = 0.00。   由公式可得，m?({Mary}) = 0.00 × 0.99 = 0.00。   因此，m?({Mary})的值为0.00。"
89,mtfc_v2,formula_reasoning,70,1,1,0,No,对贝叶斯公式推导过程的理解存在偏差，将式(3.7)与式(3.3)、式(3.6)的代入关系表述错误，且对公式中的符号含义存在误解。,3,3,3,[],['Hj'],"P(EH) (3.1) P(EH)= P(H) 我们称P(E|H)为事件H发生的条件下,事件E的概率。其中 (3.2) P(EH)=P(E∩H) 将式(3.1)改写成 (3.3) P(EH)=P(E|H)P(H) 式(3.3)称为概率的乘法公式、 假设事件日,H,⋯,日,的并集是整个样本空间,即日,",根据背景信息中的公式推导，贝叶斯推理法则的推导过程如下：  首先，从式(3.3)和式(3.6)中可以得到： P(EH) = P(E|H)P(H) （式3.3） P(HE) = P(E) （式3.6）  将这两个式子代入式(3.7)中： P(E|H)P(H) = P(E)   接下来，将式(3.7)改写为： P(E|H)P(H) = Σ[P(E|Hj)P(Hj)] （式3.8）  其中，Σ表示对所有假设事件Hj求和。式(3.8)就是贝叶斯推理法则。  需要注意的是，这里可能存在一些符号的混淆。例如，式(3.7)中P(HE)和式(3.6)中P(E)可能都是指P(E)，而式(3.3)中P(EH)和式(3.1)中P(EH)可能都是指P(E∩H)。因此，贝叶斯推理法则的正确形式应该是：  P(H|E) = P(E|H)P(H) / Σ[P(E|Hj)P(Hj)]  其中，P(H|E)是在给定证据E的情况下，假设事件H发生的概率；P(E|H)是在假设事件H发生的条件下，任一事件E出现的概率；P(H)是假设事件H发生的先验概率；Σ[P(E|Hj)P(Hj)]是在各种假设事件Hj都可能发生的情况下，出现E的概率和。  因此，贝叶斯推理法则的正确形式应该是：  P(H|E) = P(E|H)P(H) / Σ[P(E|Hj)P(Hj)]  而不是背景信息中提到的式(3.8)。
90,mtfc_v2,formula_reasoning,90,0,1,1,No,未提及的细节,2,4,2,[],"['U', 'R']","三者隶属度函数均选择三角形隶属度函数,隶属函数值如图5.4所示。将E、EC、U量 化,量化后的E、EC、U的隶属度函数表如表5.1所示。第一列表示各个语言值,第一行表 示具体的数值,其余即为各语言值在精确量上的隶属度。  ... (文档跳转) ...  AoR=B=(b1,b2,⋯,bm) 其中,A","首先，根据给定的全集U=R以及隶属度函数A(x)=exp[-|x|]和B(x)=exp[-x²]，我们可以通过模糊集合的并集和交集的定义求得A∪B和A∩B的隶属度函数。  1. **模糊并集A∪B**的隶属度函数为：    A∪B(x) = max{A(x), B(x)} = max{exp[-|x|], exp[-x²]}  2. **模糊交集A∩B**的隶属度函数为：    A∩B(x) = min{A(x), B(x)} = min{exp[-|x|], exp[-x²]}  由于题目要求画出图形，我们无法在这里直接绘制图形。但可以根据隶属度函数的表达式进行描述：  - **A(x) = exp[-|x|]** 的图形是一个以原点为中心的对称曲线，随着|x|的增大，曲线逐渐趋近于0。 - **B(x) = exp[-x²]** 的图形是一个以原点为中心的钟形曲线，随着|x|的增大，曲线逐渐趋近于0。 - **A∪B(x) = max{exp[-|x|], exp[-x²]}** 的图形将由A(x)和B(x)中较大的值组成。在某些区间，这可能对应于A(x)的值，而在其他区间则对应于B(x)的值。 - **A∩B(x) = min{exp[-|x|], exp[-x²]}** 的图形将由A(x)和B(x)中较小的值组成。这可能在某些区间对应于A(x)的值，而在其他区间则对应于B(x)的值。  由于无法在这里直接绘制图形，建议使用数学软件或绘图工具来绘制这些隶属度函数的图形。"
91,mtfc_v2,formula_reasoning,85,1,1,1,No,解释部分可以更精确,1,1,1,['L'],[],"模糊概念的外延是不明确的,其边界是不清晰的,因而相应的集合也是“模糊”的。  ... (文档跳转) ...  2.模糊集的运算 无论论域V有限还是无限,离散还是连续,Zadch用如下记号作为模糊集A的一般表示 形式:A=μ4(u)/u。  ... (文档跳转) ...  Fa+={uTu∈U且up(",模糊数A的λ-水平截集的长度表达式为：长度 = y - x。  解释：λ-水平截集的长度表示模糊数在特定λ水平下的区间长度，反映了模糊数的不确定性和模糊性。长度越长，说明模糊数的不确定性越高，模糊性越强；反之，则说明模糊数越接近于一个精确的数值。
92,mtfc_v2,formula_reasoning,90,1,1,1,No,无,3,3,3,[],[],"(3.5) P(E)=P(EH,) 在式(3.3)中,用H,代替H,并对所有的j求和,有: P(E)= (3.6) [P(E|H;)P(H;)] i=1 式(3.6)称为全概率公式。  ... (文档跳转) ...  P(E|H)P(H?) P(HE)= (3.8) [P(E|H;)P(H,)」 j",根据全概率公式式(3.6)P(E)=ΣP(E|H;)P(H;)，其中Σ表示对所有可能的假设H;求和。已知三个假设H1、H2和H3的概率分别为P(H1)=0.2，P(H2)=0.5，P(H3)=0.3，且P(E|H1)=0.7，P(E|H2)=0.4，P(E|H3)=0.6。则P(E)=P(E|H1)P(H1)+P(E|H2)P(H2)+P(E|H3)P(H3)=0.7×0.2+0.4×0.5+0.6×0.3=0.14+0.2+0.18=0.52。
93,mtfc_v2,formula_reasoning,45,0,0,0,No,错误地解释了权系数的更新公式和计算逻辑，与教材内容不符。,1,4,2,[],"['X', 'e_k', 'A', 'dW_k', 'Wg']","将实际输出x”与期望输出Y相比较,如果两者不等,则产生误差信号e,接着则按如 下公式反向传播修改权系数: AWg=2WgX (6.11) 可见,误差函数的求取是从输出层开始到输人层的反向传播过程,在这个过程中不断进 行递归求误差。通过多个样本的反复训练,同时向误差渐渐减小的方向对权系数进行修正 以达",根据教材片段中的公式推导，权系数的修改量△W_k的计算逻辑如下：  首先，教材片段中提到的权系数修改公式为： AWg=2WgX (6.11)  这个公式表明，权系数的修改量△W_k与误差信号e_k、学习率η以及对误差函数e的偏导数有关。具体来说，公式中的2WgX可以理解为误差信号e_k乘以学习率η和对误差函数e的偏导数的乘积。  根据题目给出的条件，输出层第k个神经元的误差e_k为0.5，学习率η为0.1，且对误差函数e的偏导数为2。代入公式可得： △W_k = 2 * W_k * X * η * (de/dW_k) = 2 * W_k * X * 0.1 * 2 = 0.4 * W_k * X  因此，权系数的修改量△W_k为0.4乘以权系数W_k和输入X的乘积。  计算逻辑可以总结为以下步骤： 1. 确定输出层第k个神经元的误差e_k和学习率η。 2. 计算对误差函数e的偏导数。 3. 代入公式AWg=2WgX，得到权系数的修改量△W_k。 4. 将误差信号e_k、学习率η和对误差函数e的偏导数代入公式，得到△W_k的值。 5. 由于教材片段中的公式中没有给出具体的权系数W_k和输入X的值，因此无法计算出具体的△W_k值，只能得到一个与W_k和X相关的表达式。
94,mtfc_v2,formula_reasoning,75,1,1,1,Suspected,推导过程不够严谨，缺少对变量和符号的明确解释。,5,3,3,"['A', 'Ut', 'E']","['$$', '$e$', '$U$', '$X$', '$\\Delta W$']","【章节: 6.2】 【⚠️ MTFC 块 (AnchorScore=1.8)】 C 6.2.2 BP神经网络算法的数学表达 BP神经网络算法的实质是求取误差函数的最小值问题,这种算法采用非线性规划中的 最速下降方法,按误差函数的负梯度方向修改权系数 首先,定义输出层的误差函数 (6.3) ( 2 其",根据教材片段中的公式推导，从式(6.6)和式(6.8)推导式(6.7)的过程如下：  首先，式(6.6)给出了一般形式的求导公式： $$ \frac{\partial e}{\partial W} = \frac{\partial e}{\partial U} \cdot \frac{\partial U}{\partial W} $$  其次，式(6.8)给出权值的修正公式： $$ \Delta W = -\eta \frac{\partial e}{\partial W} $$  将式(6.6)代入式(6.8)中得到： $$ \Delta W = -\eta \frac{\partial e}{\partial U} \cdot \frac{\partial U}{\partial W} $$  在式(6.6)中，$U$是神经元的输入，$W$是神经元的权重，$X$是神经元的输出。对于输出层的神经元来说，输入$U$与权重$W$的乘积是神经元的输出$X$，因此： $$ X = W \cdot U $$  对式(6.6)两边同时求导得到： $$ \frac{\partial X}{\partial W} = \frac{\partial (W \cdot U)}{\partial W} = U $$  将式(6.6)和式(6.8)进行结合，得到： $$ \Delta W = -\eta \frac{\partial e}{\partial X} \cdot \frac{\partial X}{\partial W} $$  由于$X$是神经元的输出，可以将其看作是误差函数$e$的输入，因此： $$ \frac{\partial e}{\partial X} = \frac{\partial e}{\partial X} $$  将式(6.6)和式(6.8)中的变量代入并结合上式得到： $$ \Delta W = -\eta \frac{\partial e}{\partial X} \cdot U $$  将式(6.6)和式(6.8)中的变量代入并结合上式得到： $$ \Delta W = -\eta \frac{\partial e}{\partial X} \cdot U $$  因此，从式(6.6)和式(6.8)推导式(6.7)的过程为： 1. 将式(6.6)代入式(6.8)中； 2. 将$X$作为误差函数的输入，并得到$\frac{\partial e}{\partial X}$； 3. 将$\frac{\partial e}{\partial X}$和$U$代入式(6.6)和式(6.8)中得到最终的$\Delta W$。  最终的$\Delta W$是： $$ \Delta W = -\eta \frac{\partial e}{\partial X} \cdot U $$  这就是式(6.7)的计算逻辑。
95,mtfc_v2,formula_reasoning,90,1,1,1,No,None,5,6,5,[],"['$ HP(k/k-1)H^T $', '$ R(k) $', '$ Q(k) $', 'K', '$ K(k) $']",随时间更新(预测) 获得测量值后更新(滤波) (1)计算卡尔曼增益 (1)一步状态预测公式 K(k)=P(k/k-1)H1[R(k)+HP(k/k-1)HT]-1 X(k/k-1)= AX(k-1/k-1) (2)更新状态估计 (2)预测协方差矩阵 X(k)=X(k/k-1)+K(k)[Y(k)-H,卡尔曼增益 $ K(k) $ 的计算公式中，矩阵 $ R(k) $ 和 $ Q(k) $ 的作用分别如下：  1. **矩阵 $ R(k) $**：      $ R(k) $ 是测量噪声的协方差矩阵，它反映了传感器测量值的不确定性。在卡尔曼滤波中，$ R(k) $ 描述了系统观测过程的噪声特性，即预测值与实际测量值之间的差异。在计算卡尔曼增益时，$ R(k) $ 与 $ HP(k/k-1)H^T $ 相加是为了考虑测量噪声和状态预测误差之间的相互作用。  2. **矩阵 $ Q(k) $**：      $ Q(k) $ 是过程噪声的协方差矩阵，它描述了系统状态在时间演化过程中的不确定性。$ Q(k) $ 用于量化系统模型中的随机误差，即状态预测与实际状态之间的差异。在计算卡尔曼增益时，$ Q(k) $ 是预测协方差矩阵的一部分，它反映了系统模型的不确定性。  ### 为什么在计算卡尔曼增益时需要将 $ R(k) $ 与 $ HP(k/k-1)H^T $ 相加？  在计算卡尔曼增益的公式中，$ R(k) $ 和 $ HP(k/k-1)H^T $ 相加的原因在于：  - **$ R(k) $** 是观测噪声的协方差，而 **$ HP(k/k-1)H^T $** 是状态预测误差通过观测矩阵 $ H $ 映射到观测空间的协方差。两者的和是观测空间中总的误差协方差，包含了状态预测误差和观测噪声的共同作用。    - 这样相加是为了将预测误差和测量误差的不确定性综合起来，从而更准确地计算卡尔曼增益，使得滤波器能够更有效地结合预测和测量信息，实现对状态估计的最优调整。  因此，$ R(k) $ 和 $ HP(k/k-1)H^T $ 相加的目的是为了获得观测空间中总的误差协方差矩阵，这是计算卡尔曼增益的重要一步。
96,mtfc_v2,formula_reasoning,80,1,1,0,Suspected,未正确解释似然度的定义和计算方式,3,2,2,['Ua'],[],"一个给定命题的支持度是这样定义的;传感器直接分配给该命题让据所对应的概率分配 直的和。这里传感器直接分配给孩命题的证据是指:孩命题及组成该命题的于命题的某些升 命题的集合,这些并命题是指被传感器赋予一定概率分配值的并命题。按照这个定义,某个 传感器判决目标类型为a,的支持度为 Bel(a)=m(a?",根据给定信息和公式，似然度Pl(a)的计算公式为Pl(a) = 1 - Bel(a)。其中Bel(a)表示命题a的支持度，即传感器直接分配给该命题的证据所对应的概率分配的总和。而Pl(a)则表示命题a的似然度，它等于所有没有分配给该命题的反命题的概率分配值的和，也就是支持命题a的证据的补充部分。简单来说，似然度Pl(a)表示的是在证据中支持命题a的最小概率和可能的其他概率的总和，可以理解为证据中对命题a的支持程度和不确定性的总和。
97,mtfc_v2,formula_reasoning,50,1,0,0,Suspected,公式和内容表述均存在显著错误,5,4,3,"['Sxn', 'Sx']","['$ \\delta_{x_i y_i s_i \\theta_i} $', 'theta_i}', '$$', 'y_i', 'x_i']","【章节: 4.4】 【⚠️ MTFC 块 (AnchorScore=1.8)】 这三种人体行为的图像表示,如图4.2所示。 a b) C) 图4.2 三种人体行为的图像表示 a)端坐 b)左顾右盼 c)理头 结合D-S证据理论,在设定的人体辨识框架2下,可以得到下面的信息融合模型 (4.17) X;","根据公式(4.18)，归一化因子 $ K $ 的表达式为： $$ K = \frac{\sum_{x_i, y_i, s_i, \theta_i} X(x_i)(m)Y(y_i)(m)S(s_i)(m)\theta(\theta_i)(m)}{\sum_{x_i, y_i, s_i, \theta_i} X(x_i)(m)Y(y_i)(m)S(s_i)(m)\theta(\theta_i)(m) \cdot \delta_{x_i y_i s_i \theta_i}} $$ 其中，$ \delta_{x_i y_i s_i \theta_i} $ 是一个指示函数，当 $ x_i, y_i, s_i, \theta_i $ 的取值不同时为 1，相同时为 0。  在证据体融合中，归一化因子 $ K $ 的作用是将各证据体的证据值进行归一化，使得它们的和为 1。这样可以保证融合后的证据值在合理的范围内，不会出现过大的值。同时，归一化因子还可以防止证据体的值出现异常，确保融合结果的稳定性。"
98,mtfc_v2,formula_reasoning,80,1,1,1,No,未准确引用参考上下文的定义,0,0,0,[],[],"表4.1进一步解释了不确定区间这个概念。比如,如果不确定区间为[0,1]表示对命 题a,一无所知,因为证据没有去直接支持a,也没有去直接反驳a,这时似然度等于1,正 o5; 好等于不确定区间的宽度。 表4.1命题a,各种不确定区间的解释 不确定区间 [Bel(a?),Pl(a?)] 解释 对命题a?","根据背景信息，不确定区间的宽度等于不确定区间的上限减去下限。当支持度和似然度为[0.25,1]时，不确定区间的宽度为1-0.25=0.75。 因此，当支持度和似然度为[0.25,1]时，不确定区间的宽度为0.75。"
99,mtfc_v2,formula_reasoning,80,1,1,1,No,缺乏对概念的深入解释,3,4,3,[],"['Shafer', 'Dempster', '$$']","似然度也可以这样来计算,把和a,及与a,有关的并命题(包括识别框架0)的所有概 率分配值相加起来,即 (4.6) Pl(ai)=m(a)+m(aiUa)+⋯+m(@) 不确定区间定义为[Bel(a),Pl(ai)]这里显然有 Bel(ai)≤Pl(a?) (4.7) 图4.1直观显示了刚才讨论过的D",根据公式(4.6)，似然度Pl(ai)的计算是将与命题ai及其相关并命题（包括识别框架0）的所有概率分配值相加。具体计算如下： $$ Pl(ai) = m(a) + m(aiUa) + m(0) $$ $$ Pl(ai) = 0.3 + 0.2 + 0.1 = 0.6 $$ 因此，Pl(ai)的值为0.6。  Pl(ai)的含义是命题ai的似然度，它表示命题ai的可能范围。具体来说，似然度Pl(ai)是基于传感器的直接证据和潜在可能发生的概率的总和。因此，Pl(ai)的值为0.6表示命题ai的可能范围为0.6。  根据公式(4.7)，Bel(ai)和Pl(ai)之间有以下关系： $$ Bel(ai) ≤ Pl(ai) $$ 当Bel(ai)=0.4时，Pl(ai)的值应该满足Pl(ai) ≥ 0.4。这是因为在Dempster-Shafer理论中，Bel(ai)是命题ai的支持度，它表示命题ai的最小概率，而Pl(ai)是命题ai的似然度，它表示命题ai的可能范围。因此，Pl(ai)必须大于或等于Bel(ai)。
100,mtfc_v2,formula_reasoning,60,1,1,0,Suspected,未准确反映背景信息,4,0,0,"['T', 'R', 'P', 'S']",[],"似然度也可以这样来计算,把和a,及与a,有关的并命题(包括识别框架0)的所有概 率分配值相加起来,即 (4.6) Pl(ai)=m(a)+m(aiUa)+⋯+m(@) 不确定区间定义为[Bel(a),Pl(ai)]这里显然有 Bel(ai)≤Pl(a?) (4.7) 图4.1直观显示了刚才讨论过的D",根据公式 (8.24) 的形式，其结构与典型的卡尔曼滤波框架中似然函数的计算形式类似，但具体推导需要结合背景信息和相关领域的知识。然而，背景信息中并未提供与公式 (8.24) 相关的推导过程、具体定义或物理意义的解释。因此，无法依据背景信息直接推导公式 (8.24) 中残差似然函数的计算逻辑。  若要推导残差似然函数的计算逻辑，通常需要从系统模型、观测模型和误差模型出发，结合卡尔曼滤波的框架进行分析。例如： 1. **状态预测**：使用状态转移模型预测当前时刻的状态。 2. **观测更新**：根据观测模型将预测的状态与实际观测值进行比较，计算残差。 3. **似然函数计算**：基于残差和观测噪声的统计特性，计算似然函数。  但具体到公式 (8.24)，由于背景信息中没有相关的内容，无法进一步解释其各项的物理意义和计算步骤。因此，答案为：  不知道。
1,st_mtfc,text_only,85,1,0,1,No,未提及公式相关内容,0,0,0,[],[],"[EXPLANATION] 1.1 多传感器数据融合基本描述 数据融合是一个多级、多层面的数据处理过程,主要完成对来自多个信息源的数据进行 自动检测、关联、相关及估计的融合处理“。数据融合是一个多学科交叉的研究领域,有 些学科相对成熟,有理论基础支持其具体应用,如贝叶斯推理、多传感器数据采集、多目标",数据融合是一个多级、多层面的数据处理过程，主要完成对来自多个信息源的数据进行自动检测、关联、相关及估计的融合处理。其处理的多传感器信息具有更复杂的形式，并且可以在不同的信息层次上出现，每个层次都可以对检测数据进行不同程度的融合。例如，可以在数据层（像素级）、特征层和决策层进行数据的融合处理。数据融合主要包括传感器级、特征级和决策级三种融合方式，每种方式具有不同的优缺点、理论支撑和应用领域。
2,st_mtfc,text_only,85,1,1,1,No,未提及数据融合的层次和应用领域,0,0,0,[],[],"[EXPLANATION] 多传感器数据融合中的数据处理方法、与经典信号处理方法相比较存在本质上的区别 数据融合所处理的多传感器信息具有更复杂的形式,并且可以在不同的信息层次上出现,每 个层次都可以对检测数据进行不同程度的融合。例如,在数据层(像素级)、特征层和决策 层“都可以进行数据的融合处理。目",根据信息层次的不同，目前提到的数据融合主要分为传感器级、特征级和决策级三种方式。
3,st_mtfc,text_only,90,1,1,1,No,none,0,0,0,[],[],"[EXPLANATION] 际合,称补丁单一传感器获取的图像数据在儿何、光谱、时间和空同分辨率等万画所仔在时 局限性和差异性缺陷,满足现实应用中不同观测和研究对象的要求。 [EXPLANATION] 图像融合技术的主要研究内容是如何加工、处理以及协同利用多源图像数据信息,便得 不同形式的信息相互补充",多源图像数据所提供的信息与单源相比具有以下三种关键性质： 1. 冗余性 2. 互补性 3. 合作性
4,st_mtfc,cross_segment_reasoning,85,1,1,1,No,未详细展开冗余性、互补性和合作性的具体解释，但核心观点正确。,0,0,0,[],[],"[EXPLANATION] 图像融合技术的主要研究内容是如何加工、处理以及协同利用多源图像数据信息,便得 不同形式的信息相互补充,从而最终获得对同一事物或目标的更客观、更本质的认识。与单 源图像数据相比,多源图像数据所提供的信息具有冗余性、互补性及合作性。多源图像数据 的几余性表示它们对外境或日标的",在多源图像融合中，合理利用冗余信息能够提高识别率，主要原因如下：  1. **降低误差**：冗余信息是指同一目标或场景由不同传感器获取的、表达形式可能不同但具有相同意义的数据。这些数据在一定条件下可以映射到一个共同的数据空间。通过融合这些冗余信息，能够有效减少因单一传感器或单一数据源的噪声、失真或环境干扰带来的误差，提高数据的准确性和可靠性。  2. **减少不确定性**：多源图像数据提供的冗余信息在一定程度上可以相互验证和补充。当单一数据源存在不确定性时，通过融合其他相关数据源的信息，能够对目标或场景进行更全面和精确的描述，从而降低决策的不确定性，提高识别的准确性。  3. **提高鲁棒性**：利用冗余信息可以增强系统对环境变化和传感器故障的鲁棒性。即使某一传感器的数据受到干扰或丢失，其他传感器的数据仍能提供有效的信息支持，确保系统的稳定运行和识别性能的保持。  综上所述，合理利用冗余信息能够有效降低误差和不确定性，增强系统的鲁棒性，从而显著提高识别率和精确度。
5,st_mtfc,unanswerable,50,1,0,0,No,待评测回答没有提供任何信息，而标准答案明确指出参考资料中没有相关信息，因此待评测回答与标准答案在内容上并不匹配。,0,0,0,[],[],"[EXPLANATION] 各发达国家也致力于为信息融合设计混合的传感器和处理器,同时进行各种信息融合系 统的研制。由于具有宽阔的时空覆盖区城、较高的测量维数、良好的目标空同分辨率,以及 较强的故障容错与系统重构能力,信息融合系统的概念一经提出、就引起西方各国国防部门 的高度重视,开将其列为车事高科",不知道
6,st_mtfc,text_only,85,0,1,1,No,未提及融合中心的故障对系统的影响,0,0,0,[],[],"[EXPLANATION] 2.1多传感器的数据融合架构 多传感器信息融合孩结构划分,可以分为集中式、分布式以及混管式三大类。在空中日 标跟踪领域,集中式和分布式融合通常也分别被称为量测融合和航迹融合。集中式融合对融 合中心的处理能力及通信带宽要求较高,一旦融合中心失效则整个系统就会瘫痰。分布式融 ",多传感器集中式融合结构是一种多传感器信息融合架构，它将所有传感器的原始数据集中传输到一个融合中心，由该中心进行数据处理和融合，最终得出融合结果。这种结构的特点是融合中心负责所有数据的处理、分析和决策，具有较高的数据处理能力和较高的通信带宽需求。然而，这种结构的缺点是如果融合中心出现故障，整个系统将无法正常工作，系统的可靠性和容错性较低。
7,st_mtfc,cross_segment_reasoning,90,1,1,1,No,未提及扩展性强,0,0,0,[],[],"[EXPLANATION] 2.1.1 集中式融合结构 集中式融合是将所有的传感器获得的测量信息,直接输送到中央处理单元进行统一处 理。例如,在便用雷达和红外等多类检测设备(传感器)对运动日标进行跟际的过程种 其跟际算法多数用的是卡尔曼滤波,集中式融合就是将所有雷达、红外等传感器所获得的效 据,不经",相对于集中式融合，分布式融合结构的优点包括：通信开销小、融合中心计算机所需的存储容量小、扩展性强、系统生存能力强、融合速度快。主要缺点是损失融合中心信息的完整性。
8,st_mtfc,text_only,60,1,1,1,No,表达不够严谨,0,0,0,[],[],"[EXPLANATION] 2.1.3 混合式融合结构 在混合式融合中,既包含集中式融合,也包含分布式融合,它可以由两种融合方式组合 而成。混合式融合估计的流程示意图如图2.3所示 传感器1 跟踪滤波算法 传感器n 遥加母 跟踪滤波算法 融 传感器n+1 血什甘 跟踪 滤波 m 算法 传感器n十m ",混合式融合结构由集中式融合和分布式融合两种融合方式组成。
9,st_mtfc,cross_segment_reasoning,90,1,1,1,No,缺少对多传感器数据融合的具体描述,0,0,0,[],[],"[VARIABLE] X(t)=AX(t)+W(t) (2.1) (蒙(t)=HX(t)+V(t) 其中,A表示状态转移矩阵;日表示状态观测矩阵;W(4)表示状态噪声;V(1)表示噪声 根据卡尔曼滤波公式,则可以获得被跟踪目标的航迹状态估计值x。针对卡尔曼滤波这样有 确定性数学模型的跟踪滤波算法,计",卡尔曼滤波器通过递归的数学算法来获得系统的状态估计值。具体来说，卡尔曼滤波器基于系统的动态模型和观测模型，通过预测和更新两个步骤不断优化状态估计。  首先，卡尔曼滤波器利用系统的状态转移矩阵和当前的估计值，预测下一时刻的状态值，这一步称为预测步骤。预测步骤中，卡尔曼滤波器会计算先验估计值和相应的误差协方差矩阵，表示预测值的不确定性。  接着，卡尔曼滤波器将预测的先验估计值与实际的观测值进行比较，计算后验估计值。这一过程涉及计算卡尔曼增益，该增益决定了预测值和观测值在更新估计值时的权重。通过卡尔曼增益的调节，卡尔曼滤波器能够有效地结合预测值和观测值，从而得到更准确的状态估计值。  卡尔曼滤波器通过不断迭代预测和更新的步骤，逐步缩小状态估计的误差，最终获得系统的最优状态估计值。这一过程利用了最小均方误差准则，确保估计值在所有可能的估计中具有最小的均方误差。
10,st_mtfc,cross_segment_reasoning,85,1,1,1,No,未提及融合算法的次优性质,0,0,0,[],[],"[EXPLANATION] 如果雷达和红外传感器分别获得了空中目标的测量值,首先利用卡尔曼滤波求取雷达数据 的滤波误差协方差矩阵p(k/k)和状态滤波值X*(k/k),然后用p*(k/k)来替换红外传感器的 预测协方差矩阵p”(k/k-1),用x“(h/6)来替换红外传感器的状态预测值矩阵x“(k/",在序贯式卡尔曼滤波中对雷达和红外传感器进行数据融合时，需要将雷达的径向距离补充到红外测量数据中，主要是为了保证两者测量数据的维度一致，从而能够进行有效的融合计算。  红外传感器通常只能提供目标的高低角和方位角等角度信息，而雷达传感器则能提供目标的径向距离信息。为了将两种传感器的数据进行融合，必须使它们的观测数据维度相同，即雷达的径向距离作为红外传感器观测数据的补充，这样红外传感器的数据才能与雷达数据保持一致，便于后续的滤波和融合计算。  此外，假设雷达获得的径向距离与红外测得的两个角度之间是相互独立的，这样可以进一步保证数据融合过程中各参数之间的独立性和合理性，提高融合结果的可靠性。
11,st_mtfc,unanswerable,0,1,0,0,No,"待评测回答与标准答案都表示无法解答，但待评测回答直接使用了""不知道""，而标准答案提供了更专业的表述，说明无法解答的原因。",0,0,0,[],[],"[VARIABLE] 系统噪声的协方差矩阵为 Q(k)=E{W(k)W1(k)} (2.3) 观测噪声的协方差矩阵为 R(k)=E{V(k)V(k)} (2.4) 卡尔曼滤波器就是在已知观测序列1Y(0),Y(1),⋯,Y(k)}的前提条件下,要求解 X(k)的估计值,使得后验误差估计的协方差矩阵P",不知道
12,st_mtfc,text_only,100,1,0,1,No,无,0,0,0,[],[],"[EXPLANATION] 第3章贝叶斯推理方法 贝叶斯推理方法是一种统计方法,在数据融合中属于统计融合算法,其理论基础是贝叶 斯法则。在给定证据的条件下,贝叶斯推理能提供一种计算条件概率(即后验概率)的方 法。贝叶斯网络是一种源自图形化的建模工具,它将有向无环图与概率理论相结合,用于不 确定性推理",贝叶斯推理方法在数据融合技术中属于统计融合算法，其理论基础是贝叶斯法则。
13,st_mtfc,cross_segment_reasoning,80,0,1,1,No,未明确提及贝叶斯法则,5,5,5,[],[],"[EXPLANATION] 例3.2金属粒测器(MD)能检测出大于1cm且只有儿克重的金属碎片的存在、地卜 探测雷达(GPR)能利用电磁波的差异从土壤和其他背最中发现大于10cm的物体。金属检 测器只能简单地区分物体中是否含有金属,而地下探测雷达却具有物体地分类功能,因为它 能对物体地多个属性有所响",在给定的矿物探测实例中，结合地下探测雷达(GPR)和金属探测器(MD)融合的核心原理是通过数据融合技术将两种传感器的输出信息进行整合，以提高对矿物的检测性能。具体而言，GPR和MD各自具有不同的探测能力和局限性：  1. **GPR（地下探测雷达）**：基于电磁波的传播特性，能够从土壤和其他介质中发现大于10cm的物体。其优势在于可以对物体的多个属性进行响应，如尺寸、形状、类型及内部结构等，从而实现对物体的分类和更细致的特征分析。  2. **MD（金属探测器）**：仅能检测出大于1cm且仅有几克重的金属碎片的存在，并且只能简单地区分物体中是否含有金属，缺乏对物体其他属性的响应能力。  由于两种传感器在探测能力和信息内容上具有互补性，通过数据融合可以有效弥补各自的不足。例如，GPR的高分辨率和分类能力可以对大尺寸物体进行精确定位和特征提取，而MD则能在更广泛的区域中检测出金属碎片的存在，提供更全面的探测结果。  数据融合的核心在于通过算法将两种传感器的测量数据进行整合，以提高整体系统的检测性能。这通常包括以下步骤： - **预处理**：对两种传感器的数据进行滤波和降噪，以提高数据质量。 - **特征提取**：从不同传感器的数据中提取有助于提高检测性能的特征信息。 - **融合算法**：采用如最小二乘法等数学方法，将两种传感器的测量数据进行融合，以提高检测的准确性和可靠性。  综上所述，结合GPR和MD的融合核心原理是通过数据融合技术将两种传感器的输出信息进行整合，以提高对矿物的检测性能，同时利用各自的优点和互补性，克服各自的局限性。
14,st_mtfc,cross_segment_reasoning,70,1,0,1,No,概念描述不准确,0,0,0,[],[],"[VARIABLE] 定义3.3(贝叶斯网络)假设贝叶斯网络中的节点集为V=1V,V,⋯,V},则贝叶斯 网络N可以表示为二元组N=(G,)。其中,G=(V,E)表示节点关系的有同无环图,称之 为贝叶斯网络结构;0=10,6,⋯,9,表不每个节点V在它的父节点集pa(X)的条件卜的 条件概率,称之为",在贝叶斯网络图结构中，根节点和叶节点的区别在于它们的父节点和子节点数量： 根节点没有父节点，但可能有子节点；叶节点没有子节点，但可能有父节点。
15,st_mtfc,text_only,85,1,0,1,No,未提及有向分离的定义和条件独立性关系,0,1,0,[],['X'],"[VARIABLE] 如图3.3所示,考虑三类特殊的节点连接情况:第一类是顺序连接(X→X→X),其中 X为头对尾节点;第二类是发散连接(X一X→X),其中X为尾对尾节点;第三类是收敛 连接(X→X一X),其中X为头对头节点。  ... (文档跳转) ...  [VARIABLE] 定义3.4(有向",根据背景信息，贝叶斯网络中有向分离的三种特殊节点连接情况分别称为： 1. 顺序连接（X→X→X），其中X为头对尾节点； 2. 发散连接（X一X→X），其中X为尾对尾节点； 3. 收敛连接（X→X一X），其中X为头对头节点。  这些特殊的节点连接情况对应了有向分离的三种基本结构，分别对应于贝叶斯网络中不同的路径模式。
16,st_mtfc,cross_segment_reasoning,85,1,1,1,No,未完全覆盖所有问题点但基本符合标准答案,2,2,2,[],[],"[EXPLANATION] 在贝叶斯网络应用中,每个节点的状态信息会保存在历史数据中,而通过这些历史数据 (训练数据)学习DAG结构则被称为结构学习。相比于专家知识的方法,基于数据学习的 方法更省资源且更高效,学习得到的结构也更贴近于实际应用,这也使得基于数据学习的方 法更适用于构建贝叶斯网络。由于",基于数据学习贝叶斯网络结构时可能遇到的问题包括： 1. **计算复杂度高**：贝叶斯网络的结构空间大小会随着节点数目和节点状态数呈指数级增长，使得结构学习成为一个NP难问题，难以在多项式时间内求解。 2. **数据不足或噪声干扰**：当训练数据量不足或存在大量噪声时，所学习的贝叶斯网络结构可能与实际应用存在较大偏差，导致模型性能下降。 3. **结构精度问题**：基于约束的结构学习方法虽然求解效率高，但精度可能较低，尤其是在数据不足或存在噪声时，学习到的结构可能无法准确反映真实的数据依赖关系。 4. **结构合法性问题**：数据学习过程中可能会生成不合理的结构，需要引入专家知识来对不合理的边进行删减，以确保所学习的结构合法且符合实际。 5. **模型泛化能力受限**：如果学习到的结构未能捕捉到数据中的重要特征或依赖关系，可能会影响模型的泛化能力和实际应用效果。
17,st_mtfc,cross_segment_reasoning,85,1,1,1,No,未提及混合方法和未提到结构学习的指数增长问题,0,0,0,[],[],"[FORMULA] 【章节: 3.2】 【⚠️ MTFC 块 (AnchorScore=1.8)】 关的一些变量,从而降低学习的复杂度;另一方面当训练数据量不足或存在很多噪声时,所 学习的贝叶斯网络结构可能与实际相差巨大,通过专家对所学习的结构进行修正,能够确保 所构建的贝叶斯网络结构是符合实际应用",基于约束的贝叶斯网络结构学习方法的一个容易被忽略的弱点是其对数据质量和数量的依赖性较强。当训练数据量不足或存在较多噪声时，通过统计独立性测试得到的节点间独立性或相关性关系可能不够准确，从而导致学习到的贝叶斯网络结构与实际情况存在较大偏差。此外，由于基于约束的方法主要依赖于独立性测试的结果，其对测试方法的选择和参数设置较为敏感，容易受到这些因素的影响，进一步降低了学习结果的准确性。因此，在数据质量不高或存在噪声的情况下，基于约束的方法可能无法有效地捕捉到真实的变量间依赖关系，导致结构学习结果的可靠性下降。
18,st_mtfc,unanswerable,0,1,0,0,No,待评测回答与参考上下文和标准答案均不一致。待评测回答中提到量子纠缠与贝叶斯网络的马尔可夫条件无关，但参考上下文并未提及量子纠缠相关内容，且标准答案表示无法解答。因此，待评测回答偏离了提供的参考上下文内容，并且没有依据参考上下文进行回答。,0,0,0,[],[],"[FORMULA] 定义3.2(马尔可夫条件)假设有向无环图G=(V,E),且V的联合概率分布为P(V) 对仕意的X∈V,在X的父节点集pa(X)已知的情况下,如果X强立于其非后代节点集 nd(X),即I(X,nd(X)|pa(X)),则称G=(V,E)符合马尔可夫条件。 [EXPLANATION]","不知道  贝叶斯网络中的马尔可夫条件是图模型的一个经典概率特性，它描述了变量之间的条件独立性关系。然而，""量子纠缠""是量子力学中的一个概念，与贝叶斯网络的马尔可夫条件没有直接的联系。贝叶斯网络本身是基于经典概率论的，其马尔可夫条件描述的是变量之间的概率独立性，而不是量子系统中的纠缠现象。因此，贝叶斯网络中马尔可夫条件的底层机制并不涉及量子纠缠。"
19,st_mtfc,cross_segment_reasoning,70,0,0,1,No,待评测回答对D-S证据理论的局限性进行了扩展描述，但其对合成规则的描述与参考标准答案存在差异。待评测回答将合成规则的适用条件的独立性和冲突性分开描述，而标准答案将它们合并为一个点。此外，待评测回答中提到的Zadeh悖论和合成公式的合理性问题，标准答案并未提及，因此公式匹配度为0。但待评测回答基本忠实于参考上下文中的信息，且没有引入未提及的错误信息，因此忠实度为1。,2,3,2,[],"['Zadeh', 'Dempster']","[EXPLANATION] D-S算法的核心是一套Dempster合成规则(也称让据合成公式),这是Depster在研 究统计同题时盲先提出的,随后Shacr把它推)到更为一般的情形。该算法的优点在于证雅 理论中需要的先验数据比概率推理理论中的更为直观、更容易获得,再加上Dempser合成 公式可以","D-S证据理论中，Dempster合成规则在以下情况下不适用或受到局限： 1. 证据不独立时：D-S算法要求证据必须是独立的，但实际应用中，证据之间可能存在相关性，这会使得Dempster合成规则的适用受到限制。 2. 合成规则缺乏坚实的理论基础：证据理论的合成规则没有非常坚固的理论支持，其合理性和有效性存在较大争议。 3. 面临指数爆炸问题：在计算过程中，证据理论存在潜在的指数爆炸问题，这会限制其在实际应用中的计算效率。 4. 对合成公式的合理性存在质疑：Zadeh提出的""Zadeh悖论""对证据理论的合成公式的合理性提出了质疑。"
20,st_mtfc,cross_segment_reasoning,65,0,1,0,No,未准确反映参考上下文和标准答案的核心概念，尤其是对支持度和似然度的定义存在偏差。,2,2,3,"['Bel', 'Pl']","['$[0.25, 1]$', 'S', '$[1 - 1, 1 - 0.25] = [0, 0.75]$', '$[0, 0]$', '$[1, 1]$']","[FORMULA] 予了该命题的反命题,因此a,的支持度为0,它的似然度1-Ba(a)也等于0(由于 Be(a)=1)。如果知道命题a,肯定为真,可以用[1,1]表示它的支持度和似然度,此时 不确定区间也为0,这是因为所有的概率分配值都赋予了命题α,因此α,的支持度为1 它的似然度1-Be(a)由于","在D-S证据理论中，基本概率赋值（BPA）是构建不确定区间的核心依据。BPA是将质量值分配给识别框架中各命题及其子命题的过程，它决定了哪些证据支持某个命题，哪些证据不支持某个命题。具体来说：  1. **BPA确定支持度和似然度**：    - **支持度**是直接支持某个命题的所有基本概率赋值之和。支持度越高，表示证据对命题的支持越强。    - **似然度**是直接支持命题反命题的基本概率赋值之和。似然度越高，表示证据对命题的反命题支持越强。  2. **BPA影响不确定区间的范围和内容**：    - **不确定区间**是由支持度和似然度确定的区间范围，它表示了命题在当前证据下可能的不确定程度。例如，如果支持度为 $[0.25, 1]$，则不确定区间为 $[1 - 1, 1 - 0.25] = [0, 0.75]$。    - 如果支持度和似然度分别为 $[0, 1]$，则不确定区间为 $[0, 1]$，表示命题在当前证据下完全不确定。    - 如果支持度和似然度分别为 $[1, 1]$，则不确定区间为 $[0, 0]$，表示命题在当前证据下完全确定。  3. **BPA的分布直接影响不确定区间的大小和形状**：    - 如果BPA集中在某个命题上，那么支持度会较高，不确定区间会较小。    - 如果BPA分布在多个命题上，那么支持度和似然度都会降低，不确定区间会变大。    - 如果BPA同时支持一个命题和其反命题，则不确定区间会包含两个命题的范围。  综上所述，在D-S证据理论中，BPA是不确定区间计算的基础，它决定了支持度和似然度，从而影响不确定区间的范围和内容。BPA的分布直接决定了不确定区间的大小和形状。"
21,st_mtfc,cross_segment_reasoning,80,0,0,1,No,未提及贝叶斯定理公式，但基本概念正确,0,0,0,"['D', 'S']","['Dempster', 'Shafer']","[EXPLANATION] 第3章贝叶斯推理方法 贝叶斯推理方法是一种统计方法,在数据融合中属于统计融合算法,其理论基础是贝叶 斯法则。在给定证据的条件下,贝叶斯推理能提供一种计算条件概率(即后验概率)的方 法。贝叶斯网络是一种源自图形化的建模工具,它将有向无环图与概率理论相结合,用于不 确定性推理",证据理论与贝叶斯理论在处理不确定性时的核心差异主要体现在对先验知识的依赖程度以及对不确定性的建模方式上。具体差异如下：  1. **对先验知识的依赖**：    - **贝叶斯理论**：贝叶斯方法强调利用已有的先验知识，并通过新证据进行更新以获得后验概率。其核心是贝叶斯定理，即后验概率等于似然函数乘以先验概率后除以证据（归一化常数）。    - **证据理论**（Dempster-Shafer理论）：证据理论并不直接依赖先验知识，而是通过基本概率分配（mass function）来表示对命题的不确定性，并将这些不确定性进行组合和更新。这种机制允许对不确定性进行更细致的划分和量化，例如对命题的不确定性和对命题的不相容性进行区分。  2. **对不确定性的建模方式**：    - **贝叶斯理论**：贝叶斯方法将不确定性建模为概率，概率本身是客观存在的，并且基于频率主义的假设。贝叶斯方法将不确定性视为概率的不确定性，并且假设所有事件都有一个明确的概率分布。    - **证据理论**：证据理论将不确定性建模为基本概率分配和信任函数的组合，允许对命题的不确定性进行更复杂的描述。例如，它可以通过信任函数和似然函数来表示对命题的信任程度，而不是直接的概率。  3. **证据的组合与更新**：    - **贝叶斯理论**：贝叶斯方法使用贝叶斯定理直接对先验概率进行更新，得到后验概率。更新过程是直接的，且依赖于证据的似然函数。    - **证据理论**：证据理论通过Dempster组合规则来组合不同来源的证据，并计算新的基本概率分配和信任函数。该过程更加复杂，能够处理冲突证据的情况，并且对不确定性进行更细致的描述。  总结来说，贝叶斯理论更侧重于通过先验知识和新证据的结合进行概率更新，而证据理论则更强调对不确定性和证据组合的灵活建模，能够处理更加复杂的不确定性场景。
22,st_mtfc,cross_segment_reasoning,85,0,1,1,No,未提及具体融合规则（如Dempster组合规则）和未明确说明如何根据门限值进行决策,0,8,0,['Dempster'],"['S_threshold2', 'X', 'P', 'A', 'M']","[VARIABLE] 4.4 证据理论在图像融合中的应用举例 假定我们可以获取学生在听课时的图像信息,如何判断学生听课的专注度,这是一个很 富挑战性的课题。假定针对一个学生进行判别时,将人体识别框架设定为2=1左顾右盼,理 头,端坐,不确定1,分别用h、h、h,和V来表示,将人体的x轴质心变化、y轴","基于描述的实验设计，结合D-S证据理论的决策流程，可以将学生端坐或左顾右盼的决策过程归纳为以下几个步骤：  1. **特征提取**：      从摄像头获取的图像中提取与学生行为相关的四个特征，即人体的x轴质心变化、y轴质心变化、面积变化和角度变化，分别对应证据体M = {X, Y, S, θ}。这些特征用于描述学生的行为状态。  2. **阈值设定与基本概率赋值（BPA）计算**：      根据学生的实际行为特征与预设的阈值进行比较，将每个特征的值映射为对应的基本概率赋值（BPA）。例如，对于面积变化和角度变化，将它们的数值与预设的阈值进行比较，得到对应的基本概率值。公式（4.25）和（4.26）分别描述了面积和角度特征对应的BPA计算方法。      例如：      - 若面积S满足S > S_threshold1或S < S_threshold2，则认为学生处于左顾右盼状态，对应的基本概率赋值为m(h1) = 4.1001×10^{-4}；      - 若面积S在S_threshold1和S_threshold2之间，且角度θ满足θ > θ_threshold1或θ < θ_threshold2，则认为学生处于端坐状态，对应的基本概率赋值为m(h2) = 2.1133×10^{-4}；      - 若面积S和角度θ均处于阈值范围内，则认为学生处于不确定状态，对应的基本概率赋值为m(h3) = 0.9999。  3. **多特征融合**：      将四个特征（X、Y、S、θ）的基本概率赋值进行融合。融合过程中首先在空间域内对每个特征进行融合，得到每一部分的综合基本概率赋值。然后在时间域内对融合后的结果进行二次融合，以获得最终的综合基本概率赋值。  4. **决策判断**：      根据融合后的基本概率赋值，结合给定的阈值（门限值=0.1），将学生的行为状态划分到对应的基本概率赋值中。最终的决策结果是根据综合基本概率赋值的大小进行判断的。例如，若端坐状态对应的基本概率赋值为0.9999，则认为学生处于端坐状态。  综上所述，D-S证据理论将摄像头的多个特征（x轴质心变化、y轴质心变化、面积变化和角度变化）作为独立的证据体，并通过设定阈值和计算基本概率赋值，将这些特征信息进行空间域和时间域的多步融合，最终根据融合后的结果进行决策。"
23,st_mtfc,unanswerable,70,1,1,1,No,未提及BPA分配与学生吃零食的关联,0,3,0,[],"['A', 'B', 'P']","[VARIABLE] 4.3 证据理论与贝叶斯判决理论的比较 在证据(Dempster-shafer)理论中,可以把表示不确定概念的概率直接分配给不知道事 件,也就是能分配给识别框架θ里的任何命题,从这一点来说,证据理论比贝叶斯理论更 具一般性。而且在证据理论中,可以把传感器的分类错误,用直接分配给",根据提供的背景信息，没有提到任何与学生在吃零食时BPA分配极度失衡相关的实验数据或研究结果。背景信息主要讨论了证据理论和贝叶斯理论的比较，以及它们在处理不确定性和概率分配方面的不同方法。因此，无法从给定的背景信息中得出关于学生吃零食时BPA分配失衡的结论。  回答：不知道
24,st_mtfc,text_only,70,0,1,0,No,待评测回答中提到模糊推理机是核心元件，但标准答案明确指出模糊控制器是核心。虽然两者都涉及复杂系统的控制，但核心元件的表述不一致，导致faithfulness为0。,0,0,0,[],[],"[VARIABLE] (1)模糊化接口;模糊控制器的输入向量必须是一个经过模糊化的向量,因此需要将 系统原先的精确数字向量转换为一个模糊向量,该模糊向量可以用语言值(或者基于模糖 集合的标识符)来表示,而且可以万便地被模糊规则所辨识、计算。  ... (文档跳转) ...  [EXPLANATION",模糊计算原理中的核心元件是模糊推理机。它主要解决非线性、时变、难以建立精确数学模型的系统问题，通过模糊蕴含和模糊逻辑的推理规则实现拟人决策过程，从而实现对复杂系统的控制。
25,st_mtfc,cross_segment_reasoning,85,0,1,1,No,未完全提及模糊积分对控制器性能的提升,3,3,3,[],[],"[EXPLANATION] 将上还模糊控制算法用于球秆系统实际控制,反复调整系统的参数使得系统达到稳定。  ... (文档跳转) ...  [FORMULA] 5.3.4 球秆系统楔砌控制器改进与伤具 常规模糊控制器本身的特点,决定了它不能消除系统静差。以简单一维模糊控制器为例 分析其原因;设输人变",在球杆系统模糊控制器中，对传统PID进行模糊推论化改进的必要性主要源于传统PID控制器在处理复杂非线性系统时的局限性。传统PID控制器基于线性控制理论，其控制作用仅依赖于误差、误差变化率和误差的积分项，难以直接应对球杆系统中存在的非线性特性、时变参数以及外界扰动等复杂情况。  模糊控制算法则通过引入模糊逻辑和模糊规则，能够更好地描述和处理这种不确定性。在模糊控制器中，输入和输出变量被映射为模糊集合，并通过模糊规则进行推理，最终得到一个模糊输出，再经过去模糊化得到具体的控制量。这种机制使得模糊控制器能够根据系统的实时状态和环境变化，动态地调整控制策略。  具体到球杆系统，模糊控制算法能够更好地适应系统在不同工作条件下的动态特性。通过模糊推理，控制器可以更有效地处理误差和误差变化率等变量之间的复杂关系，从而实现更精确的控制效果。  此外，模糊控制器可以通过引入模糊积分等方法，进一步优化控制性能。模糊积分能够更好地处理系统中存在的一般模糊性，从而提高控制系统的鲁棒性和适应性。  综上所述，对传统PID进行模糊推论化改进，是为了更好地适应球杆系统的非线性和不确定性，提高控制的精确性和鲁棒性，从而实现更优的控制效果。
26,st_mtfc,cross_segment_reasoning,80,0,1,1,No,未提及学习速率选取不当的问题,2,2,2,[],[],"[EXPLANATION] 多传感器数据融合中的数据处理方法、与经典信号处理方法相比较存在本质上的区别 数据融合所处理的多传感器信息具有更复杂的形式,并且可以在不同的信息层次上出现,每 个层次都可以对检测数据进行不同程度的融合。例如,在数据层(像素级)、特征层和决策 层“都可以进行数据的融合处理。目",根据背景信息中提到的内容，BP神经网络算法在多传感器数据融合过程中存在一个致命的收敛缺陷，即算法容易陷入局部极小值。在BP神经网络的学习过程中，通过反向传播误差来调整连接权值和阈值，但这个过程可能会导致网络收敛到一个局部最小值，而不是全局最优解。由于网络的损失函数通常是非凸的，存在多个局部极小值点，这使得BP神经网络无法保证找到全局最优解。局部极小值的存在可能会导致模型的泛化能力下降，影响融合效果。因此，BP神经网络在多传感器数据融合中的这一缺陷限制了其性能和应用效果。
27,st_mtfc,text_only,70,0,0,1,Suspected,缺少具体应用领域的描述,3,1,0,"['T', 'P', 'S']",['Hopfield'],"[VARIABLE] 状态,那么Hopield神经网络就能够用于解决优化组合问题。Hopield神经网络模型是由一 系列互联的神经单元组成的反馈型网络,如图6.5所示[3 图6.5 Hopfield神经网络模型 对于Hopfield神经网络第i个神经元,采用微分方程建立其输人输出关系, dui L ",Hopfield神经网络相较于前馈网络，主要被应用于解决**优化组合问题**领域的融合难题。根据背景信息，Hopfield神经网络能够用于解决优化组合问题，并且在优化路径问题中采用了神经网络方法。这表明其主要应用领域是需要优化和组合的复杂问题。
28,st_mtfc,cross_segment_reasoning,90,0,1,1,No,部分概念表达不够精确,0,0,0,[],[],"[EXPLANATION] (5)根据交义概率P。及变异概率P⋯,执行交叉和变异操作,在上一代群体的基础上产 生新一代的码串群体。这样反复执行第(1)步到第(5)步,使码单群体一代一代不断进 化,最后搜索到最适合问题环境的个体,求得问题的最优解。  ... (文档跳转) ...  [EXPLANAT",遗传算法中的交叉和变异操作对全局寻优的宏观作用主要体现在以下两个方面：  1. **交叉操作**： 交叉操作通过将两个父代个体的基因片段进行交换，生成新的子代个体。其主要作用是保持优良基因的传播和重组，有助于探索解空间中的新区域。交叉操作能够将不同父代个体的优良特性组合起来，形成新的个体，从而避免算法过早收敛到局部最优解，提高全局寻优的能力。  2. **变异操作**： 变异操作通过随机改变个体的某些基因位，引入新的基因变化。其主要作用是增加种群的多样性，防止算法陷入局部最优解，并且可以探索解空间中未曾被访问的区域。变异操作能够破坏某些不适应的基因，同时保持某些优良基因的稳定性，从而为算法的全局优化提供可能。  综上所述，交叉操作主要负责探索解空间的多样性和优良基因的重组，而变异操作则主要负责保持种群的多样性并防止算法过早收敛，两者共同作用以实现遗传算法的全局优化。
29,st_mtfc,unanswerable,50,1,0,0,No,未找到相关信息,0,0,0,[],[],"[EXPLANATION] (2)对参数进行编码。遗传算法是对待优化参数转化成的梁色体进行遗传操作的,所以 盲先要将参数编码为遗传空间中的基因甲。基本的编码方式有实数编码和二进制编码,实数 编码虽然不用解码,但是不便于进行遗传操作,二进制编码虽然需要解码,但是遗传操作 方便。  ... (文档跳转)",不知道
30,st_mtfc,unanswerable,0,1,0,0,No,待评测回答与参考上下文及标准答案无关，且未提及任何与粒子群算法、局部最优解、多模态目标相关的内容，因此无法进行有效对比。,0,2,0,[],"['M', 'O', 'P', 'S']","[VARIABLE] 当经过若干次迭代后,a(x)值保持为1时则表明算法停滞或找到了最优值 定义8.2若第t代种群中的第i个粒子用x(4)1(i∈11,2,⋯,N1)表示,该粒子当前 最优适应度用元表示,当前时刻的个体极值用元⋯(4)表不,当丽所有粒于的平均值用 fve(t)表示,用β(x)表示粒子",在粒子群算法中，局部最优解（pbest）与多模态目标关联算法冲突时，强行合并的策略通常涉及以下几种方法：  1. **调整适应度函数**：通过设计一个能够同时考虑局部最优解和多模态目标的适应度函数，可以引导粒子群算法在寻找局部最优解的同时，保持对多模态目标的探索能力。例如，可以将多模态目标的适应度值与局部最优解的适应度值进行加权融合，从而在适应度计算中引入多模态目标的影响。  2. **引入多样性保持机制**：在粒子群算法中，引入多样性保持机制可以防止粒子群过早收敛到局部最优解，同时保持对多模态目标的探索能力。例如，可以通过对粒子的速度和位置进行扰动，或者在更新粒子的位置时加入随机因素，来保持种群的多样性。  3. **多目标优化策略**：将粒子群算法与多目标优化策略结合，可以同时优化多个目标函数，从而避免局部最优解与多模态目标之间的冲突。例如，可以使用多目标粒子群优化算法（MOPSO），将多个目标函数作为适应度函数的一部分，引导粒子群在多个目标之间进行权衡和优化。  4. **局部最优解的动态更新**：为了防止粒子群算法陷入局部最优解，可以动态更新局部最优解，使其能够适应多模态目标的变化。例如，可以设置一个阈值，当局部最优解的适应度值低于该阈值时，将其替换为一个新的局部最优解，从而保持种群的多样性。  5. **混合算法的引入**：将粒子群算法与其它优化算法（如遗传算法、模拟退火等）结合，可以有效避免局部最优解与多模态目标之间的冲突。例如，可以将粒子群算法作为主算法，同时使用遗传算法等辅助算法对局部最优解进行搜索和优化。  在实际应用中，具体选择哪种策略取决于问题的特性和算法的实现方式。通常，可以结合多种方法来达到较好的优化效果。
31,st_mtfc,formula_dependent,80,0,1,1,Suspected,未提及系统噪声项,2,1,0,"['X', 'X_{k', 'W', 'W_{k', 'X_k']","['$$', 'A', '$\\hat{x}(k/k-1)$', '$\\hat{x}(k-1/k-1)$', '$A$']","[VARIABLE] X(t)=AX(t)+W(t) (2.1) (蒙(t)=HX(t)+V(t) 其中,A表示状态转移矩阵;日表示状态观测矩阵;W(4)表示状态噪声;V(1)表示噪声 根据卡尔曼滤波公式,则可以获得被跟踪目标的航迹状态估计值x。针对卡尔曼滤波这样有 确定性数学模型的跟踪滤波算法,计",卡尔曼滤波器的状态更新方程（状态预测方程）的完整数学表达式为：  $$ \hat{x}(k/k-1) = A\hat{x}(k-1/k-1) $$  其中： - $\hat{x}(k/k-1)$ 表示第 $k$ 时刻的状态预测值； - $A$ 是状态转移矩阵； - $\hat{x}(k-1/k-1)$ 是第 $k-1$ 时刻的状态估计值。  该方程表示在获得新的测量值之前，利用状态转移矩阵 $A$ 对前一时刻的状态估计值进行预测，从而得到当前时刻的状态预测值。
32,st_mtfc,formula_dependent,85,0,1,1,Suspected,未提及增益矩阵的表达式,2,1,1,"['V', 'V_k']",[],"<STEM_LOGIC_UNIT> [VARIABLE] 系统噪声的协方差矩阵为 Q(k)=E{W(k)W1(k)} (2.3) 观测噪声的协方差矩阵为 R(k)=E{V(k)V(k)} (2.4) 卡尔曼滤波器就是在已知观测序列1Y(0),Y(1),⋯,Y(k)}的前提条件下,要求解 X(k)的估",在卡尔曼滤波的五大核心方程中，增益矩阵的表达式中用来代表量测误差协方差矩阵的数学符号是由大写字母 R 构成的。
33,st_mtfc,formula_dependent,60,0,1,0,No,待评测回答中对归一化常数K的定义存在错误，且物理意义的描述不准确。K是所有基本概率分配的交集不为零的组合的权重之和，而不是交集为零的组合。此外，待评测回答中提到的物理意义与标准答案中的冲突程度描述不一致。,1,4,1,[],"['$$', 'm_2', '$ m_1 $', 'Dempster', 'C']","[EXPLANATION] D-S算法的核心是一套Dempster合成规则(也称让据合成公式),这是Depster在研 究统计同题时盲先提出的,随后Shacr把它推)到更为一般的情形。该算法的优点在于证雅 理论中需要的先验数据比概率推理理论中的更为直观、更容易获得,再加上Dempser合成 公式可以",在Dempster合成规则的公式中，分母中的归一化常数 $ K $ 表示的是所有基本概率分配（mass functions）的交集为零的组合的权重之和。具体来说，$ K $ 是用来归一化合成结果的常数，确保合成后的质量函数（mass function）满足概率的基本性质，即所有基本事件的质量之和为1。这个归一化常数的计算公式为： $$ K = \sum_{B \cap C = \emptyset} m_1(B) \cdot m_2(C) $$ 其中，$ m_1 $ 和 $ m_2 $ 是两个质量函数，$ B $ 和 $ C $ 是识别框架中的两个子集。当 $ B \cap C = \emptyset $ 时，即两个子集没有交集时，它们的组合权重会被累加到 $ K $ 中。  在物理意义上，$ K $ 可以被看作是所有不相交的证据组合的冲突程度的度量。归一化常数 $ K $ 的作用是将这些不相交的组合的权重进行归一化处理，使得合成后的质量函数能够正确地反映不同证据之间的冲突程度和组合的可能性。  因此，$ K $ 在Dempster合成规则中代表的是所有不相交的组合的权重之和，也就是证据之间的冲突程度的度量。
34,st_mtfc,formula_dependent,85,0,0,1,No,待评测回答中没有提到公式匹配的相关内容，因此无法确认公式匹配情况。,1,2,0,['A'],"['D', 'S']","[EXPLANATION] 开始 边缘检测 提取轮廊 读取图像 图像预处理 在空间域进行 在时域进行信 结束 得到结果 证据收集 信息融合 息融合 图4.3 学生行为分析与推理决策流程图 4.4.1 基本概率赋值的获取 在运用D-S理论的过程中,最为关键的部分是利用现有独立证据给每个相应焦元进行 基","基本概率赋值是D-S理论中用于表示对识别框架中各元素的不确定性的量化描述。基本概率赋值的规范化数学形式是：设识别框架为Θ={θ₁,θ₂,…,θₙ}，基本概率赋值为m:2^Θ→[0,1]，满足两个条件：首先，m(∅)=0；其次，所有单元素的集合的m值之和为1，即∑_{i=1}^n m({θ_i})=1。"
35,st_mtfc,formula_dependent,40,1,0,0,No,待评测回答中引用了未在参考上下文中出现的公式，并且没有正确引用或解释相关概念，导致faithfulness和formula_match均为0。同时，待评测回答对贝叶斯法则和递归滤波的数学形态的描述存在不准确之处。,0,3,0,[],"['$ P(E|H) $', '$ P(H) $', '$$', '$ P(H|E) $', 'P']",[EXPLANATION] 录 前言 第1章多传感器数据融合概述⋯ 1.1 多传感器数据融合基本描述 1.2 多传感器数据融合的基本原理描述 1.3 数据融合技术的应用领域 1.3.1 数据融合技术在机器人领域的应用· 1.3.2 数据融合技术在图像处理领域的应用 1.4数据融合研究的国内外现状简介,在利用贝叶斯法则进行多传感器序列数据连续更新（如递归滤波）时，它的递推数学形态通常**不直接包含微积分操作**。  贝叶斯法则的核心是条件概率的更新过程，其数学表达形式为： $$ P(H|E) = \frac{P(E|H)P(H)}{P(E)} $$ 其中： - $ P(H|E) $ 是在证据 $ E $ 下假设 $ H $ 成立的概率； - $ P(E|H) $ 是假设 $ H $ 成立时证据 $ E $ 的概率； - $ P(H) $ 是假设 $ H $ 的先验概率； - $ P(E) $ 是证据 $ E $ 的边缘概率。  在递归滤波（如卡尔曼滤波）中，贝叶斯法则被用于逐步更新对状态的估计。这种更新是通过将新的观测数据与当前的估计结合，并根据新的信息调整先验概率分布来实现的。这个过程本质上是基于概率的递推，而不是直接依赖于微积分操作。  然而，卡尔曼滤波等递归滤波方法可能会使用到微积分操作，比如在计算状态转移和观测模型的期望值时，可能会涉及对连续状态变量的积分。但这些积分操作是用于描述系统动态和观测模型的，而不是贝叶斯法则本身的递推形式。  综上所述，贝叶斯法则的递推数学形态主要依赖于概率的更新和条件概率的计算，而不是直接包含微积分操作。微积分操作可能在更广泛的递归滤波框架中被使用，但它们并非贝叶斯法则递推过程的一部分。
36,st_mtfc,formula_reasoning,50,1,0,1,No,公式推导错误,1,0,0,['C'],"['$ g(4) $', '$$', '$ g(2) $', '$ g(5) $', '$ n = 5 $']","[FORMULA] 【章节: 3.2】 【⚠️ MTFC 块 (AnchorScore=1.8)】 关的一些变量,从而降低学习的复杂度;另一方面当训练数据量不足或存在很多噪声时,所 学习的贝叶斯网络结构可能与实际相差巨大,通过专家对所学习的结构进行修正,能够确保 所构建的贝叶斯网络结构是符合实际应用","根据公式 (3.12)： $$ g(n) = 2(n-1) + \binom{n}{2} \cdot a - g(n-1), \quad n > 1 $$ 且已知 $ g(1) = 1 $。  首先，计算 $ g(2) $： $$ g(2) = 2(2-1) + \binom{2}{2} \cdot a - g(1) = 2 \cdot 1 + 1 \cdot a - 1 = 1 + a $$  然后，计算 $ g(3) $： $$ g(3) = 2(3-1) + \binom{3}{2} \cdot a - g(2) = 2 \cdot 2 + 3 \cdot a - (1 + a) = 4 + 2a $$  接下来，计算 $ g(4) $： $$ g(4) = 2(4-1) + \binom{4}{2} \cdot a - g(3) = 2 \cdot 3 + 6 \cdot a - (4 + 2a) = 6 + 4a $$  最后，计算 $ g(5) $： $$ g(5) = 2(5-1) + \binom{5}{2} \cdot a - g(4) = 2 \cdot 4 + 10 \cdot a - (6 + 4a) = 8 + 6a $$  因此，当 $ n = 5 $ 时，$ g(5) = 8 + 6a $。"
37,st_mtfc,formula_reasoning,95,1,1,1,No,无,3,3,4,[],"['$ P(H_i) $', '$ P(E \\cap H_i) $', 'Omega', 'H_n', '$ H_i $']","[FORMULA] P(E)= (3.6) [P(E|H;)P(H;)] i=1 式(3.6)称为全概率公式。  ... (文档跳转) ...  [VARIABLE] P(E|H)P(H?) P(HE)= (3.8) [P(E|H;)P(H,)」 j=1 式中,P(H1E)为在给定证据E的情况下,假","根据背景信息中对全概率公式的描述，式(3.6)的推导基于概率论的基本原理，即全概率公式的定义和推导过程。全概率公式用于计算某一事件发生的总概率，其推导过程如下：  1. **前提条件**：假设事件 $ H_1, H_2, ..., H_n $ 构成一个完备事件组，即它们互斥且穷尽所有可能性，即 $ \bigcup_{i=1}^{n} H_i = \Omega $ 且 $ H_i \cap H_j = \emptyset $，其中 $ \Omega $ 表示样本空间。  2. **事件分解**：对于任意事件 $ E $，可以将其分解为与完备事件组 $ H_i $ 相关的互斥事件的并集，即 $ E = \bigcup_{i=1}^{n} E \cap H_i $。  3. **概率加法公式**：根据概率的加法公式，可以将事件 $ E $ 的概率表示为这些互斥事件的概率之和，即：    $$    P(E) = \sum_{i=1}^{n} P(E \cap H_i)    $$  4. **条件概率公式**：根据条件概率的定义，可以将 $ P(E \cap H_i) $ 表示为 $ P(E|H_i)P(H_i) $，即事件 $ H_i $ 发生的条件下事件 $ E $ 发生的概率乘以事件 $ H_i $ 发生的概率。  5. **最终公式**：将上述表达式代入概率加法公式中，得到全概率公式：    $$    P(E) = \sum_{i=1}^{n} P(E|H_i)P(H_i)    $$  **计算逻辑**： - $ P(E|H_i) $ 表示在假设事件 $ H_i $ 发生的条件下，事件 $ E $ 发生的概率。 - $ P(H_i) $ 表示事件 $ H_i $ 发生的先验概率。 - 全概率公式将事件 $ E $ 的概率分解为各个假设事件 $ H_i $ 的条件概率和先验概率的加权和，其中权重为 $ H_i $ 的先验概率。  **每个部分的含义**： - $ P(E|H_i) $：条件概率，表示在假设事件 $ H_i $ 发生的情况下，事件 $ E $ 发生的概率。 - $ P(H_i) $：先验概率，表示事件 $ H_i $ 发生的概率。 - $ \sum_{i=1}^{n} P(E|H_i)P(H_i) $：将所有假设事件 $ H_i $ 的条件概率和先验概率的乘积相加，得到事件 $ E $ 的总概率。  综上所述，全概率公式通过将事件 $ E $ 的概率分解为各个假设事件 $ H_i $ 的条件概率和先验概率的加权和，从而计算出事件 $ E $ 的总概率。"
38,st_mtfc,formula_reasoning,95,1,1,1,No,无,3,3,3,[],[],"[FORMULA] C 6.2.2 BP神经网络算法的数学表达 BP神经网络算法的实质是求取误差函数的最小值问题,这种算法采用非线性规划中的 最速下降方法,按误差函数的负梯度方向修改权系数 首先,定义输出层的误差函数 (6.3) ( 2 其中,Y,是输出单元的期望输出值;X?是输出单元的实际输出值 ",根据题目条件，输出层的误差函数为 e = 1/2 (Y - X)²，输出层的权值更新公式为 ΔW = -η * ∂e/∂W，输出层的神经元输出为 X = W * X1。现要求权值 W 的更新公式。 首先，将 X = W * X1 代入误差函数 e = 1/2 (Y - X)² 中，得到： e = 1/2 (Y - W * X1)² 然后，对 e 求关于 W 的偏导数： ∂e/∂W = (Y - W * X1) * (-X1) 将 ∂e/∂W 代入权值更新公式 ΔW = -η * ∂e/∂W 中，得到： ΔW = -η * (Y - W * X1) * (-X1) 化简后得到： ΔW = η * X1 * (Y - W * X1) 因此，权值 W 的更新公式为 ΔW = η * X1 * (Y - W * X1)。
39,st_mtfc,formula_reasoning,70,1,0,0,No,公式表达不准确且未正确引用上下文信息,2,5,2,[],"['$$', 'P', '$ \\eta $', 'W', 'B']","[EXPLANATION] 神经网络计算有以下的特点:  ... (文档跳转) ...  [FORMULA] C 6.2.2 BP神经网络算法的数学表达 BP神经网络算法的实质是求取误差函数的最小值问题,这种算法采用非线性规划中的 最速下降方法,按误差函数的负梯度方向修改权系数 首先,定义输出层的误",根据公式(6.6)和公式(6.8)，权值修正公式AWg的表达式为：  $$ AWg = -\eta \frac{\partial e}{\partial W} $$  其中，$ \eta $ 是学习率，它控制着权值修正的步长。如果学习率太小，权值修正的步长会很小，导致收敛速度变慢；如果学习率太大，权值修正的步长会很大，可能导致算法不收敛。因此，学习率的选择对于BP神经网络算法的收敛性和性能有着重要的影响。
40,st_mtfc,formula_reasoning,85,1,1,1,No,无,2,2,2,[],"['$ \\frac{\\lambda}{m} \\sum_{k=1}^n W_k $', 'W_k', '$ \\lambda $', 'sum_{i', '$ W_k $']","[EXPLANATION] 将实际输出x”与期望输出Y相比较,如果两者不等,则产生误差信号e,接着则按如 下公式反向传播修改权系数:  ... (文档跳转) ...  [VARIABLE] 在将反向传播算法应用于前向多层网络时,采用Sigmoid函数作为激活函数,可通过下 列步骤对网络的权系数W,进","对于给定的损失函数：  $$ J(W,b) = \frac{1}{2m} \sum_{i=1}^m \left[ f\left(x^{(i)}; W, b\right) - y^{(i)} \right]^2 + \frac{\lambda}{2m} \sum_{k=1}^n \left\| W_k \right\|^2 $$  其中： - $ f(x^{(i)}; W, b) $ 是神经网络对第 $ i $ 个输入样本的预测输出。 - $ y^{(i)} $ 是第 $ i $ 个样本的标签。 - $ \lambda $ 是正则化系数。 - $ W_k $ 是第 $ k $ 层的权重矩阵。 - $ m $ 是样本数量。  ### 梯度更新公式推导  根据反向传播算法的梯度下降法，权重 $ W $ 的梯度更新公式为：  $$ \Delta W = -\eta \frac{\partial J}{\partial W} $$  其中，$ \eta $ 是学习率。  #### 1. 计算损失函数的梯度  损失函数的梯度包括两个部分：原始损失函数的梯度和正则化项的梯度。  ##### (1) 原始损失函数的梯度  $$ \frac{\partial J}{\partial W} = \frac{1}{m} \sum_{i=1}^m \left[ f\left(x^{(i)}; W, b\right) - y^{(i)} \right] \frac{\partial f}{\partial W} + \frac{\lambda}{m} \sum_{k=1}^n W_k $$  ##### (2) 正则化项的梯度  $$ \frac{\partial}{\partial W} \left( \frac{\lambda}{2m} \sum_{k=1}^n \left\| W_k \right\|^2 \right) = \frac{\lambda}{m} \sum_{k=1}^n W_k $$  因此，总梯度为：  $$ \frac{\partial J}{\partial W} = \frac{1}{m} \sum_{i=1}^m \left[ f\left(x^{(i)}; W, b\right) - y^{(i)} \right] \frac{\partial f}{\partial W} + \frac{\lambda}{m} \sum_{k=1}^n W_k $$  ### 梯度更新公式  最终，权重 $ W $ 的更新公式为：  $$ W_{\text{new}} = W - \eta \left( \frac{1}{m} \sum_{i=1}^m \left[ f\left(x^{(i)}; W, b\right) - y^{(i)} \right] \frac{\partial f}{\partial W} + \frac{\lambda}{m} \sum_{k=1}^n W_k \right) $$  ### 正则项的影响  正则项 $ \frac{\lambda}{2m} \sum_{k=1}^n \left\| W_k \right\|^2 $ 的作用是控制权重的大小，防止网络过拟合。其对梯度的影响主要体现在：  1. **添加一个与权重成正比的梯度项**：正则项对权重的梯度为 $ \frac{\lambda}{m} \sum_{k=1}^n W_k $，这相当于在权重的更新方向上施加了一个与权重大小成正比的反向力。 2. **防止权重过大**：正则项通过增加权重的大小对损失函数的贡献，使得在优化过程中权重不会无限制地增长，从而避免过拟合。  综上，正则项通过在梯度更新中引入一个与权重成正比的项，来控制权重的大小，从而防止网络的过拟合。"
41,st_mtfc,formula_reasoning,85,1,1,1,No,无,1,1,1,[],"['$\\phi(k)$', '$\\frac{T \\cos(a(k) \\cdot T) - 1}{a(k)} \\approx \\frac{T \\left(1 - \\frac{(a(k))^2 T^2}{2}\\right) - 1}{a(k)} \\approx -\\frac{T^2}{2}$', '$\\frac{1 - \\cos(a(k) \\cdot T)}{a(k)} \\approx \\frac{a(k) \\cdot T^2}{2}$', '$$', '$T \\rightarrow 0$']","[EXPLANATION] 本节介绍一种基于目标转弯速率自适应模型集的交互多模型辅助粒子滤波算法6(A daptveNodelSctsIterctngMutpleModelAxilayPartcleFtrAMS-IM-APF),该算 法可以构造包含目标机动转弯率的状态转移矩阵,在线估计目标的机动转弯",根据式(8.17)中状态转移矩阵的表达式： $$ \phi(k) = \begin{bmatrix} 1 - \frac{\sin(a(k) \cdot T)}{a(k)} & \frac{T \cos(a(k) \cdot T) - 1}{a(k)} & \frac{1 - \cos(a(k) \cdot T)}{a(k)} \\ \frac{1 - \cos(a(k) \cdot T)}{a(k)} & \frac{\sin(a(k) \cdot T)}{a(k)} & \frac{1 - \cos(a(k) \cdot T)}{a(k)} \\ \frac{1 - \cos(a(k) \cdot T)}{a(k)} & \frac{1 - \cos(a(k) \cdot T)}{a(k)} & 1 \end{bmatrix} $$ 当采样周期 $T$ 趋近于零时，可以利用泰勒展开对三角函数进行近似： $$ \sin(a(k) \cdot T) \approx a(k) \cdot T - \frac{(a(k) \cdot T)^3}{6} $$ $$ \cos(a(k) \cdot T) \approx 1 - \frac{(a(k) \cdot T)^2}{2} $$ 将这些近似代入状态转移矩阵 $\phi(k)$ 中： 1. $\frac{\sin(a(k) \cdot T)}{a(k)} \approx T - \frac{(a(k))^2 \cdot T^3}{6}$ 2. $\frac{1 - \cos(a(k) \cdot T)}{a(k)} \approx \frac{a(k) \cdot T^2}{2}$ 3. $\frac{T \cos(a(k) \cdot T) - 1}{a(k)} \approx \frac{T \left(1 - \frac{(a(k))^2 T^2}{2}\right) - 1}{a(k)} \approx -\frac{T^2}{2}$  将这些结果代入状态转移矩阵 $\phi(k)$ 中，得到： $$ \phi(k) \approx \begin{bmatrix} 1 & -\frac{T^2}{2} & \frac{a(k) \cdot T^2}{2} \\ \frac{a(k) \cdot T^2}{2} & T & \frac{a(k) \cdot T^2}{2} \\ \frac{a(k) \cdot T^2}{2} & \frac{a(k) \cdot T^2}{2} & 1 \end{bmatrix} $$  当 $T \rightarrow 0$ 时，$\phi(k)$ 的极限形式为： $$ \phi(k) \rightarrow \begin{bmatrix} 1 & 0 & 0 \\ 0 & 1 & 0 \\ 0 & 0 & 1 \end{bmatrix} $$  物理意义是： 当采样周期 $T$ 趋近于零时，状态转移矩阵 $\phi(k)$ 趋近于单位矩阵，这意味着目标的运动状态在连续时间下是恒定的，即目标的运动模式趋近于匀速运动。这个极限形式对应于匀速运动模型，表示当采样周期足够小时，状态转移矩阵的时变性消失，状态变量的变化可以被近似为恒定的。
42,st_mtfc,formula_reasoning,90,1,1,1,No,未提及误差协方差矩阵的推导和卡尔曼增益的推导过程，但公式和基本逻辑正确,5,7,5,[],"['$X(k/k-1)$', '$$', 'P', '$P(k/k-1)$', '$H$']",[FORMULA] =E{[I-K(k)H]e(k/k-1)e'(k/k-1)[I-K(k)H]*}- (2.11) E{K(k)V(k)e'(k/k-1)[I-K(k)H]'}- E{[I-K(k)H3e(k/k-1)V1(k)K'(k)}+ E{K(k)V(k)V(k)K1(k)} 假设:随机信,根据公式(2.15)和(2.16)，可以推导出状态估计的更新公式为：  $$ X(k) = X(k/k-1) + K(k)[Y(k) - HX(k/k-1)] $$  $$ X(k/k-1) = A X(k-1/k-1) $$  计算逻辑如下：  1. 首先，根据公式(2.16)，状态预测估计 $X(k/k-1)$ 是通过将前一时刻的状态估计 $X(k-1/k-1)$ 与系统模型 $A$ 相乘得到的。这一步反映了系统动态的预测过程。  2. 接着，根据公式(2.15)，状态估计 $X(k)$ 是通过将状态预测估计 $X(k/k-1)$ 与观测值 $Y(k)$ 和系统观测矩阵 $H$ 的关系进行修正得到的。修正的系数是卡尔曼增益 $K(k)$，它决定了观测值对状态估计的修正程度。  3. 卡尔曼增益 $K(k)$ 是根据公式(2.13)计算得到的，它是系统预测误差协方差矩阵 $P(k/k-1)$ 和观测噪声协方差矩阵 $R(k)$ 的函数。$K(k)$ 的计算公式为：  $$ K(k) = P(k/k-1) H' [R(k) + H P(k/k-1) H']^{-1} $$  4. 因此，状态估计的更新公式(2.15)可以理解为：首先根据系统模型预测当前时刻的状态，然后根据观测值与预测值之间的差异（即残差）调整预测值，得到最终的状态估计。  符号含义如下：  - $X(k)$：当前时刻的状态估计值。 - $X(k/k-1)$：当前时刻的状态预测值。 - $K(k)$：卡尔曼增益，用于调整观测值对状态估计的修正程度。 - $Y(k)$：当前时刻的观测值。 - $H$：系统观测矩阵，将状态向量映射到观测空间。 - $A$：系统状态转移矩阵，描述状态从一个时刻到下一个时刻的演变。  综上所述，公式(2.15)和(2.16)描述了状态估计的更新过程，其中状态预测估计 $X(k/k-1)$ 是通过系统模型得到的，而状态估计 $X(k)$ 是通过将预测值与观测值之间的差异进行修正得到的。卡尔曼增益 $K(k)$ 是决定修正程度的关键参数，它由系统的预测误差协方差矩阵和观测噪声协方差矩阵共同决定。
43,st_mtfc,formula_reasoning,70,1,1,0,No,未准确描述物理意义和概念关系,2,3,2,[],['O'],[FORMULA] X(k)=X(k/k-1)+K(k)[Y(k)-HX(k/1)] (2.15) 状态预测估计为 X(k/k-1)=AX(k-1/k-1) (2.16) 进一步计算得出误差的协方差矩阵如下式所示:  ... (文档跳转) ...  <STEM_LOGIC_UNIT> [EXPLAN,"在状态误差相关的情况下，协方差矩阵的更新公式中，Cii.(k|k)与P(k|k)和P,(h|k)之间的关系为： Cii.(k|k)=P(k|k)+P,(h|k) （7.1O） 其中，P(k|k)表示状态预测误差的协方差矩阵，P,(h|k)表示观测误差的协方差矩阵。 该关系的物理意义是：当状态误差相关时，系统的总协方差矩阵等于状态预测误差协方差矩阵和观测误差协方差矩阵的和。这表明，系统状态的不确定性不仅来源于预测过程的误差，还来源于观测过程的误差。因此，为了更准确地描述系统的不确定性，需要将这两种误差的协方差矩阵相加。"
44,st_mtfc,formula_reasoning,55,1,0,0,Suspected,公式和内容均不准确,4,5,3,['H'],"['$ P(k|k-1) $', '$ k-1 $', 'A', 'P_z', '$ z $']",[FORMULA] X(k)=X(k/k-1)+K(k)[Y(k)-HX(k/1)] (2.15) 状态预测估计为 X(k/k-1)=AX(k-1/k-1) (2.16) 进一步计算得出误差的协方差矩阵如下式所示:  ... (文档跳转) ...  [EXPLANATION] 令C.(k1k)为[X,### 残差协方差的计算公式推导  #### 1. 公式 (8.23) 的含义  公式 (8.23) 为：  $$ z(k|k-1) = h(h)X(k|k-1) $$  其中：  - $ z(k|k-1) $ 是测量残差的预测值，表示在第 $ k $ 时刻根据前一时刻的估计状态 $ X(k|k-1) $ 预测的测量值。 - $ h(h) $ 是非线性观测模型的雅可比矩阵，用于描述系统状态 $ X $ 对测量值 $ z $ 的影响。 - $ X(k|k-1) $ 是状态预测估计值，即在第 $ k $ 时刻对第 $ k-1 $ 时刻状态的预测。  该公式实际上是将非线性观测模型 $ z = h(X) $ 在 $ X(k|k-1) $ 处线性化，得到的测量残差的预测值。  #### 2. 残差协方差的定义  残差协方差是测量残差的统计特性，通常用于衡量预测值与真实测量值之间的偏差程度。在卡尔曼滤波中，残差协方差的计算公式为：  $$ P_z(k|k-1) = h(h)P(k|k-1)h(h)^T + R $$  其中：  - $ P_z(k|k-1) $ 是预测的残差协方差。 - $ h(h) $ 是观测模型的雅可比矩阵。 - $ P(k|k-1) $ 是状态预测估计值的协方差矩阵。 - $ R $ 是测量噪声的协方差矩阵。  #### 3. 推导过程  在卡尔曼滤波中，测量残差的预测值和协方差可以通过以下步骤计算：  1. **预测状态估计值**：    $$    X(k|k-1) = A X(k-1|k-1)    $$    其中 $ A $ 是状态转移矩阵。  2. **预测测量值**：    $$    z(k|k-1) = h(X(k|k-1))    $$    实际上，通过线性化得到：    $$    z(k|k-1) = h(h)X(k|k-1)    $$  3. **预测残差协方差**：    残差协方差的计算需要考虑状态估计误差和测量噪声的影响。假设状态误差和测量噪声是不相关的，则预测残差协方差为：    $$    P_z(k|k-1) = h(h)P(k|k-1)h(h)^T + R    $$  #### 4. 各部分含义解释  - **$ z(k|k-1) $**：表示在第 $ k $ 时刻根据前一时刻的估计状态 $ X(k|k-1) $ 预测的测量值。 - **$ h(h) $**：非线性观测模型的雅可比矩阵，用于描述系统状态 $ X $ 对测量值 $ z $ 的影响。 - **$ X(k|k-1) $**：状态预测估计值，即在第 $ k $ 时刻对第 $ k-1 $ 时刻状态的预测。 - **$ P(k|k-1) $**：状态预测估计值的协方差矩阵，表示状态估计的不确定性。 - **$ R $**：测量噪声的协方差矩阵，表示测量值与真实值之间的偏差。  #### 5. 小结  通过公式 (8.23) 可以预测测量残差，而残差协方差的计算公式 $ P_z(k|k-1) = h(h)P(k|k-1)h(h)^T + R $ 则综合考虑了状态估计的不确定性 $ P(k|k-1) $ 和测量噪声的不确定性 $ R $，从而得到预测的测量残差的协方差。这一过程在卡尔曼滤波中非常重要，用于更新状态估计并优化滤波结果。
45,st_mtfc,formula_reasoning,50,1,0,1,No,judge_parse_error,2,3,2,[],['E'],"<STEM_LOGIC_UNIT> [VARIABLE] 系统噪声的协方差矩阵为 Q(k)=E{W(k)W1(k)} (2.3) 观测噪声的协方差矩阵为 R(k)=E{V(k)V(k)} (2.4) 卡尔曼滤波器就是在已知观测序列1Y(0),Y(1),⋯,Y(k)}的前提条件下,要求解 X(k)的估",首先，根据已知的先验误差估计定义式 e(k/k-1)=X(k)-X(k/k-1)，先验误差估计的协方差矩阵 P(k/k-1)=E{e(k/k-1)e1(k/k-1)} 为对先验误差估计的二阶矩的期望，即先验误差估计的方差。因此，先验误差估计的协方差矩阵是先验误差估计的统计特性，反映了先验估计与真实值之间的不确定程度。在卡尔曼滤波中，先验误差估计的协方差矩阵用于计算卡尔曼增益，从而得到后验估计，进而降低估计误差的协方差。  因此，先验误差估计的协方差矩阵与公式 e(k/k-1)=X(k)-X(k/k-1) 的关系是，前者是后者的统计特性描述，后者是前者的具体表达式。
46,st_mtfc,formula_reasoning,85,0,1,1,No,未完全覆盖所有推导步骤,3,6,7,['G'],"['$ P(k) $', '$ D(k)P(k-1)D(k)^T $', '$$', '$ Q(k) $', 'K']",[FORMULA] e(k/k-1)=X(k)-X(k/k-1) (2.7) 可以得到先验误差估计的协方差矩阵为 P(k/k-1)=E{e(k/k-1)e1(k/k-1)} (2.8) 假定卡尔曼滤波的后验估计如下式所示:  ... (文档跳转) ...  [FORMULA] X(k)=X(k/k-,根据卡尔曼滤波的理论框架，状态估计误差的协方差矩阵的推导涉及状态转移矩阵、过程噪声协方差以及前一时刻的误差协方差矩阵。以下是详细的推导逻辑：  1. **状态转移模型**      状态转移方程通常表示为：    $$    X(k) = D(k)X(k-1) + W(k)    $$    其中，$ D(k) $ 是状态转移矩阵，$ W(k) $ 是具有协方差矩阵 $ Q(k) $ 的高斯白噪声向量。  2. **误差协方差的递推公式**      在卡尔曼滤波中，状态估计误差的协方差矩阵 $ P(k) $ 的递推公式为：    $$    P(k) = D(k)P(k-1)D(k)^T + Q(k)    $$    这个公式表示当前时刻的误差协方差矩阵 $ P(k) $ 是由前一时刻的误差协方差矩阵 $ P(k-1) $ 经过状态转移矩阵 $ D(k) $ 作用后的结果加上过程噪声的协方差矩阵 $ Q(k) $。  3. **详细推导过程**      从公式 $ P(k) = D(k)P(k-1)D(k)^T + Q(k) $ 可以看出：    - $ D(k)P(k-1)D(k)^T $ 是状态转移矩阵对前一时刻误差协方差矩阵的作用，描述了状态估计误差如何随时间传播。    - $ Q(k) $ 是过程噪声的协方差，描述了系统模型的不确定性。  4. **注意事项**      - 如果状态转移矩阵 $ D(k) $ 是常数矩阵，可以简化为 $ P(k) = D P(k-1) D^T + Q $。    - 当系统存在非线性或时变特性时，需要使用扩展卡尔曼滤波（EKF）或无迹卡尔曼滤波（UKF）等方法进行修正。  综上所述，状态估计误差的协方差矩阵 $ P(k+1) $ 的推导过程为： $$ P(k+1) = D(k+1)P(k)D(k+1)^T + Q(k+1) $$ 其中，$ D(k+1) $ 是状态转移矩阵，$ Q(k+1) $ 是对应的高斯白噪声的协方差矩阵，$ P(k) $ 是前一时刻的误差协方差矩阵。
47,st_mtfc,formula_reasoning,85,1,1,1,No,未提及卡尔曼增益的推导过程中的最小化目标,5,6,5,[],"['$ n \\times n $', 'x_k', '$ z_k $', '$ n \\times m $', '$ H P(k/k-1) H^T + R(k) $']",[FORMULA] e(k/k-1)=X(k)-X(k/k-1) (2.7) 可以得到先验误差估计的协方差矩阵为 P(k/k-1)=E{e(k/k-1)e1(k/k-1)} (2.8) 假定卡尔曼滤波的后验估计如下式所示:  ... (文档跳转) ...  [FORMULA] (2.17) P(k/,卡尔曼增益公式中的 $ H $ 和 $ H^T $ 的关系来源于对观测方程的线性化处理以及误差协方差矩阵的计算逻辑。具体逻辑如下：  ### 1. **观测方程的线性化** 在卡尔曼滤波框架中，观测模型通常表示为： $$ z_k = H x_k + v_k $$ 其中，$ z_k $ 是观测值，$ x_k $ 是状态向量，$ v_k $ 是观测噪声，其协方差矩阵为 $ R(k) $。为了处理非线性系统，通常对状态转移函数和观测函数进行泰勒展开并保留一阶项，得到线性化的观测模型。这一线性化过程导致观测矩阵 $ H $ 的使用。  ### 2. **误差协方差矩阵的计算** 卡尔曼增益的推导涉及到对后验误差协方差矩阵 $ P(k/k) $ 的最小化。根据卡尔曼滤波的最优性原理，后验误差协方差矩阵为： $$ P(k/k) = (I - K_k H) P(k/k-1) $$ 为了使 $ P(k/k) $ 最小化，需将卡尔曼增益 $ K_k $ 设为： $$ K_k = P(k/k-1) H^T (H P(k/k-1) H^T + R(k))^{-1} $$ 其中，$ H^T $ 是观测矩阵 $ H $ 的转置。  ### 3. **公式推导中的逻辑** - **协方差矩阵的性质**：协方差矩阵是半正定的对称矩阵，其逆运算和矩阵乘法需要满足对称性和结合律。在计算 $ H P(k/k-1) H^T $ 时，$ H $ 和 $ H^T $ 的组合保证了结果是一个对称矩阵，从而使得逆运算有意义。 - **最优性条件**：卡尔曼增益的推导基于最小化后验误差协方差矩阵的迹（即方差的总和）。在推导过程中，需要计算 $ H P(k/k-1) H^T + R(k) $ 的逆，为了保证这一运算的合法性，$ H $ 和 $ H^T $ 需要满足对称性，即 $ H^T $ 的使用是为了构造一个对称的矩阵。 - **矩阵乘法的合法性**：在矩阵运算中，$ H $ 和 $ H^T $ 的乘积 $ H P(k/k-1) H^T $ 是合法的，因为 $ H $ 是一个 $ m \times n $ 的矩阵，而 $ P(k/k-1) $ 是一个 $ n \times n $ 的矩阵，$ H^T $ 是一个 $ n \times m $ 的矩阵，因此乘积 $ H P(k/k-1) H^T $ 是一个 $ m \times m $ 的矩阵。  ### 4. **总结** 公式 $ K(k) = P(k/k-1) H^T (H P(k/k-1) H^T + R(k))^{-1} $ 中的 $ H^T $ 是为了保证 $ H P(k/k-1) H^T + R(k) $ 是一个对称矩阵，从而满足逆运算的合法性，并且确保卡尔曼增益的最优性条件。这一逻辑在卡尔曼滤波的推导和应用中是关键的一步，确保了滤波算法的正确性和有效性。
48,st_mtfc,formula_reasoning,90,1,1,1,No,无,0,0,0,[],[],"[FORMULA] 【章节: 8.3】 【⚠️ MTFC 块 (AnchorScore=1.8)】 至关重要的。在多模型算法中,为了获得好的估计性能,在模型集中,至少要有一个模型接 近于系统实际起作用的模型。 为了方便起见,考虑目标在水平面上做机动。假设目标在A时刻的转弯速率为心(A (假设在采样周","根据马尔可夫状态转移矩阵π和初始模型概率μ₀=(0.6, 0.2, 0.2)，计算目标第一次转弯后各模型的更新概率μ₁，需遵循以下步骤：  1. **确定马尔可夫状态转移矩阵π**：    π为[[0.97, 0.015, 0.015],        [0.015, 0.97, 0.015],        [0.015, 0.015, 0.97]]  2. **确定初始模型概率μ₀**：    μ₀ = (0.6, 0.2, 0.2)  3. **计算模型概率更新μ₁**：    μ₁ = π × μ₀     对于每个模型i：    μ₁[i] = ∑(π[i][j] × μ₀[j] for j in 0,1,2)     计算过程：    μ₁[0] = π[0][0]×μ₀[0] + π[0][1]×μ₀[1] + π[0][2]×μ₀[2]            = 0.97×0.6 + 0.015×0.2 + 0.015×0.2            = 0.582 + 0.003 + 0.003 = 0.588     μ₁[1] = π[1][0]×μ₀[0] + π[1][1]×μ₀[1] + π[1][2]×μ₀[2]            = 0.015×0.6 + 0.97×0.2 + 0.015×0.2            = 0.009 + 0.194 + 0.003 = 0.206     μ₁[2] = π[2][0]×μ₀[0] + π[2][1]×μ₀[1] + π[2][2]×μ₀[2]            = 0.015×0.6 + 0.015×0.2 + 0.97×0.2            = 0.009 + 0.003 + 0.194 = 0.206  4. **验证计算结果**：    μ₁ = (0.588, 0.206, 0.206)     总和为1，符合概率分布的条件。  综上所述，第一次转弯后各模型的更新概率为μ₁ = (0.588, 0.206, 0.206)。"
49,st_mtfc,formula_reasoning,40,0,0,0,No,"待评测回答存在多个错误和不准确之处，例如错误地认为Pl(a)是反命题的否定，而实际上Pl(a)是反命题的补集。此外，不确定区间应为[Bel(a), 1 - Pl(a)]，而非[Bel(a), Pl(a)]。同时，Dempster合成规则的描述不准确且与上下文不符。",2,3,2,[],['Dempster'],"[EXPLANATION] 表4.1命题a,各种不确定区间的解释 不确定区间 [Bel(a?),Pl(a?)] 解释 对命题a?一无所知 [O,1] 命题a?为真的确切概率是0.6 [O.6,O.6] 命题a?完全为假 [O,o] 命题a?完全为真 [1,1] 证据部分支持命题a [O.25,1] ","根据教材片段中的定义，若某个传感器的Bel(a)=0.4，并且Pl(a)=0.6，那么根据公式推导，可以得出以下结论：  1. **支持度和似然度的关系**：Bel(a)表示对命题a的直接支持程度，而Pl(a)表示对命题a的间接支持程度（即其反命题的否定）。在本例中，Bel(a) = 0.4，Pl(a) = 0.6，说明该传感器对命题a的支持度和对命题a的反命题的支持度存在一定差异。  2. **不确定区间**：不确定区间 [Bel(a), Pl(a)] = [0.4, 0.6]，表示命题a为真的概率范围在0.4到0.6之间。这表明证据对命题a的支持是部分的，且不完全确定。  3. **不确定性解释**：不确定区间的宽度为0.2，说明对命题a的确定性较低，存在一定程度的不确定性。这种不确定性可能是由于证据的不完全或不一致造成的。  4. **Dempster合成规则的应用**：在实际应用中，如果存在多个传感器或证据源，可以通过Dempster合成规则对这些证据进行融合，以得到更精确的不确定性区间。例如，如果还有其他传感器给出Bel(a)和Pl(a)的值，可以通过Dempster合成规则计算出更准确的Bel(a)和Pl(a)值。  综上所述，根据教材片段中的定义，可以得出结论：Bel(a)和Pl(a)的值为0.4和0.6，表示命题a为真的概率范围在0.4到0.6之间，且存在一定程度的不确定性。"
50,st_mtfc,formula_reasoning,85,1,0,1,No,公式不匹配,1,3,1,[],"['X', '$X(m)Y(m)S_x(m)\\theta(m)$', '$$', 'S', 'S_x']","<STEM_LOGIC_UNIT> [EXPLANATION] m?() m?(·) m?() O.99 O.OO O.OO Peter 1.OO Paul O.O1 O.O1 O.99 O.OO Mary O.OO 试计算证人 W1和 W2提供证据的组合结果、 解 首先,计算归一化常数K。 [FO",根据公式(4.18)的定义，归一化因子K的计算公式为：  $$ K = \frac{X(m)Y(m)S_x(m)\theta(m)}{\sum X(m)Y(m)S_x(m)\theta(m)} $$  题目中给出： - 所有证据体的 $X(m)Y(m)S_x(m)\theta(m)$ 的和为120； - 某个特定证据体的 $X(m)Y(m)S_x(m)\theta(m)$ 的值为30。  将已知数值代入公式：  $$ K = \frac{30}{120} = 0.25 $$  因此，该特定证据体的归一化因子K值为0.25。
51,st_mtfc,formula_reasoning,40,1,0,0,No,未正确理解不确定区间的定义和计算方式，且未正确引用参考上下文中的公式和概念。,0,0,0,[],[],"[FORMULA] 似然度也可以这样来计算,把和a,及与a,有关的并命题(包括识别框架0)的所有概 率分配值相加起来,即 (4.6) Pl(ai)=m(a)+m(aiUa)+⋯+m(@) 不确定区间定义为[Bel(a),Pl(ai)]这里显然有 Bel(ai)≤Pl(a?) (4.7) 图4.1直观","根据背景信息，支持度与似然度的定义和不确定区间的计算方法如下： 当支持度和似然度为[0.25,1]时，不确定区间的下界为支持度0.25，上界为似然度1，因此不确定区间为[0.25,1]。"
52,st_mtfc,formula_reasoning,85,1,1,1,No,部分概念表述不够精确,2,3,2,[],['Ua'],"[FORMULA] 似然度也可以这样来计算,把和a,及与a,有关的并命题(包括识别框架0)的所有概 率分配值相加起来,即 (4.6) Pl(ai)=m(a)+m(aiUa)+⋯+m(@) 不确定区间定义为[Bel(a),Pl(ai)]这里显然有 Bel(ai)≤Pl(a?) (4.7) 图4.1直观","根据公式(4.6)，Pl(ai) = m(a) + m(aiUa) + ⋯ + m(Θ)，可得Pl(ai)是将和ai及与ai有关的并命题（包括识别框架Θ）的所有概率分配值相加得到的。而Bel(ai)是ai的最小概率，它是由直接证据得到的命题ai的最小概率。  由公式可知，Pl(ai)的计算包括了所有支持ai的命题的概率分配值，而Bel(ai)则是这些概率分配值的最小值。因此，Bel(ai) ≤ Pl(ai)。  这个关系的含义是，不确定区间[Bel(ai), Pl(ai)]的下界Bel(ai)表示命题ai的最小概率，即直接证据支持ai的概率；而上界Pl(ai)表示命题ai的最大概率，即直接证据和潜在可能支持ai的概率之和。因此，不确定区间[Bel(ai), Pl(ai)]的宽度反映了命题ai的不确定性程度。如果Bel(ai)和Pl(ai)相等，则说明命题ai的概率是确定的；如果Bel(ai)和Pl(ai)的差距较大，则说明命题ai的不确定性较高。"
53,st_mtfc,formula_reasoning,90,1,1,1,No,没有明确指出交集函数在|x| = 1处的值,2,3,2,[],['R'],"[EXPLANATION] (2)求隶属函数田线。以论域元素为横坐标,录属度为纵坐标,画出是够多元素的录 属度(点),将这些点连接起来,得到所求模糊集合的录属函数曲线。  ... (文档跳转) ...  [VARIABLE] 三者隶属度函数均选择三角形隶属度函数,隶属函数值如图5.4所示。将E、EC","根据题目给定的隶属度函数，A(x) = exp(-|x|/2) 和 B(x) = exp(-x²/2)，求交集 A∩B 的隶属度函数为两个隶属度函数的最小值。  首先，将A(x) 和 B(x) 的函数形式写为： - A(x) = exp(-|x|/2) - B(x) = exp(-x²/2)  然后，A∩B 的隶属度函数为： - A∩B(x) = min(A(x), B(x)) = min(exp(-|x|/2), exp(-x²/2))  对于 x∈R： - 当 |x| ≤ 1 时，exp(-|x|/2) ≥ exp(-x²/2) - 当 |x| > 1 时，exp(-|x|/2) < exp(-x²/2)  因此： - A∩B(x) = exp(-x²/2) 当 |x| ≤ 1 - A∩B(x) = exp(-|x|/2) 当 |x| > 1  为了画出 A∩B 的隶属度函数图形，需要将两个函数的图形画在同一个坐标系中，并将交集函数的值取为两个函数值的最小值。  由于两个函数的值域都在 (0, 1]，所以图形的范围也是 (0, 1]。图形的横轴为 x，纵轴为隶属度函数的值。  A(x) = exp(-|x|/2) 是一个对称的函数，其图像在 x = 0 处达到最大值 1，并在 x 趋向于正负无穷时趋向于 0。  B(x) = exp(-x²/2) 也是一个对称的函数，其图像在 x = 0 处达到最大值 1，并在 x 趋向于正负无穷时趋向于 0。  因此，A∩B(x) 的图像为： - 在 |x| ≤ 1 时，A∩B(x) = exp(-x²/2)，与 B(x) 的图像相同 - 在 |x| > 1 时，A∩B(x) = exp(-|x|/2)，与 A(x) 的图像相同  因此，A∩B(x) 的图形是 A(x) 和 B(x) 的最小值函数的图像，它是一个对称的函数，其图像在 x = 0 处达到最大值 1，并在 x 趋向于正负无穷时趋向于 0。"
54,st_mtfc,formula_reasoning,100,1,1,1,No,none,0,2,0,[],"['A', 'U']","[EXPLANATION] (2)求隶属函数田线。以论域元素为横坐标,录属度为纵坐标,画出是够多元素的录 属度(点),将这些点连接起来,得到所求模糊集合的录属函数曲线。 [EXPLANATION] (3)求录属函数。将求得的录属函数曲线与常用录属函数曲线相比较,取形状相似的 录属函数曲线所对应的函数","要计算模糊数A的λ=0.5对应的水平截集[x,y]，首先需要明确模糊数的定义和水平截集的计算方法。根据模糊数的定义，模糊数A的λ-水平截集A=[x,y]对应于论域U上所有满足隶属度大于等于λ的元素构成的区间。  给定论域U={1,2,3,4,5}和模糊数的隶属函数μp(u)=[0.1,0.3,0.5,0.7,0.9]，我们可以找到满足μp(u)≥0.5的元素。根据隶属函数的值，我们有： - μp(1)=0.1 < 0.5，不满足条件； - μp(2)=0.3 < 0.5，不满足条件； - μp(3)=0.5 ≥ 0.5，满足条件； - μp(4)=0.7 ≥ 0.5，满足条件； - μp(5)=0.9 ≥ 0.5，满足条件。  因此，满足条件的元素是3、4、5。对应的水平截集A=[x,y]的x和y分别是满足条件的元素中的最小值和最大值，即x=3，y=5。  所以，模糊数A的λ=0.5对应的水平截集是[x,y]=[3,5]。"
55,st_mtfc,formula_reasoning,90,1,1,1,No,未完全引用文献中的公式编号,3,3,3,[],"['$ P(E) = \\sum_{i=1}^{n} P(E|H_i)P(H_i) $', 'Omega', 'H_i', 'sum_{i', '$ H_1 \\cap H_2 = \\emptyset $']","[FORMULA] P(E)= (3.6) [P(E|H;)P(H;)] i=1 式(3.6)称为全概率公式。  ... (文档跳转) ...  [VARIABLE] P(E|H)P(H?) P(HE)= (3.8) [P(E|H;)P(H,)」 j=1 式中,P(H1E)为在给定证据E的情况下,假",根据全概率公式 $ P(E) = \sum_{i=1}^{n} P(E|H_i)P(H_i) $，我们可以计算出事件 $ E $ 的概率。  首先，我们已知事件空间被划分为两个互斥且穷尽的事件 $ H_1 $ 和 $ H_2 $，即 $ H_1 $ 和 $ H_2 $ 是一个完备事件组。这意味着 $ H_1 \cup H_2 = \Omega $ 且 $ H_1 \cap H_2 = \emptyset $。因此，根据全概率公式，我们可以将 $ P(E) $ 表示为：  $$ P(E) = P(E|H_1)P(H_1) + P(E|H_2)P(H_2) $$  将已知的数值代入公式：  $$ P(E) = 0.7 \times 0.4 + 0.3 \times 0.6 $$  计算每一部分的乘积：  $$ 0.7 \times 0.4 = 0.28 $$  $$ 0.3 \times 0.6 = 0.18 $$  然后将这些结果相加：  $$ P(E) = 0.28 + 0.18 = 0.46 $$  因此，事件 $ E $ 的概率 $ P(E) $ 为 $ 0.46 $。  在这个计算过程中，我们首先利用了全概率公式，将事件 $ E $ 的概率分解为两个互斥且穷尽的事件 $ H_1 $ 和 $ H_2 $ 的条件概率的加权和。然后，我们根据已知的先验概率 $ P(H_1) $ 和 $ P(H_2) $，以及条件概率 $ P(E|H_1) $ 和 $ P(E|H_2) $，计算了每个部分的乘积，并将这些结果相加，得到了事件 $ E $ 的概率 $ P(E) $。
56,st_mtfc,formula_reasoning,55,0,0,1,Suspected,公式推导错误和缺少学习率参数,4,4,2,"['U_{k}', 'X_{k}', 'Y_{k}', 'W', 'W_{k}']","['A', 'Wg']","<STEM_LOGIC_UNIT> [EXPLANATION] 将实际输出x”与期望输出Y相比较,如果两者不等,则产生误差信号e,接着则按如 下公式反向传播修改权系数: [FORMULA] AWg=2WgX (6.11) 可见,误差函数的求取是从输出层开始到输人层的反向传播过程,在这个过程中不断进 ",输出层权值的修正公式推导如下：   首先，误差信号e是实际输出与期望输出的差值，即e = X - Y。根据反向传播算法，误差信号e将被用于修正权值。   对于输出层，其权值的修正公式为：   AWg = 2WgX (6.11)   其中，AWg表示权值的修正量，Wg表示原来的权值，X表示输入的特征值。   关键步骤包括：   1. 计算误差信号e = X - Y。   2. 根据误差信号e，按照公式AWg = 2WgX计算权值的修正量。   3. 将修正量AWg加到原来的权值Wg上，得到新的权值Wg + AWg。   4. 重复上述步骤，直到误差信号e足够小，满足要求。    需要注意的是，该公式中的权值修正量是基于误差信号e的，因此，误差信号e的计算是权值修正的关键步骤之一。同时，权值的修正量也受到输入特征值X的影响，因此，输入特征值X的大小也会对权值的修正产生影响。
57,st_mtfc,formula_reasoning,60,1,0,1,No,公式推导错误,3,6,3,"['$$', 'W_i', '$\\frac{\\ial U}{\\partial W}$', '$\\frac{\\partial e}{\\partial U}$', 'Delta']","['A', 'Wg', 'Wi']","<STEM_LOGIC_UNIT> [FORMULA] 【章节: 6.2】 【⚠️ MTFC 块 (AnchorScore=1.8)】 C 6.2.2 BP神经网络算法的数学表达 BP神经网络算法的实质是求取误差函数的最小值问题,这种算法采用非线性规划中的 最速下降方法,按误差函数的负梯度方向修改权",从式(6.6)和式(6.8)推导出最终的权值更新公式AWi的过程如下： 首先，由式(6.6)可得： oWg= X oU 然后，将式(6.6)代入式(6.8)中，得到： AWi= -η * oWg * oU = -η * X * oU 但是，根据式(6.5)和式(6.7)，oWg= e * X，因此可以将式子进一步化简为： AWi= -η * e * X * oU 最后，根据式(6.10)，可以得到： AWi= -η * X * (1 - X) * 2W * odi 因此，最终的权值更新公式为： AWi= -η * X * (1 - X) * 2W * odi
58,st_mtfc,formula_reasoning,80,1,1,1,No,未详细解释反向传播过程,2,3,2,[],"['nabla_b', 'Wx', 'W_t', '$W$', 'b_t']","[EXPLANATION] (1)正同传播。输人的样本从输入层经过隐含层,一层一层进行处理,通过所有的隐 含层之后,则传同输出层。在逐层处理的过程中,每一层神经元的状态只对下一层神经元的 状态产生影响。在输出层,把实际输出和期望输出进行比较,如果实际输出不等于期望输 /  ... (文档跳转) ..","为了解决这一问题，我们需要从基本的梯度下降公式出发，结合正则项的作用进行推导。  首先，给定的损失函数为： $$ J(W,b;x,y) = \frac{1}{2}(y - f(x;W,b))^2 $$  其中，$f(x;W,b)$为网络的输出，$W$和$b$分别为权重和偏置项。  ### 参数的梯度更新公式 根据梯度下降算法，参数的更新公式为： $$ W_{t+1} = W_t - \alpha \nabla_W J(W_t,b_t;x,y) $$ $$ b_{t+1} = b_t - \alpha \nabla_b J(W_t,b_t;x,y) $$  其中，$\alpha$为学习率，$\nabla_W J$和$\nabla_b J$为损失函数对权重和偏置的梯度。  ### 推导梯度 假设网络结构为简单的线性模型（为方便起见，忽略激活函数）： $$ f(x;W,b) = Wx + b $$  则损失函数为： $$ J(W,b;x,y) = \frac{1}{2}(y - (Wx + b))^2 $$  对$W$和$b$求偏导： $$ \nabla_W J = -x(y - Wx - b) $$ $$ \nabla_b J = -(y - Wx - b) $$  因此，参数的更新公式为： $$ W_{t+1} = W_t + \alpha x(y - W_t x - b_t) $$ $$ b_{t+1} = b_t + \alpha (y - W_t x - b_t) $$  ### 正则项的作用 正则项的作用是防止网络过度拟合训练数据，其形式为： $$ \lambda \frac{1}{2} \|W\|^2 $$  其中，$\lambda$为正则化系数，$\|W\|$为权重的L2范数。正则项的引入会使得梯度下降的更新公式变为： $$ W_{t+1} = W_t - \alpha \nabla_W J - \alpha \lambda W_t $$ $$ b_{t+1} = b_t - \alpha \nabla_b J $$  可以发现，正则项对权重的更新有直接的影响，会使得权重向零方向移动，从而防止权重过大。然而，对偏置的更新没有影响。  综上所述，参数的梯度更新公式为： $$ W_{t+1} = W_t + \alpha x(y - W_t x - b_t) - \alpha \lambda W_t $$ $$ b_{t+1} = b_t + \alpha (y - W_t x - b_t) $$  正则项对权重的更新有直接影响，会使得权重向零方向移动，从而防止权重过大。"
59,st_mtfc,formula_reasoning,90,1,1,1,No,推导过程可以更加简明，但未出现关键性错误,3,3,6,['H_n}'],"['sum_{i', '$$', 'H_n']","[FORMULA] P(E)= (3.6) [P(E|H;)P(H;)] i=1 式(3.6)称为全概率公式。  ... (文档跳转) ...  [VARIABLE] P(E|H)P(H?) P(HE)= (3.8) [P(E|H;)P(H,)」 j=1 式中,P(H1E)为在给定证据E的情况下,假","全概率公式 P(E) = Σ P(E|H_i)P(H_i) 的推导基于条件概率的定义和概率论中的基本原理。以下是推导步骤及逻辑解释：  1. **条件概率定义**：    条件概率 P(E|H_i) 表示在事件 H_i 发生的条件下，事件 E 发生的概率。根据条件概率的定义：    $$    P(E|H_i) = \frac{P(E \cap H_i)}{P(H_i)}    $$    其中，P(E ∩ H_i) 是事件 E 和事件 H_i 同时发生的概率，P(H_i) 是事件 H_i 发生的概率。  2. **全概率公式的基本思想**：    全概率公式的核心思想是将事件 E 的概率分解为在不同假设 H_i 下发生的概率的加权和。假设 H_1, H_2, ..., H_n 是一组互斥且完备的事件（即它们的并集为整个样本空间，且任意两个事件之间互不相交），则：    $$    P(E) = \sum_{i=1}^{n} P(E \cap H_i)    $$  3. **用条件概率表示**：    根据条件概率的定义，可以将 P(E ∩ H_i) 表示为 P(E|H_i)P(H_i)，因此：    $$    P(E) = \sum_{i=1}^{n} P(E|H_i)P(H_i)    $$  4. **逻辑解释**：    - **互斥且完备性**：假设事件 H_1, H_2, ..., H_n 是互斥且完备的，意味着它们的并集覆盖了所有可能的情况，且任意两个事件之间不会同时发生。    - **分解事件 E 的概率**：由于事件 E 可以在不同的 H_i 下发生，因此将事件 E 的概率分解为在每个 H_i 下发生的概率的加权和。    - **权重为先验概率**：每个条件概率 P(E|H_i) 的权重是事件 H_i 的先验概率 P(H_i)，表示事件 H_i 在所有可能情况下发生的可能性。  通过上述步骤，可以推导出全概率公式： $$ P(E) = \sum_{i=1}^{n} P(E|H_i)P(H_i) $$ 该公式表示事件 E 的概率可以分解为在不同假设 H_i 下发生的概率的加权和，权重为 H_i 的先验概率。"
60,st_mtfc,formula_reasoning,75,0,1,1,Suspected,部分公式推导不够详细,6,4,5,"['A', 'B', 'P']","['$ e $', '$$', '$ \\eta $', '$ \\Delta W = -\\eta \\frac{\\partial e}{\\partial W} $', '$ X_o $']","[VARIABLE] 习公式(6.8)可以表示为 (6.9) AW=-ndx·X 进一步推导,有 de=X÷(1-Xi)·2Wa°di+ (6.1O) 从上述过程可知,多层网络的训练方法是把一个样本加到输入层,并根据向前传播的规 则X=(V),不断一层一层地向输出层传递,最终在输出层可以得到输出X”",根据背景信息及问题描述，首先明确误差函数和权值更新公式的形式，并依据反向传播的数学原理进行推导。  误差函数为：   $$ e = \frac{1}{2}(Y_t - X_o)^2 $$   其中 $ Y_t $ 是期望输出，$ X_o $ 是输出层的实际输出。    权值更新公式为：   $$ \Delta W = -\eta \frac{\partial W}{\partial U} $$   其中 $ \eta $ 是学习率，$ W $ 是权值，$ U $ 是输入。  ### 推导步骤  1. **计算误差对输出的导数**      误差函数 $ e $ 关于输出层的实际输出 $ X_o $ 的导数为：      $$ \frac{\partial e}{\partial X_o} = \frac{\partial}{\partial X_o} \left( \frac{1}{2}(Y_t - X_o)^2 \right) = -(Y_t - X_o) $$  2. **计算输出对权值的导数**      假设输出层的激活函数为 $ X_o = f(U) $，其中 $ f $ 是激活函数。根据链式法则，误差函数对权值 $ W $ 的导数为：      $$ \frac{\partial e}{\partial W} = \frac{\partial e}{\partial X_o} \cdot \frac{\partial X_o}{\partial W} = -(Y_t - X_o) \cdot \frac{\partial f(U)}{\partial W} $$  3. **代入权值更新公式**      将上述导数代入权值更新公式中：      $$ \Delta W = -\eta \cdot \left( -(Y_t - X_o) \cdot \frac{\partial f(U)}{\partial W} \right) = \eta (Y_t - X_o) \cdot \frac{\partial f(U)}{\partial W} $$  ### 数学依据  - **误差对输出的导数**：通过直接对误差函数 $ e $ 求导，得到误差与实际输出之间的关系。 - **输出对权值的导数**：使用链式法则，将误差对权值的导数分解为误差对输出和输出对权值的导数的乘积。 - **权值更新公式**：根据梯度下降法的原理，权值更新的方向为误差的负梯度方向，即 $ \Delta W = -\eta \frac{\partial e}{\partial W} $。  ### 最终表达式  $$ \Delta W = \eta (Y_t - X_o) \cdot \frac{\partial f(U)}{\partial W} $$  其中，$ \eta $ 是学习率，$ Y_t $ 是期望输出，$ X_o $ 是输出层的实际输出，$ f(U) $ 是输出层的激活函数，$ W $ 是权值。
61,st_mtfc,formula_reasoning,50,1,0,1,Suspected,judge_parse_error,3,2,2,['Ua'],"['$ \\text{Bel}(a_1 \\cup a_2 \\cup a_3) $', 'a_2', '$ \\text{Bel}(a_1) $', '$$', '$ 1.08 $']","[FORMULA] 一个给定命题的支持度是这样定义的;传感器直接分配给该命题让据所对应的概率分配 直的和。这里传感器直接分配给孩命题的证据是指:孩命题及组成该命题的于命题的某些升 命题的集合,这些并命题是指被传感器赋予一定概率分配值的并命题。按照这个定义,某个 传感器判决目标类型为a,的支持度为 B",根据提供的背景信息和计算规则，目标类型属于 $ a_1 $ 或 $ a_2 $ 或 $ a_3 $ 的支持度 $ \text{Bel}(a_1 \cup a_2 \cup a_3) $ 和 $ a_1 $ 的似然度 $ \text{Pl}(a_1) $ 可以计算如下：  1. **支持度 $ \text{Bel}(a_1 \cup a_2 \cup a_3) $**：    根据定义，支持度是传感器直接分配给该命题及其组成命题的概率分配值之和。因此，我们有：    $$    \text{Bel}(a_1 \cup a_2 \cup a_3) = m(a_1) + m(a_2) + m(a_3) + m(a_1 \cup a_2) + m(a_1 \cup a_3) + m(a_2 \cup a_3) + m(a_1 \cup a_2 \cup a_3)    $$    代入给定的值：    $$    \text{Bel}(a_1 \cup a_2 \cup a_3) = 0.5 + 0.3 + 0.1 + 0.05 + 0.03 + 0.02 + 0.05 = 1.08    $$    但是，由于概率分配值的总和不能超过 1，所以这里可能存在数据错误或者需要进一步的归一化处理。不过，根据提供的计算规则，直接相加得到的结果是：    $$    \text{Bel}(a_1 \cup a_2 \cup a_3) = 1.08    $$  2. **似然度 $ \text{Pl}(a_1) $**：    似然度是所有没有分配给该命题的反命题的概率分配值之和。根据定义：    $$    \text{Pl}(a_1) = 1 - \text{Bel}(a_1)    $$    但是，由于 $ \text{Bel}(a_1) $ 没有直接给出，我们需要先计算 $ \text{Bel}(a_1) $。根据支持度的定义，$ \text{Bel}(a_1) $ 是传感器直接分配给 $ a_1 $ 的概率分配值之和。因此，我们有：    $$    \text{Bel}(a_1) = m(a_1)    $$    代入给定的值：    $$    \text{Bel}(a_1) = 0.5    $$    因此：    $$    \text{Pl}(a_1) = 1 - \text{Bel}(a_1) = 1 - 0.5 = 0.5    $$  最终答案： - 目标类型属于 $ a_1 $ 或 $ a_2 $ 或 $ a_3 $ 的支持度 $ \text{Bel}(a_1 \cup a_2 \cup a_3) $ 为 $ 1.08 $ - $ a_1 $ 的似然度 $ \text{Pl}(a_1) $ 为 $ 0.5 $
62,st_mtfc,formula_reasoning,50,1,0,0,Suspected,公式表达存在严重错误和不一致，与参考上下文中的公式不匹配；推导过程缺乏对关键步骤的正确解释，未能准确反映归一化因子K的定义和推导逻辑。,7,9,6,['Sxn'],"['O', '$$', 'C', 'R']","[FORMULA] 【章节: 4.4】 【⚠️ MTFC 块 (AnchorScore=1.8)】 这三种人体行为的图像表示,如图4.2所示。 a b) C) 图4.2 三种人体行为的图像表示 a)端坐 b)左顾右盼 c)理头 结合D-S证据理论,在设定的人体辨识框架2下,可以得到下面的信息融合模型",在推导归一化因子K的表达式时，首先需要结合公式(4.17)和(4.18)，并注意公式中的变量定义和逻辑关系。关键步骤如下：  1. **公式(4.17)的解析**      公式(4.17)为：    $$    X;(m?)Y;(m)Sx(ms)θ。(m。) (X4Y中S4θ)(m)= Kx;nymszngg=o    $$    这里的公式表述可能存在OCR识别错误，但从上下文可以推测其表达的含义是：通过将X、Y、S和θ四个特征的变化进行融合，得到一个整体的综合特征，其中K是归一化因子。归一化因子的定义在后续公式(4.18)中给出。  2. **归一化因子K的定义**      公式(4.18)为：    $$    K= \frac{X;(m;)Y;(m;)Sx(mg)6。(m。)}{x?nynSx∩6p≠a}    $$    这里K的定义形式是：将四个特征变化的乘积（X、Y、S和θ）作为分子，而分母是这些特征变化不为零的条件。需要注意的是，这里的公式可能存在OCR识别错误，但其逻辑含义是通过归一化操作消除特征变化的尺度影响，使概率分配具有可比性。  3. **关键步骤说明**      - **特征变化的乘积**：首先计算X、Y、S和θ这四个特征变化的乘积，作为分子部分。      - **分母的归一化条件**：分母是这四个特征变化不为零的条件，确保归一化因子不会被零值影响。      - **归一化因子的定义**：最终的归一化因子K通过将分子和分母的比值来实现，即：      $$      K= \frac{X;(m;)Y;(m;)Sx(mg)6。(m。)}{x?nynSx∩6p≠a}      $$  4. **结论**      通过公式(4.17)和(4.18)的结合，可以推导出归一化因子K的表达式。其关键步骤在于将四个特征变化的乘积作为分子，同时分母为这些特征变化不为零的条件，以确保归一化因子的数值合理且具有实际意义。
63,st_mtfc,formula_reasoning,85,1,1,1,No,未完全引用文档中的定义，但未产生实质错误,0,0,0,[],[],"[VARIABLE] 表4.1进一步解释了不确定区间这个概念。比如,如果不确定区间为[0,1]表示对命 题a,一无所知,因为证据没有去直接支持a,也没有去直接反驳a,这时似然度等于1,正 o5; 好等于不确定区间的宽度。  ... (文档跳转) ...  [FORMULA] 予了该命题的反命题,因此","根据提供的背景信息，当支持度和似然度为[0.25,1]时，不确定区间为[0, 0.75]。  推导过程如下： 1. 支持度是指支持该命题的传感器直接证据所对应的概率分配值的和，即为0.25。 2. 似然度是指支持该命题反命题的不是传感器直接证据所对应的概率分配值的和，即为1。 3. 不确定区间是支持度和似然度的差值，即为1 - 0.25 = 0.75。 4. 因此，不确定区间为[0, 0.75]。  所以，当支持度和似然度为[0.25,1]时，不确定区间为[0, 0.75]。"
64,st_mtfc,formula_reasoning,60,1,1,0,No,对不确定区间概念的理解存在偏差,3,3,3,[],[],"[FORMULA] 似然度也可以这样来计算,把和a,及与a,有关的并命题(包括识别框架0)的所有概 率分配值相加起来,即 (4.6) Pl(ai)=m(a)+m(aiUa)+⋯+m(@) 不确定区间定义为[Bel(a),Pl(ai)]这里显然有 Bel(ai)≤Pl(a?) (4.7) 图4.1直观","根据公式(4.6) Pl(ai)=m(a)+m(aiUa)+⋯+m(@)，将给定的数值代入计算可得：Pl(ai)=0.3+0.2+0.1=0.6。  这些值对应到不确定区间的上下界如下： - 下界Bel(ai)对应于m(a)的值，即0.3，表示命题ai发生的最小概率。 - 上界Pl(ai)对应于计算得到的0.6，表示命题ai发生的最大概率。 因此，不确定区间为[0.3, 0.6]，这表明对命题ai的支持度为0.3，似然度为0.6，不确定度为0.3。"
65,st_mtfc,formula_reasoning,90,1,1,1,No,未提及公式中α的具体作用,0,3,1,[],"['M', 'Ada', 'R', 'Prop', 'S']","[VARIABLE] AW,(t+1)=-ndi·Xi-1+aAW,(t) (6.12) 其中,η为学习率,即步长;α为权系数修正常数,一般取0.7~0.9。  ... (文档跳转) ...  [FORMULA] 10.2.5反向传播算法 反向传播算法于1975年由PaulWerbos提出,通过对网",是的，在公式(10.12)和(10.13)中，参数更新的计算逻辑与学习率α相关。具体而言，学习率α控制着权重和偏置项在梯度方向上的更新步长。  在深度神经网络的训练过程中，学习率α的作用是调节参数更新的幅度。如果学习率过大，参数更新可能会越过最优解，导致训练过程不稳定或无法收敛；如果学习率过小，参数更新会变得非常缓慢，导致训练时间增加甚至陷入局部极小值。  在训练深度神经网络时，平衡学习率α的取值通常有以下几种方法： 1. **固定学习率**：选择一个合适的学习率，并在整个训练过程中保持不变。但这种方法可能难以适应训练过程中参数变化的动态性。 2. **衰减学习率**：在训练过程中逐渐减小学习率。例如，可以使用指数衰减、线性衰减或基于训练轮数的衰减策略。这种方法可以减缓训练后期参数更新的速度，从而更精细地逼近最优解。 3. **自适应学习率**：采用自适应学习率的方法，如AdaGrad、RMSProp、Adam等，这些方法会根据参数的历史梯度信息动态调整每个参数的学习率，使学习率能够适应参数更新的动态需求，从而提高训练的效率和稳定性。 4. **学习率调度**：在训练过程中，根据某种策略（如验证集的性能）动态调整学习率的大小，例如在性能下降时减小学习率。  综上所述，合理的选择和调整学习率α对深度神经网络的训练效果至关重要，可以通过固定、衰减或自适应等策略来平衡学习率的取值。
66,st_mtfc,formula_reasoning,85,1,1,1,No,无,2,2,2,[],[],"[VARIABLE] 2.模糊集的运算 无论论域V有限还是无限,离散还是连续,Zadch用如下记号作为模糊集A的一般表示 形式:A=μ4(u)/u。  ... (文档跳转) ...  [EXPLANATION] 模糊集上的运算主要有包含、交、并、补。  ... (文档跳转) ...  [FORMUL","根据模糊数的λ-水平截集定义，模糊数A的λ-水平截集是一个区间[x,y]，其中x和y分别是模糊数A的下界和上界。为了计算区间端点x和y，我们需要使用模糊数的隶属函数μ_A(u)和λ-水平截集的定义。  首先，我们有模糊数的λ-水平截集的定义：  A^λ = {u ∈ U | μ_A(u) ≥ λ}  其中，λ ∈ [0,1]。  根据这个定义，我们可以将模糊数的λ-水平截集表示为一个区间[x,y]，其中：  x = inf{u ∈ U | μ_A(u) ≥ λ}  y = sup{u ∈ U | μ_A(u) ≥ λ}  为了计算x和y，我们需要找到满足μ_A(u) ≥ λ的最小和最大u值。  具体来说，我们可以通过以下步骤计算x和y：  1. 找到满足μ_A(u) ≥ λ的最小u值，记作x。 2. 找到满足μ_A(u) ≥ λ的最大u值，记作y。  因此，模糊数的λ-水平截集可以表示为[x,y]，其中x和y分别是满足μ_A(u) ≥ λ的最小和最大u值。  因此，模糊数A的λ-水平截集A=[x,y]的端点x和y的表达式为：  x = inf{u ∈ U | μ_A(u) ≥ λ}  y = sup{u ∈ U | μ_A(u) ≥ λ}  这就是模糊数的λ-水平截集的计算逻辑。"
67,st_mtfc,formula_reasoning,85,1,1,1,No,未明确提及条件概率的独立性,3,3,4,[],['H_j'],"[FORMULA] P(E)= (3.6) [P(E|H;)P(H;)] i=1 式(3.6)称为全概率公式。  ... (文档跳转) ...  [VARIABLE] P(E|H)P(H?) P(HE)= (3.8) [P(E|H;)P(H,)」 j=1 式中,P(H1E)为在给定证据E的情况下,假",全概率公式 P(E) = Σ P(E|H_i)P(H_i) 的推导中，保证各个条件概率 P(E|H_i) 的独立性和互斥性主要依赖于对 H_i 的划分。具体来说，H_i 是一个完备事件组，满足两个条件：互斥性和完备性。  1. **互斥性**：H_i 和 H_j（i ≠ j）之间是互斥的，即 H_i ∩ H_j = ∅。这意味着在同一个样本空间中，H_i 和 H_j 不能同时发生。这种互斥性保证了在计算 P(E) 时，各个条件概率 P(E|H_i) 不会因 H_i 和 H_j 的同时发生而重复计算。  2. **完备性**：H_i 覆盖了全部可能的情况，即 Σ P(H_i) = 1。这意味着对于任何事件 E，其发生的概率可以分解为各个 H_i 下发生概率的加权和。这种完备性保证了没有遗漏任何可能的条件，从而能够全面地计算 P(E)。  在推导全概率公式时，首先需要确保 H_i 是互斥且完备的事件组。这样，在计算 P(E) 时，可以通过将 E 分解为各个 H_i 下的条件概率 P(E|H_i) 的加权和来得到总的 P(E)。这种分解过程依赖于 H_i 的互斥性和完备性，确保了各个条件概率 P(E|H_i) 的独立性和互斥性。  总结来说，全概率公式的推导中，各个条件概率 P(E|H_i) 的独立性和互斥性是通过 H_i 的互斥性和完备性来保证的。这些条件确保了在计算总概率时，每个条件概率 P(E|H_i) 被正确地加总，而不会出现重复或遗漏的情况。
68,st_mtfc,formula_reasoning,85,1,1,1,No,部分公式表述不够严谨,3,5,3,[],"['$ X = W \\cdot \\text{输入} $', '$ e $', '$$', 'P', '$ \\eta $']","[FORMULA] C 6.2.2 BP神经网络算法的数学表达 BP神经网络算法的实质是求取误差函数的最小值问题,这种算法采用非线性规划中的 最速下降方法,按误差函数的负梯度方向修改权系数 首先,定义输出层的误差函数 (6.3) ( 2 其中,Y,是输出单元的期望输出值;X?是输出单元的实际输出值 ",为推导权系数的修正量与误差函数梯度之间的关系，首先需要明确误差函数和权值的关系。假设输出层的误差函数为： $$ e = \frac{1}{2}(Y - X)^2 $$ 其中，Y 是期望输出值，X 是实际输出值。同时，输出层的权系数为 $ W $，即 $ X = W \cdot \text{输入} $。  根据 BP 神经网络的数学表达，权系数的修正量 $ \Delta W $ 与误差函数的梯度之间存在关系。首先，求误差函数 $ e $ 关于权系数 $ W $ 的梯度： $$ \frac{\partial e}{\partial W} = \frac{\partial}{\partial W} \left( \frac{1}{2}(Y - X)^2 \right) $$ 利用链式法则，可得： $$ \frac{\partial e}{\partial W} = (Y - X) \cdot \frac{\partial}{\partial W}(X) $$ 假设 $ X = W \cdot \text{输入} $，那么： $$ \frac{\partial X}{\partial W} = \text{输入} $$ 因此： $$ \frac{\partial e}{\partial W} = (Y - X) \cdot \text{输入} $$ 根据 BP 神经网络的更新规则，权系数的修正量为误差函数梯度的负方向乘以学习率 $ \eta $： $$ \Delta W = -\eta \cdot \frac{\partial e}{\partial W} $$ 将上述梯度表达式代入，得到： $$ \Delta W = -\eta \cdot (Y - X) \cdot \text{输入} $$ 综上所述，权系数的修正量 $ \Delta W $ 与误差函数的梯度之间的关系为： $$ \Delta W = -\eta \cdot \frac{\partial e}{\partial W} $$ 其中，$ \frac{\partial e}{\partial W} $ 是误差函数 $ e $ 关于权系数 $ W $ 的梯度，$ \eta $ 是学习率。
69,st_mtfc,formula_reasoning,85,0,1,1,No,未提及反向传播的具体计算过程,0,4,0,[],"['$\\frac{\\partial e}{\\partial X} = -(Y - X)$', 'W', '$U$', '$X$', '$ \\frac{\\partial U}{\\partial W} = X$']","[FORMULA] C 6.2.2 BP神经网络算法的数学表达 BP神经网络算法的实质是求取误差函数的最小值问题,这种算法采用非线性规划中的 最速下降方法,按误差函数的负梯度方向修改权系数 首先,定义输出层的误差函数 (6.3) ( 2 其中,Y,是输出单元的期望输出值;X?是输出单元的实际输出值 ",根据教材片段中的公式推导，权值更新公式是通过误差函数的负梯度方向得到的。推导过程中涉及的关键步骤和数学原理如下：  1. **定义误差函数**：首先定义输出层的误差函数为 $e = \frac{1}{2}(Y - X)^2$，其中 $Y$ 是输出单元的期望输出值，$X$ 是输出单元的实际输出值。  2. **计算权值的梯度**：为了求得权值的梯度，需要对误差函数进行求导。根据链式法则，可以将误差函数对权值的导数分解为两部分：误差函数对输出层神经元的输出的导数和输出层神经元的输出对权值的导数。  3. **计算输出层神经元的输出对权值的导数**：输出层神经元的输出 $U$ 是由输入层的输出和权值的乘积得到的，即 $U = \sum W \cdot X$。对权值 $W$ 求导得到 $ \frac{\partial U}{\partial W} = X$。  4. **计算误差函数对输出的导数**：误差函数 $e = \frac{1}{2}(Y - X)^2$ 对输出 $X$ 的导数为 $\frac{\partial e}{\partial X} = -(Y - X)$。  5. **计算误差函数对权值的导数**：将上述两部分的结果相乘，得到误差函数对权值的导数为 $\frac{\partial e}{\partial W} = \frac{\partial e}{\partial X} \cdot \frac{\partial X}{\partial W} = -(Y - X) \cdot X$。  6. **权值更新公式**：根据梯度下降法，权值的更新方向是误差函数的负梯度方向。因此，权值的更新公式为 $ \Delta W = -\eta \cdot \frac{\partial e}{\partial W} $，其中 $\eta$ 是学习率。  7. **反向传播过程**：误差函数的求取是从输出层开始到输入层的反向传播过程，通过多次样本的训练，权值不断向误差减小的方向进行修正，最终达到消除误差的目的。  综上所述，权值的更新公式是通过误差函数的负梯度方向得到的，推导过程中涉及到链式法则和梯度下降法等数学原理。
70,st_mtfc,formula_reasoning,90,1,1,1,No,None,2,2,2,[],"['$$', 'b_{', 'W_{', '$ \\frac{\\partial J}{\\partial W} = 0.5 $', '$ W $']","[FORMULA] 10.2.5反向传播算法 反向传播算法于1975年由PaulWerbos提出,通过对网络中损失函数梯度的反向传播 解决神经网络中的权重更新问题。反向传播算法中的每次送代更新主要包含两个阶段;前向 信息传播与反向权重更新。假设网络要对m个样本1(x”,)2,进行训练,其中x表 示第",根据公式(10.12)和(10.13)，权重$ W $和偏置$ b $的更新公式分别为： $$ W_{\text{new}} = W - \alpha \frac{\partial J}{\partial W} $$ $$ b_{\text{new}} = b - \alpha \frac{\partial J}{\partial b} $$ 其中，$ \alpha $为学习率，$ \frac{\partial J}{\partial W} $和$ \frac{\partial J}{\partial b} $分别为损失函数对权重和偏置的梯度。  代入已知条件$ \alpha = 0.01 $，$ \frac{\partial J}{\partial W} = 0.5 $，$ \frac{\partial J}{\partial b} = 0.3 $，可得： $$ W_{\text{new}} = W - 0.01 \times 0.5 = W - 0.005 $$ $$ b_{\text{new}} = b - 0.01 \times 0.3 = b - 0.003 $$  因此，权重$ W $和偏置$ b $的更新值分别为： $$ W_{\text{new}} = W - 0.005 $$ $$ b_{\text{new}} = b - 0.003 $$
71,st_mtfc,formula_reasoning,75,0,1,0,No,未正确引用给定的公式和数据，错误地假设了m(a1Ua2)的值。,3,4,3,[],"['Dempster', 'Shafer']","[FORMULA] 似然度也可以这样来计算,把和a,及与a,有关的并命题(包括识别框架0)的所有概 率分配值相加起来,即 (4.6) Pl(ai)=m(a)+m(aiUa)+⋯+m(@) 不确定区间定义为[Bel(a),Pl(ai)]这里显然有 Bel(ai)≤Pl(a?) (4.7) 图4.1直观",根据Dempster-Shafer理论，支持度Bel和似然度Pl的计算方法如下：  1. **支持度Bel(a1Ua2)**： 支持度Bel(a1Ua2)是所有子集的mass值的总和，这些子集是a1Ua2的子集。 - m(a1) = 0.5 - m(a2) = 0.3 - m(a1Ua2) = m(a1) + m(a2) = 0.5 + 0.3 = 0.8  因此，支持度Bel(a1Ua2) = 0.8。  2. **似然度Pl(a1Ua2)**： 似然度Pl(a1Ua2)是所有包含a1Ua2的集合的mass值的总和，或者可以理解为1减去不包含a1Ua2的集合的mass值的总和。 - m(a3) = 0.2  因此，似然度Pl(a1Ua2) = 1 - m(a3) = 1 - 0.2 = 0.8。  **答案**： - 支持度Bel(a1Ua2) = 0.8 - 似然度Pl(a1Ua2) = 0.8
72,st_mtfc,formula_reasoning,40,1,0,0,No,公式不匹配且内容不忠实,2,6,2,[],"['X', 'Y', 'Sxn', 'Sx']","[FORMULA] 【章节: 4.4】 【⚠️ MTFC 块 (AnchorScore=1.8)】 这三种人体行为的图像表示,如图4.2所示。 a b) C) 图4.2 三种人体行为的图像表示 a)端坐 b)左顾右盼 c)理头 结合D-S证据理论,在设定的人体辨识框架2下,可以得到下面的信息融合模型",根据公式(4.18)，归一化因子K的计算逻辑如下：  K= [X;(m;)Y;(m;)Sx(mg)6。(m。)] / [X?nynSxn6p≠a]   这个公式表明，归一化因子K是四个证据体的特征值在不同时刻的乘积与这些特征值的交集的比值。在计算K时，首先需要将视频中的特征值进行时间域上的划分，将整个视频分为n个部分。然后，计算每个部分的四个证据体的特征值是否超出了设定的阈值，得到每个证据体在这个时间段上的概率分配函数。  接下来，对这四个证据体进行融合，得到三种坐姿的概率分配m(A)。这个过程是通过将四个证据体的特征值进行乘法运算，并将结果除以归一化因子K来实现的。这样得到的m(A)就是人体在特定时间段内的坐姿情况的概率分配。  因此，归一化因子K在四个证据体的融合过程中起到了重要的作用，它确保了融合后的概率分配m(A)是归一化的，即所有可能的坐姿的概率之和为1。通过这种方式，可以得到一个更准确和可靠的人体坐姿识别结果。
73,st_mtfc,formula_reasoning,85,1,1,1,No,未完全引用上下文中的解释,0,0,0,[],[],"[VARIABLE] 表4.1进一步解释了不确定区间这个概念。比如,如果不确定区间为[0,1]表示对命 题a,一无所知,因为证据没有去直接支持a,也没有去直接反驳a,这时似然度等于1,正 o5; 好等于不确定区间的宽度。  ... (文档跳转) ...  <STEM_LOGIC_UNIT> [EXP","当支持度和似然度为[0.25,1]时,不确定区间宽度为0.75。不确定区间宽度等于不确定区间的上限减去不确定区间的下限,即1-0.25=0.75。 计算逻辑为：不确定区间宽度=上限-下限。"
74,st_mtfc,formula_reasoning,70,1,1,1,No,对Pl(ai)和Bel(ai)关系的表述存在不严谨之处,3,3,3,[],[],"[FORMULA] 一个给定命题的支持度是这样定义的;传感器直接分配给该命题让据所对应的概率分配 直的和。这里传感器直接分配给孩命题的证据是指:孩命题及组成该命题的于命题的某些升 命题的集合,这些并命题是指被传感器赋予一定概率分配值的并命题。按照这个定义,某个 传感器判决目标类型为a,的支持度为 B",根据公式(4.6)，Pl(ai)的计算方法为将与命题ai及与ai有关的并命题（包括识别框架）的所有概率分配值相加起来。因此，Pl(ai)的计算公式为：  Pl(ai) = m(ai) + m(aiUa) + ... + m(@)  其中，m(ai)是直接分配给命题ai的概率分配值，m(aiUa)是分配给包含ai的并命题的概率分配值，以此类推，直到识别框架@的概率分配值。  Pl(ai)与Bel(ai)之间的关系可以通过公式(4.5)来表示：Pl(ai) = 1 - Bel(ai)。这个公式表明，Pl(ai)是Bel(ai)的补集，即Pl(ai)等于1减去Bel(ai)。这意味着，Pl(ai)代表了所有没有分配给命题ai的反命题的概率分配值的和，也就是证据中不支持命题ai的概率分配值的总和。因此，Pl(ai)和Bel(ai)共同构成了一个范围，即不确定区间，它涵盖了命题ai可能被支持的概率范围和不被支持的概率范围。  需要注意的是，公式(4.6)和公式(4.5)中的描述可能存在一定的不一致，因为公式(4.5)直接将Pl(ai)定义为1减去Bel(ai)，而公式(4.6)则描述了Pl(ai)的计算方法。因此，更准确的解释应该是根据公式(4.5)来计算Pl(ai)，即Pl(ai) = 1 - Bel(ai)。
75,st_mtfc,formula_reasoning,90,0,1,1,No,无,9,10,9,[],"['$$', '$ Y(k) $', '$ A $', '$ Q(k) $', 'Q']","[VARIABLE] X(t)=AX(t)+W(t) (2.1) (蒙(t)=HX(t)+V(t) 其中,A表示状态转移矩阵;日表示状态观测矩阵;W(4)表示状态噪声;V(1)表示噪声 根据卡尔曼滤波公式,则可以获得被跟踪目标的航迹状态估计值x。针对卡尔曼滤波这样有 确定性数学模型的跟踪滤波算法,计",卡尔曼增益 $ K(k) $ 的推导基于最小均方误差准则，其核心目标是通过引入观测信息来修正状态预测，以获得更精确的状态估计。具体推导过程如下：  1. **状态预测与协方差预测**      - 首先，根据状态转移矩阵 $ A $ 和前一时刻的状态估计 $ \hat{X}(k-1/k-1) $，计算当前时刻的状态预测值：        $$      \hat{X}(k/k-1) = A\hat{X}(k-1/k-1)      $$    - 同时，计算预测状态的误差协方差矩阵 $ P(k/k-1) $，即：        $$      P(k/k-1) = A P(k-1/k-1) A^T + Q(k)      $$      其中，$ Q(k) $ 是状态噪声的协方差矩阵。  2. **卡尔曼增益的计算**      - 卡尔曼增益 $ K(k) $ 的设计目标是将观测值 $ Y(k) $ 与预测状态 $ \hat{X}(k/k-1) $ 的偏差进行加权修正，以最小化状态估计的均方误差。其表达式为：        $$      K(k) = P(k/k-1) H^T [H P(k/k-1) H^T + R(k)]^{-1}      $$      其中：        - $ H $ 是观测矩阵，表示系统状态与观测值之间的关系；        - $ R(k) $ 是观测噪声的协方差矩阵。  3. **状态更新与误差协方差更新**      - 利用卡尔曼增益 $ K(k) $ 对状态预测进行修正，得到新的状态估计值：        $$      \hat{X}(k/k) = \hat{X}(k/k-1) + K(k) [Y(k) - H \hat{X}(k/k-1)]      $$    - 同时，更新误差协方差矩阵 $ P(k/k) $：        $$      P(k/k) = [I - K(k) H] P(k/k-1)      $$  **计算逻辑总结：**   卡尔曼增益 $ K(k) $ 的推导基于最小化状态估计误差的均方误差准则，其核心公式为 $ K(k) = P(k/k-1) H^T [H P(k/k-1) H^T + R(k)]^{-1} $。其中，$ P(k/k-1) $ 是预测状态的误差协方差矩阵，$ H $ 是观测矩阵，$ R(k) $ 是观测噪声的协方差矩阵。通过将观测值与预测状态的偏差进行加权修正，卡尔曼增益能够有效提升状态估计的精度。
76,st_mtfc,formula_reasoning,60,1,1,0,Suspected,未准确反映上下文中的概念和公式，错误地将预测和更新的协方差矩阵直接相加，而未说明其适用条件和意义。,3,2,2,['Cii'],"['C_{ii}', '$$', '$ P(k|k) $', 'P_h', '$ P_h(k|k) $']",[FORMULA] e(k/k-1)=X(k)-X(k/k-1) (2.7) 可以得到先验误差估计的协方差矩阵为 P(k/k-1)=E{e(k/k-1)e1(k/k-1)} (2.8) 假定卡尔曼滤波的后验估计如下式所示:  ... (文档跳转) ...  [FORMULA] X(k)=X(k/k-,根据公式(7.1O)：   $$ C_{ii}(k|k) = P(k|k) + P_h(k|k) $$    可以推导得到最终的协方差矩阵为：   $$ C_{ii}(k|k) = P(k|k) + P_h(k|k) $$    其中：   - $ P(k|k) $ 表示预测的协方差矩阵   - $ P_h(k|k) $ 表示更新的协方差矩阵    因此，通过将预测的协方差矩阵和更新的协方差矩阵相加，可以得到最终的协方差矩阵 $ C_{ii}(k|k) $。
77,st_mtfc,formula_reasoning,0,0,0,0,Suspected,待评测回答未提供任何实质性的内容，直接回答'不知道'，且未解释原因。,4,0,0,"['T', 'N', 'E', 'S']",[],"[VARIABLE] 从社会学的角度来看,式(8.1)的第一部分称为记忆项,表示上次速度大小和方间的 影响;式(8.1)第二部分称为自身认知项,是从当前点指问粒子目身最好点的一个向量, 表示粒子的动作来源于自己经验的部分;式(8.1)的第三部分称为群体认知项,是一个从 当前点指向种群最好点的向量,反",回答：不知道。  原因：背景信息中并未提及公式(8.23)，也没有关于残差协方差的计算逻辑及其数学原理的描述。因此，无法根据提供的背景信息回答该问题。
78,st_mtfc,formula_reasoning,80,1,1,1,No,未完全展开推导过程,3,4,3,[],"['T', '$$', '$e(k/k-1) = X(k) - \\hat{X}(k/k-1)$', '$P(k/k-1)$']","<STEM_LOGIC_UNIT> [VARIABLE] 系统噪声的协方差矩阵为 Q(k)=E{W(k)W1(k)} (2.3) 观测噪声的协方差矩阵为 R(k)=E{V(k)V(k)} (2.4) 卡尔曼滤波器就是在已知观测序列1Y(0),Y(1),⋯,Y(k)}的前提条件下,要求解 X(k)的估",根据背景信息，先验误差估计的协方差矩阵 $P(k/k-1)$ 的表达式是通过公式 (2.8) 定义的：   $$ P(k/k-1) = E\{e(k/k-1)e^T(k/k-1)\} $$   其中 $e(k/k-1) = X(k) - \hat{X}(k/k-1)$ 是先验误差估计。  由于背景信息未提供 $P(k/k-1)$ 的具体推导过程，仅给出了定义式 (2.8)，因此无法进一步推导出其表达式。    最终结论为：   $$ \boxed{P(k/k-1) = E\{e(k/k-1)e^T(k/k-1)\}} $$
79,st_mtfc,formula_reasoning,80,0,1,1,No,公式推导过程未完全展开,4,8,7,"['Hs', 'D', 'G']","['$ P(k|k-1) $', 'A', 'W', '$ Q(k) $', '$ X(k) $']","[VARIABLE] X(t)=AX(t)+W(t) (2.1) (蒙(t)=HX(t)+V(t) 其中,A表示状态转移矩阵;日表示状态观测矩阵;W(4)表示状态噪声;V(1)表示噪声 根据卡尔曼滤波公式,则可以获得被跟踪目标的航迹状态估计值x。针对卡尔曼滤波这样有 确定性数学模型的跟踪滤波算法,计",若已知状态转移矩阵 $ A(k) $ 和观测矩阵 $ H_s(k) $，为了推导出多传感器系统中融合观测值的最优估计公式，可以采用卡尔曼滤波的多传感器数据融合方法。具体计算逻辑如下：  1. **系统模型和观测模型**：    - 状态方程：$ X(k) = A(k)X(k-1) + W(k) $    - 观测方程：$ Z_s(k) = H_s(k)X(k) + V_s(k) $  2. **卡尔曼滤波算法**：    - 卡尔曼滤波算法用于估计系统状态 $ X(k) $，其基本步骤包括：      - **预测**：使用状态转移矩阵 $ A(k) $ 预测状态 $ X(k) $。      - **更新**：使用观测矩阵 $ H_s(k) $ 和观测值 $ Z_s(k) $ 更新状态估计。  3. **多传感器数据融合**：    - 多传感器数据融合的目标是将来自多个传感器的观测值进行融合，以得到更准确的状态估计。    - 融合方法包括加权平均法、序贯式融合滤波算法等。  4. **最优估计公式**：    - 根据卡尔曼滤波的理论，多传感器系统中融合观测值的最优估计公式可以表示为：      $$      \hat{X}(k) = A(k)\hat{X}(k-1) + K_s(k)\left(Z_s(k) - H_s(k)A(k)\hat{X}(k-1)\right)      $$    - 其中，$ K_s(k) $ 是卡尔曼增益矩阵，表示融合观测值的权重。  5. **卡尔曼增益矩阵计算**：    - 卡尔曼增益矩阵 $ K_s(k) $ 的计算公式为：      $$      K_s(k) = P(k|k-1)H_s^T(k)\left(H_s(k)P(k|k-1)H_s^T(k) + R_s(k)\right)^{-1}      $$    - 其中，$ P(k|k-1) $ 是预测误差协方差矩阵，$ R_s(k) $ 是观测噪声协方差矩阵。  6. **误差协方差矩阵更新**：    - 预测误差协方差矩阵 $ P(k|k-1) $ 的计算公式为：      $$      P(k|k-1) = A(k)P(k-1|k-1)A^T(k) + Q(k)      $$    - 更新后的误差协方差矩阵 $ P(k|k) $ 的计算公式为：      $$      P(k|k) = P(k|k-1) - K_s(k)H_s(k)P(k|k-1)      $$    - 其中，$ Q(k) $ 是状态噪声协方差矩阵。  综上所述，多传感器系统中融合观测值的最优估计公式为： $$ \hat{X}(k) = A(k)\hat{X}(k-1) + K_s(k)\left(Z_s(k) - H_s(k)A(k)\hat{X}(k-1)\right) $$ 其中，$ K_s(k) $ 是卡尔曼增益矩阵，表示融合观测值的权重。
80,st_mtfc,formula_reasoning,90,1,1,1,No,未详细解释卡尔曼增益的计算和误差协方差矩阵的更新,2,4,2,[],"['X', '$$', '$ Y(k) $', 'K', '$ H $']","[EXPLANATION] 2.3 多传感器数据融合中的卡尔曼滤波理论 2.3.1 卡尔曼滤波简介 针对传感器信息的跟踪滤波算法,大多数工程技术人员会选用卡尔曼滤波算法。卡尔曼 滤波算法是R.E.Kalman在1960年发表的一篇著名论文中所阐述的一种递归解算法。该算 法在解决离散数据的线性滤波问题",根据卡尔曼滤波的递推公式，状态估计更新公式为： $$ X(k) = X(k/k-1) + K(k)[Y(k) - HX(k/k-1)] $$  其中： - $ Y(k) $ 表示第 $ k $ 时刻的测量值（即传感器观测数据）。 - $ H $ 是观测矩阵，用于将系统状态向量映射到观测空间。其维度通常为 $ m \times n $，其中 $ m $ 是观测值的数量，$ n $ 是系统状态向量的维度。  因此： - $ Y(k) $ 是第 $ k $ 时刻的传感器测量值。 - $ H $ 是观测矩阵，用于将系统状态与观测值之间建立映射关系。
81,st_mtfc,formula_reasoning,80,1,1,1,No,未明确提到模型概率更新的具体公式,0,0,0,[],[],"[FORMULA] 【章节: 8.3】 【⚠️ MTFC 块 (AnchorScore=1.8)】 8.3.1 机动目标跟踪模型介绍 1。模型的建立 一般的机动目标跟踪问题可由非线性状态方程和非线性量测方程进行描述: (811) xk+1=fs-1(xg-1,my,ug) (8.2) Zk=hx(x","根据教材片段中的参数设定，目标的初始模型概率为 μ₀ = (0.6, 0.2, 0.2)，对应初始的三个运动模式：0m = 0°/s、0m = 3°/s、0m = -3°/s。初始运动模式概率分布为： - 对于无机动的模式（0m = 0°/s），概率为 0.6； - 对于顺时针转弯的模式（0m = 3°/s），概率为 0.2； - 对于逆时针转弯的模式（0m = -3°/s），概率为 0.2。  马尔可夫状态转移矩阵 π 的具体形式没有完全给出，但根据描述，它是一个描述模型间转换概率的矩阵。在目标跟踪过程中，马尔可夫状态转移矩阵 π 用于根据当前模型概率和状态转移概率计算下一时刻的模型概率。  具体而言，模型概率更新过程为： 1. 计算当前时刻的模型概率与状态转移概率的乘积，得到下一时刻的模型概率的先验值； 2. 将先验值与观测信息结合，计算得到下一时刻的模型概率的后验值。  根据马尔可夫链的特性，模型概率的更新是基于当前模型概率和状态转移概率的。如果当前模型是 i，下一时刻的模型可能为 j，则转移概率为 π_{ji}，即从 i 转移到 j 的概率。通过将当前模型的概率与对应的转移概率相乘，并对所有可能的模型进行归一化，可以得到下一时刻的模型概率。  因此，马尔可夫状态转移矩阵 π 是模型概率更新的关键，它描述了不同模型之间的转换关系，从而能够根据目标的实际运动情况动态调整模型概率，提高跟踪性能。"
82,st_mtfc,formula_reasoning,100,1,1,1,No,无,2,2,2,[],[],"[VARIABLE] 三者隶属度函数均选择三角形隶属度函数,隶属函数值如图5.4所示。将E、EC、U量 化,量化后的E、EC、U的隶属度函数表如表5.1所示。第一列表示各个语言值,第一行表 示具体的数值,其余即为各语言值在精确量上的隶属度。  ... (文档跳转) ...  [EXPLANATION","根据模糊集合论的基本原理，对于任意两个模糊集合A和B，它们的并集A∪B和交集A∩B的隶属度函数分别定义为： - 并集的隶属度函数为两集合隶属度函数的最大值，即μ_{A∪B}(x) = max(μ_A(x), μ_B(x))； - 交集的隶属度函数为两集合隶属度函数的最小值，即μ_{A∩B}(x) = min(μ_A(x), μ_B(x))。  题目中给出的集合A和B的隶属度函数分别为： - A(x) = exp(-|x|/α) - B(x) = exp(-|x|²/β)  因此，A∪B和A∩B的隶属度函数表达式分别为： - μ_{A∪B}(x) = max(exp(-|x|/α), exp(-|x|²/β)) - μ_{A∩B}(x) = min(exp(-|x|/α), exp(-|x|²/β))  计算逻辑如下： 1. 对于并集A∪B，取A和B的隶属度函数值中的较大者作为并集的隶属度函数值。这是因为并集的定义是至少属于其中一个集合的元素，所以其隶属度应为两个集合中较大的隶属度值。 2. 对于交集A∩B，取A和B的隶属度函数值中的较小者作为交集的隶属度函数值。这是因为交集的定义是同时属于两个集合的元素，所以其隶属度应为两个集合中较小的隶属度值。  需要注意的是，这里的计算逻辑是基于模糊集合论的定义，而不仅仅是普通的集合运算。在模糊集合中，隶属度函数值的范围是[0,1]，而不仅仅是{0,1}。因此，并集和交集的隶属度函数值也需要在[0,1]范围内进行计算。"
83,st_mtfc,formula_reasoning,80,1,1,1,No,未明确说明论域U的具体范围,1,3,1,[],"['Fa', 'U']","[VARIABLE] 2.模糊集的运算 无论论域V有限还是无限,离散还是连续,Zadch用如下记号作为模糊集A的一般表示 形式:A=μ4(u)/u。  ... (文档跳转) ...  <STEM_LOGIC_UNIT> [VARIABLE] 定义5.4(α-截集)F的α-截集定义为由下中录属度值大于","根据公式(5.7)和(5.8)，模糊数A的λ-水平截集A=[x,y]的推导逻辑如下：  首先，模糊数A的λ-水平截集定义为：A={u|u∈U且μA(u)≥λ}，其中λ为取值范围在(0,1]的参数。  根据公式(5.7)和(5.8)，强α-截集Fa+={u|u∈U且μA(u)>α}和弱α-截集Fa={u|u∈U且μA(u)≥α}。  因此，模糊数A的λ-水平截集A=[x,y]可以表示为弱α-截集Fa，即A={u|u∈U且μA(u)≥λ}。  接下来，需要找出满足μA(u)≥λ的u值范围。假设论域U为连续区间，且模糊数A的隶属度函数μA(u)是单调递增的，那么满足μA(u)≥λ的u值范围为[x,y]，其中x是满足μA(u)=λ的最小u值，y是满足μA(u)=λ的最大u值。  因此，模糊数A的λ-水平截集A=[x,y]可以表示为[x,y]，其中x和y是满足μA(u)=λ的最小和最大u值。"
84,st_mtfc,formula_reasoning,0,1,0,0,Suspected,待评测回答内容与参考上下文及标准答案完全不相关，主要讨论的是远程调用错误，而参考上下文和标准答案则涉及统计学和概率论中的残差似然函数推导。,4,3,2,"['R', 'S']","['Error', 'Call', 'Connection', 'Remote', 'H']","[FORMULA] 【章节: 3.2】 【⚠️ MTFC 块 (AnchorScore=1.8)】 对式(3.20)两边取对数,并结合式(3.17),可得 T(ai)三T(a强+m弧) (3.21) +logP(G) logP(G|D)= O工(ai+mg)=T(a疏) j 称式(3.21)为BD(","Remote Call Error: HTTPConnectionPool(host='ps2.tail07443e.ts.net', port=2640): Read timed out. (read timeout=60)"
85,st_mtfc,formula_reasoning,75,1,0,0,No,未能正确引用和解释公式中的参数以及评分函数的转变条件,4,4,5,[],[],"[FORMULA] 【章节: 3.2】 【⚠️ MTFC 块 (AnchorScore=1.8)】 给定数据集D,可以得出: πI(a碰+m张) 工(ag) P(D|G)= (3.2O) i=ij=iT(ag+mg)A=iT(am) 其中,m是数据集D中节点V为左状态且父节点状态组合为的样本数,m。",根据式(3.22)和式(3.23)以及背景信息的描述，BD评分转变为K2评分和BDeu评分的条件如下：  1. **K2评分的条件**：    - 当BD评分中的Dirichlet参数α满足α = 1时，BD评分会转变为K2评分。    - 推导过程：      - 在BD评分的公式中，Dirichlet参数α作为先验分布的一部分，影响参数估计的偏差。      - 当α = 1时，Dirichlet分布退化为均匀分布，这使得参数估计不再受到先验信息的影响，仅依赖于数据。      - 这种情况下，BD评分的公式会简化为K2评分的公式。具体地，K2评分的公式是将BD评分中的Dirichlet参数α替换为1，并对参数进行重新计算。这种替换和计算过程使得K2评分具有与BD评分相同的结构，但参数的估计方法更加简单和直接。  2. **BDeu评分的条件**：    - 当BD评分中的Dirichlet参数α满足α = 1且参数满足某种特定条件时，BD评分会转变为BDeu评分。    - 推导过程：      - 在BD评分的公式中，除了α的取值外，还存在一个参数，这个参数对参数的估计有影响。      - 当α = 1时，参数的估计会受到这个参数的影响。      - 在BDeu评分中，这个参数会满足某种特定的条件，使得参数的估计更符合数据的分布。      - 这种情况下，BD评分的公式会进一步简化为BDeu评分的公式。具体地，BDeu评分的公式是将BD评分中的Dirichlet参数α替换为1，并且参数满足特定条件，并对参数进行重新计算。这种替换和计算过程使得BDeu评分具有与BD评分相同的结构，但参数的估计方法更加复杂和精确。  综上所述，BD评分转变为K2评分和BDeu评分的条件分别是： - K2评分的条件是Dirichlet参数α = 1。 - BDeu评分的条件是Dirichlet参数α = 1且参数满足某种特定条件。
86,st_mtfc,formula_reasoning,0,1,0,0,Suspected,待评测回答完全偏离了参考上下文和标准答案的主题。参考上下文讨论的是Dempster合成规则和Zadeh悖论，而待评测回答仅提供了一个与之无关的错误信息。,5,2,0,"['Dempster', 'Bel', 'Pl', 'Zadeh', 'Paul']","['Error', 'P', 'Call', 'Connection', 'Remote']","[EXPLANATION] 此外,证据合成规则没有非常坚固的理论支持,其合理性和有效性还存在较大的争议。让孩 理论在计算上仔在看潜在的指数爆炸同题。zadeh曾经提出冠“zadeh俘论“,对让据埋论 的合成公式的合理性进行质疑。  ... (文档跳转) ...  [FORMULA] 【章节: 0.4","Remote Call Error: HTTPConnectionPool(host='ps2.tail07443e.ts.net', port=2640): Read timed out. (read timeout=60)"
87,st_mtfc,formula_reasoning,90,1,1,1,No,无,3,3,3,[],[],"<STEM_LOGIC_UNIT> [VARIABLE] C。在搜索评分过程中,其约束条件C要求搜索到的结构满足结构图中无环。这样,最优结 构G可以表示为 Gs=arg maxf(G,D) (3.14) 在基于搜索评分的结构学习中,给定训练数据D及一个可能的结构G、考虑如何去计算 其评分函数(G,D",根据贝叶斯公式，后验概率P(G|D)可以表示为： P(G|D) = P(D|G) * P(G) / P(D) 其中，P(D)是数据的边缘概率，与结构G无关，因此可以忽略。于是后验概率可以简化为： P(G|D) ∝ P(D|G) * P(G) 对两边取对数得到： logP(G|D) = logP(D|G) + logP(G) 因此，后验概率P(G|D)可以转化为仅与似然函数P(D|G)和先验概率P(G)相关的表达式。这个推导过程涉及到贝叶斯公式和对数运算。
88,st_mtfc,formula_reasoning,50,1,0,1,No,judge_parse_error,3,8,3,[],"['Dempster', 'K', 'Bn', 'O', 'Maryl']","[FORMULA] K=m?(B)·mz(C) B∩C≠ =m,(Peter)·m?(Peter)+m;(Paul)·mz(Paul)+m(Mary)·m?(Mary) =0.99×0+0.01×0.01+0×0.99 =O.OOO1 4O  ... (文档跳转) ...  [FORMULA] m?","根据背景信息中的公式及计算逻辑，可以得出m?({Mary})的值为0.00，并且这个值是通过特定的计算过程得到的。  首先，根据背景信息中的公式描述，m?({Mary})的计算公式为： m?({Mary}) = m?(B)·mz(C) KBnC={Maryl m,({Mary})·mz({Mary}) × 0.00 × 0.99 = 0.00 O.OOO1  从公式中可以看出，m?({Mary})的计算涉及到m?(B)和mz(C)的乘积，同时还需要考虑B和C的交集是否为{Mary}。根据公式中的描述，B和C的交集是{Mary}，因此，m?({Mary})的计算应该为m?(B)和mz(C)的乘积。  接下来，根据公式中的计算过程，m?(B)和mz(C)的值分别为0.00和0.99。将这两个值相乘，可以得到： m?({Mary}) = 0.00 × 0.99 = 0.00  因此，根据给定的公式和计算过程，m?({Mary})的值确实为0.00。  在解释计算逻辑时，需要注意的是，这里的计算过程可能涉及到一些特定的数学概念和方法，例如Dempster合成规则等。这些概念和方法可能需要更深入的理解和掌握才能正确应用。因此，在计算m?({Mary})的值时，需要确保所有的步骤和公式都是正确的，并且能够正确地反映实际情况。"
89,st_mtfc,formula_reasoning,40,1,1,0,No,逻辑推导错误,3,3,3,[],"['$$', '$P(E)$', '$P(H|E) = P(H)$']","[EXPLANATION] 第3章贝叶斯推理方法 贝叶斯推理方法是一种统计方法,在数据融合中属于统计融合算法,其理论基础是贝叶 斯法则。在给定证据的条件下,贝叶斯推理能提供一种计算条件概率(即后验概率)的方 法。贝叶斯网络是一种源自图形化的建模工具,它将有向无环图与概率理论相结合,用于不 确定性推理",首先，根据题目提供的信息，我们将公式进行如下定义： $$ P(EH) = P(E)P(H) \quad \text{(1)} $$ $$ P(HE) = P(E) \quad \text{(2)} $$  根据贝叶斯推理法则的推导公式： $$ P(H|E) = \frac{P(EH)}{P(E)} \quad \text{(3)} $$  将公式(1)和(2)代入公式(3)，我们得到： $$ P(H|E) = \frac{P(E)P(H)}{P(E)} $$  对公式中的 $P(E)$ 进行约分，我们得到： $$ P(H|E) = P(H) $$  所以，根据题目提供的公式和贝叶斯推理法则的推导公式，我们得出了 $P(H|E) = P(H)$ 的结论。
90,st_mtfc,formula_reasoning,85,0,1,1,No,没有明确说明如何绘制图形，但这是由于无法直接绘制图形,2,4,2,[],"['$$', '$ A(x) $', '$ A $', '$ A \\cap B(x) $', 'R']","[VARIABLE] 三者隶属度函数均选择三角形隶属度函数,隶属函数值如图5.4所示。将E、EC、U量 化,量化后的E、EC、U的隶属度函数表如表5.1所示。第一列表示各个语言值,第一行表 示具体的数值,其余即为各语言值在精确量上的隶属度。  ... (文档跳转) ...  [VARIABLE] A","在给定的全集 $ U = \mathbb{R} $ 上，集合 $ A $ 和 $ B $ 的隶属度函数分别为： $$ A(x) = \exp(-|x|) $$ $$ B(x) = \exp(-x^2) $$  对于模糊集合的并集 $ A \cup B $ 和交集 $ A \cap B $，其隶属度函数分别为： $$ A \cup B(x) = \max(A(x), B(x)) $$ $$ A \cap B(x) = \min(A(x), B(x)) $$  具体地： - **并集** $ A \cup B(x) $ 的隶属度函数为：   $$   A \cup B(x) = \max(\exp(-|x|), \exp(-x^2))   $$ - **交集** $ A \cap B(x) $ 的隶属度函数为：   $$   A \cap B(x) = \min(\exp(-|x|), \exp(-x^2))   $$  **图形说明**： 1. **并集 $ A \cup B(x) $** 的图形是 $ A(x) $ 和 $ B(x) $ 的最大值，因此在 $ A(x) $ 和 $ B(x) $ 的曲线上方的区域会是 $ A \cup B(x) $ 的值。 2. **交集 $ A \cap B(x) $** 的图形是 $ A(x) $ 和 $ B(x) $ 的最小值，因此在 $ A(x) $ 和 $ B(x) $ 曲线的下方区域会是 $ A \cap B(x) $ 的值。  由于具体绘图需要可视化工具，这里不提供图形，但可以通过上述函数表达式进行绘制。"
91,st_mtfc,formula_reasoning,85,1,1,1,Suspected,未提及λ的单调性,2,2,1,['L'],['U'],"[EXPLANATION] 模糊概念的外延是不明确的,其边界是不清晰的,因而相应的集合也是“模糊”的。  ... (文档跳转) ...  [VARIABLE] 2.模糊集的运算 无论论域V有限还是无限,离散还是连续,Zadch用如下记号作为模糊集A的一般表示 形式:A=μ4(u)/u。  ... (","对于模糊数A的λ-水平截集A=[x,y]，其长度表达式为：长度 = y - x。  该表达式表示模糊数A的λ-水平截集在论域U上的区间长度，即模糊数A在λ水平下的不确定性范围。长度越长，表示模糊数A的不确定性越大；长度越短，表示模糊数A的不确定性越小。"
92,st_mtfc,formula_reasoning,100,1,1,1,No,,3,3,3,[],[],"[FORMULA] (3.5) P(E)=P(EH,) 在式(3.3)中,用H,代替H,并对所有的j求和,有: [FORMULA] P(E)= (3.6) [P(E|H;)P(H;)] i=1 式(3.6)称为全概率公式。  ... (文档跳转) ...  [VARIABLE] P(E|H)P(H?",式(3.6)的全概率公式可以表示为P(E)=ΣP(E|H;)P(H;)，其中Σ表示对所有可能的假设H;求和。已知有三个可能的假设H1、H2和H3，它们的概率分别为P(H1)=0.2，P(H2)=0.5，P(H3)=0.3。并且已知P(E|H1)=0.7，P(E|H2)=0.4，P(E|H3)=0.6。 根据全概率公式，P(E)=P(E|H1)P(H1)+P(E|H2)P(H2)+P(E|H3)P(H3)。 代入数值计算： P(E)=0.7×0.2+0.4×0.5+0.6×0.3=0.14+0.2+0.18=0.52。 因此，P(E)的值为0.52。 计算过程的逻辑是：全概率公式将事件E发生的概率分解为各个假设H;下事件E发生的概率与对应的先验概率的乘积之和。这符合全概率公式的定义，即在各种假设事件H;都可能发生的情况下，出现E的概率和。
93,st_mtfc,formula_reasoning,60,0,0,1,No,公式使用错误,1,1,2,[],['e_k'],"<STEM_LOGIC_UNIT> [EXPLANATION] 将实际输出x”与期望输出Y相比较,如果两者不等,则产生误差信号e,接着则按如 下公式反向传播修改权系数: [FORMULA] AWg=2WgX (6.11) 可见,误差函数的求取是从输出层开始到输人层的反向传播过程,在这个过程中不断进 ",根据提供的公式和条件，权系数的修改量△W_k可表示为： △W_k = η * ∂e/∂W_k * e_k 将已知参数代入公式得到： △W_k = 0.1 * 2 * 0.5 = 0.1 计算逻辑是：首先根据误差信号e_k和学习率η得到误差信号的缩放系数，然后乘以误差函数e对权系数W的偏导数，最终得到权系数的修改量。这个过程体现了反向传播算法的基本原理，即通过误差信号的反向传播来调整神经网络的权系数，以最小化误差函数。
94,st_mtfc,formula_reasoning,70,1,1,1,Suspected,推导过程中的变量定义不清晰,6,5,4,"['Ut', 'E']",['Wg'],"<STEM_LOGIC_UNIT> [FORMULA] 【章节: 6.2】 【⚠️ MTFC 块 (AnchorScore=1.8)】 C 6.2.2 BP神经网络算法的数学表达 BP神经网络算法的实质是求取误差函数的最小值问题,这种算法采用非线性规划中的 最速下降方法,按误差函数的负梯度方向修改权",从式(6.6)和式(6.8)推导出式(6.7)的计算逻辑过程如下：  1. 由式(6.6)可得：  oWg = X * oU  其中，oU表示输出层神经元的输出对权值的导数，X表示输入层的输入。  2. 将式(6.6)代入式(6.8)中，得到：  AW = -η * oU * X  3. 由式(6.5)可得：  oU = e * oWg  其中，e表示输出层神经元的误差，oWg表示权值对输出的导数。  4. 将式(6.5)代入式(6.8)中，得到：  AW = -η * e * oWg * X  5. 由式(6.7)可得：  oWg = e * X  将式(6.7)代入式(4)中，得到：  AW = -η * e * (e * X) * X  化简后，得到：  AW = -η * e^2 * X^2  因此，式(6.7)的计算逻辑可以表示为：  oWg = e * X  其中，e表示输出层神经元的误差，X表示输入层的输入。
95,st_mtfc,formula_reasoning,85,1,1,1,No,部分术语表述不够严谨,5,7,5,[],"['$ HP(k/k-1)H^T $', '$$', '$ Y(k) $', '$ R(k) $', '$ Q(k) $']",[FORMULA] =E{[I-K(k)H]e(k/k-1)e'(k/k-1)[I-K(k)H]*}- (2.11) E{K(k)V(k)e'(k/k-1)[I-K(k)H]'}- E{[I-K(k)H3e(k/k-1)V1(k)K'(k)}+ E{K(k)V(k)V(k)K1(k)} 假设:随机信,卡尔曼增益 $ K(k) $ 的计算公式为： $$ K(k) = P(k/k-1)H^T[R(k) + HP(k/k-1)H^T]^{-1} $$ 其中，矩阵 $ R(k) $ 表示测量噪声的协方差矩阵，矩阵 $ Q(k) $ 表示过程噪声的协方差矩阵。  在计算卡尔曼增益时，需要将 $ R(k) $ 与 $ HP(k/k-1)H^T $ 相加，其原因如下：  1. **$ R(k) $ 的作用**：    $ R(k) $ 表示测量噪声的协方差矩阵，它描述了测量值 $ Y(k) $ 与真实值之间的偏差。在卡尔曼滤波中，$ R(k) $ 反映了测量噪声的强度和相关性，用于权衡测量值和预测值之间的信任程度。较大的 $ R(k) $ 表示测量噪声较大，此时卡尔曼增益会相应减小，以减少对测量值的依赖。  2. **$ HP(k/k-1)H^T $ 的作用**：    $ HP(k/k-1)H^T $ 是状态估计误差 $ P(k/k-1) $ 与观测矩阵 $ H $ 的乘积，描述了状态估计误差在观测空间中的投影。它反映了状态估计误差对测量值的贡献。  3. **相加的原因**：    在计算卡尔曼增益时，将 $ R(k) $ 与 $ HP(k/k-1)H^T $ 相加，是为了综合考虑测量噪声和状态估计误差在观测空间中的影响。具体来说：    - $ R(k) $ 表示测量噪声的协方差，代表了测量值的不确定性。    - $ HP(k/k-1)H^T $ 表示状态估计误差在观测空间中的协方差，代表了状态估计的不确定性对测量值的影响。     将两者相加后，可以得到一个更全面的观测噪声和状态估计误差的联合协方差矩阵，从而更好地确定卡尔曼增益的大小。卡尔曼增益 $ K(k) $ 的计算公式中的分母 $ R(k) + HP(k/k-1)H^T $ 是观测噪声和状态估计误差的联合协方差矩阵，用于权衡测量值和预测值之间的信任程度。  综上所述，$ R(k) $ 表示测量噪声的协方差矩阵，而 $ Q(k) $ 表示过程噪声的协方差矩阵。在计算卡尔曼增益时，将 $ R(k) $ 与 $ HP(k/k-1)H^T $ 相加是为了综合考虑测量噪声和状态估计误差在观测空间中的影响，从而得到一个更准确的卡尔曼增益。
96,st_mtfc,formula_reasoning,85,1,1,1,No,部分公式推导过程描述不够严谨,3,3,3,[],[],"[FORMULA] 一个给定命题的支持度是这样定义的;传感器直接分配给该命题让据所对应的概率分配 直的和。这里传感器直接分配给孩命题的证据是指:孩命题及组成该命题的于命题的某些升 命题的集合,这些并命题是指被传感器赋予一定概率分配值的并命题。按照这个定义,某个 传感器判决目标类型为a,的支持度为 B",根据背景信息和给定的公式，似然度Pl(a)的计算公式可以通过以下步骤推导：  首先，根据背景信息的定义，一个命题的似然度是所有没有分配给这个命题的反命题的概率分配值的和。也就是说，似然度等于所有能够支持该命题的概率分配值的和。  根据给定的公式，Bel(a) = m(a) 是支持度，而支持度和似然度之间存在互补关系，即Pl(a) = 1 - Bel(a)。但是，这里的Bel(a) 是指支持度，即传感器直接分配给该命题的证据所对应的概率分配值的和。  在给定的公式中，目标类型属于a或a2或a3的支持度为 Bel(aUa2Ua3) = m(a) + m(a2) + m(a3) + m(aUa2) + m(a1Ua3) + m(a2Ua3) + m(a1Ua2Ua3)。这表示的是所有可能的并集的概率分配值的和，即支持该命题的所有可能的并集的概率分配值的和。  因此，似然度Pl(a) 应该是所有没有分配给该命题的反命题的概率分配值的和。也就是说，Pl(a) 应该等于所有可能的并集的概率分配值的和，但不包括a、a2、a3的并集。  因此，Pl(a) 的计算公式为：  Pl(a) = 1 - Bel(aUa2Ua3)  其中，Bel(aUa2Ua3) 是支持度，即所有可能的并集的概率分配值的和。而Pl(a) 是似然度，即所有没有分配给该命题的反命题的概率分配值的和。  解释：似然度Pl(a) 表示的是证据支持该命题的可能性，即所有可能的并集的概率分配值的和。而支持度Bel(a) 表示的是证据直接支持该命题的概率分配值的和。因此，似然度和支持度之间存在互补关系，即Pl(a) = 1 - Bel(a)。
97,st_mtfc,formula_reasoning,40,1,0,0,Suspected,公式表达不准确且概念理解存在偏差,5,4,3,"['Sxn', 'Sx']",['S'],"[FORMULA] 【章节: 4.4】 【⚠️ MTFC 块 (AnchorScore=1.8)】 这三种人体行为的图像表示,如图4.2所示。 a b) C) 图4.2 三种人体行为的图像表示 a)端坐 b)左顾右盼 c)理头 结合D-S证据理论,在设定的人体辨识框架2下,可以得到下面的信息融合模型",根据公式(4.18)，归一化因子K的表达式为：   K = [X(m)Y(m)S(m)θ(m)] / [X(m)Y(m)S(m)θ(m)]   其中，分子是四个证据体在时间域上划分后的概率分配函数的乘积，分母是这些概率分配函数的交集。   在证据体融合中，归一化因子K的作用是将四个证据体的融合结果进行归一化处理，使得它们的总和为1，从而得到一个标准化的融合结果。
98,st_mtfc,formula_reasoning,80,1,1,1,No,未提及不确定区间的定义,0,0,0,[],[],"[VARIABLE] 表4.1进一步解释了不确定区间这个概念。比如,如果不确定区间为[0,1]表示对命 题a,一无所知,因为证据没有去直接支持a,也没有去直接反驳a,这时似然度等于1,正 o5; 好等于不确定区间的宽度。  ... (文档跳转) ...  <STEM_LOGIC_UNIT> [EXP","根据背景信息和相关公式推导： 当支持度和似然度为[0.25,1]时，不确定区间的宽度为1-0.25=0.75。因为不确定区间的宽度等于似然度减去支持度，所以不确定区间的宽度为1-0.25=0.75。"
99,st_mtfc,formula_reasoning,85,1,1,1,No,未明确提及似然度的定义和不确定区间的上下界关系,3,3,3,[],[],"[FORMULA] 似然度也可以这样来计算,把和a,及与a,有关的并命题(包括识别框架0)的所有概 率分配值相加起来,即 (4.6) Pl(ai)=m(a)+m(aiUa)+⋯+m(@) 不确定区间定义为[Bel(a),Pl(ai)]这里显然有 Bel(ai)≤Pl(a?) (4.7) 图4.1直观",Pl(ai)的值为m(a)+m(aiUa)+m(0)=0.3+0.2+0.1=0.6。Pl(ai)表示命题ai的似然度，即命题ai发生的所有可能情况的概率之和。根据公式(4.7)，当Bel(ai)=0.4时，Pl(ai)的值应该满足Bel(ai)≤Pl(ai)，即0.4≤Pl(ai)。
100,st_mtfc,formula_reasoning,50,1,False,0,Suspected,judge_parse_error,4.00,3,2,"['R', 'S']","['Error', 'Call', 'Connection', 'Remote', 'H']","[FORMULA] 似然度也可以这样来计算,把和a,及与a,有关的并命题(包括识别框架0)的所有概 率分配值相加起来,即 (4.6) Pl(ai)=m(a)+m(aiUa)+⋯+m(@) 不确定区间定义为[Bel(a),Pl(ai)]这里显然有 Bel(ai)≤Pl(a?) (4.7) 图4.1直观","Remote Call Error: HTTPConnectionPool(host='ps2.tail07443e.ts.net', port=2640): Read timed out. (read timeout=60)"
